author_id,id,created_at.x,lang,text,public_metrics.retweet_count,public_metrics.reply_count,public_metrics.like_count,public_metrics.quote_count,name,description,url,created_at.y,username,verified
1042837099597193217,1384744556407791616,2021-04-21T05:43:24.000Z,es,@karina_ol @siliconvalle @ComunesCL @danielstingo @gabrielboric @GiorgioJackson @renenaranjo @Mister_Wolf_0 @elfrente_amplio @jjcc_chile @KarolCariola wuauuuu increible ...,0,0,0,0,neo,"","",2018-09-20T18:05:14.000Z,NNeeoO_OoeeNN,FALSE
1065274532192243712,1384727106295304192,2021-04-21T04:34:03.000Z,es,@GiorgioJackson Tu opini√≥n vale callamps despu√©s q te pillaron donandote  plata a ti mismo .,0,0,0,0,andreslo,"","",2018-11-21T16:03:35.000Z,andresl29045075,FALSE
1077171677820346368,1384722439381426177,2021-04-21T04:15:31.000Z,es,@GiorgioJackson GUATON MECHERO,0,0,0,0,Alex Mansillaüá®üá±,"Experto en riesgos
Estudiante de Ing industrial.
Amante del GYM
Patriota.
FueraDeChileCOMUNISTAS... 
#RECH@ZO 
#REPUBLICANO
#PATRIOTA","",2018-12-24T11:58:35.000Z,Alex_Mansilla01,FALSE
1087571828405649408,1384718794128596994,2021-04-21T04:01:02.000Z,es,@elfrente_amplio @GiorgioJackson @marcelodiazd @gabrielboric @guillier ...son unos hijos de puta...se los digo con humor. https://t.co/xod9CZkFLW,0,0,0,0,Aburridow,Aburrido de tropa de personas que viven del pasado y no avanzan. Sobre todo de los weetas que quieren destruir CHILE #Yovotorechazo,"",2019-01-22T04:45:04.000Z,aburridow,FALSE
1147699284319645697,1384747722893373441,2021-04-21T05:55:59.000Z,es,"@elguerrerox2 @GiorgioJackson Aca desvelada, muchos necesitamos el 3er. retiro.",0,0,0,0,Constanza,Me gusta disfrutar de la playa. Espero encontrar amigos simp√°ticos en esta Red.,"",2019-07-07T02:50:07.000Z,Coni__Aguilar,FALSE
1185565489134800901,1384725391303221248,2021-04-21T04:27:14.000Z,es,"@GiorgioJackson POR LAS.CALLES DE SANTIAGO VEO .......
ADIOS SEBASTIAN ...ADIOS SEBASTIAN",0,0,0,0,cHarli,Tranquilidad,"",2019-10-19T14:37:13.000Z,char1234ch,FALSE
1186122365614411776,1384731536570867720,2021-04-21T04:51:40.000Z,es,@ElectriFelip @labeasanchez @GiorgioJackson Error tiene que ser en la casa de estos weones ahora https://t.co/PoyK3zMCHg,0,0,0,0,J_Hidalgo,Ingeniero en minas,"",2019-10-21T03:30:00.000Z,cambhack,FALSE
118650781,1384716166476832769,2021-04-21T03:50:35.000Z,es,@GiorgioJackson escud√°ndose o cumpliendo con no pasar por el aro la Constituci√≥n?,0,0,2,0,La Vale,"Madre de 2 bellas, RRPP, Colo-Colo. Mujer. Broker Owner en VBP Propiedades",https://t.co/QnHopV4Taa,2010-03-01T10:22:07.000Z,Valezka_Bravo,FALSE
119275557,1384723182800752641,2021-04-21T04:18:28.000Z,es,@GiorgioJackson @Marce_Sandoval_ Avanzar hacia el Paro Nacional,0,0,0,0,Raimundo Marchant Valderrama,"No soy un robot
‚ú∏
@raicesdelviento",https://t.co/OLvcWA5c9r,2010-03-03T04:47:27.000Z,raimarchant,FALSE
1194096548256333824,1384728580878385155,2021-04-21T04:39:55.000Z,und,@CHVNoticias @GiorgioJackson @marcoporchile @rodrigosepu @lavozdemaipu @ https://t.co/AJ1LhgQdhT,0,0,0,0,Marlen Milf,"","",2019-11-12T03:36:29.000Z,Marlen_347,FALSE
1226596961794625547,1384727316023152643,2021-04-21T04:34:53.000Z,es,@GiorgioJackson Ahoraüò§üò§ü§¨ü§¨no eres para NADA CONCECUENTE ü§°ü§°ü§°,0,0,0,0,Eduardo,"","",2020-02-09T20:01:33.000Z,FicaBaeza,FALSE
1237780633486864387,1384727895072026626,2021-04-21T04:37:11.000Z,es,"@GiorgioJackson Y quien eres t√∫, agrandado? Ganan millones SIN HACER NADA POR CHILE y vienes a criticar. Aprovechan cada desgracia para figurar, porque NADA tienen que ofrecer al pa√≠s. Qu√© risa.",0,0,0,0,Jes√∫s S√°nchez,"","",2020-03-11T16:41:27.000Z,JessSnc18021187,FALSE
1241911036472627202,1384736909444911105,2021-04-21T05:13:01.000Z,en,@GiorgioJackson Lacra,0,0,0,0,Informaci√≥nsocial,"Razonando en un mundo visceral.
Organizaci√≥n de Ciudadanos por el conocimiento sin ideolog√≠as de lucha.","",2020-03-23T02:14:27.000Z,Informacinsoci1,FALSE
1243756230973231105,1384717985311567873,2021-04-21T03:57:49.000Z,es,@GiorgioJackson Y a ustedes quien los acusa por avalar el terrorismo en la Araucan√≠a? En complicidad con Pi√±era que tampoco hace nada .,0,0,0,0,Conconina de coraz√≥n,"Soy muy amiga de mis amigas, solidaria y desapegada a lo material.","",2020-03-28T04:26:22.000Z,johanna86495150,FALSE
1244472101085622272,1384748353079099393,2021-04-21T05:58:29.000Z,es,"@GiorgioJackson Ya no tiene credibilidad la famosa acusaci√≥n, es mejor ponerse a trabajar! sobre todo dejando el idealismo d toda la pol√≠tica y logren pensar en Chile de forma unida. Por un lado se mandan cagadas y por el otro incitan al odio. Aq√≠ solo buscan ganancias electorales y es evidente.",0,0,0,0,Alexander Arcadio Fern√°ndez Mart√≠nez,‚Ä¢ Ing. en Adm. de Empresas - Unab ‚Ä¢ Futuro Ing. Comercial - Usach ‚Ä¢ Rom√°ntico viajero ‚Ä¢ Acuario,"",2020-03-30T03:51:19.000Z,aleeefernandezm,FALSE
1261863060479803394,1384733022595993600,2021-04-21T04:57:34.000Z,es,"@GiorgioJackson Lo dice el mentiroso que se auto dona, miente y no tiene idea de econom√≠a.  Ustedes son un lastre,  ninguna buena idea puras pelotudeces proponen",0,0,0,0,Fran Martinez,"Ingeniera en control de gesti√≥n
cuenta para cosas mas pol√≠ticas y actualidad en Chile
Me carga la prensa chilena
31 a√±os, apoyando la raz√≥n y la patria
#rechazo","",2020-05-17T03:36:24.000Z,TamaraFmu,FALSE
1313935797582811145,1384733523786059776,2021-04-21T04:59:33.000Z,es,@huinka2000 @GiorgioJackson M√°s adelante vamos a anhelar haber hecho eso hoy.,0,0,0,0,Auddio en GAB.COM,"CRISTIANO
PATRIOTA
LIBERTARIO/CONSERVADOR
Enemigo del marxismo y el pantano estatal","",2020-10-07T20:14:54.000Z,Auddio2,FALSE
1313935797582811145,1384733399550763014,2021-04-21T04:59:04.000Z,es,"@GiorgioJackson Tu objetivo es destruir para hacerte de las cenizas.
La destrucci√≥n est√° en tu ADN espiritual.
MARXISTA",0,0,0,0,Auddio en GAB.COM,"CRISTIANO
PATRIOTA
LIBERTARIO/CONSERVADOR
Enemigo del marxismo y el pantano estatal","",2020-10-07T20:14:54.000Z,Auddio2,FALSE
1320696157727789062,1384726171615694849,2021-04-21T04:30:20.000Z,es,"@GiorgioJackson Cuando has bajado de Vespucio, chanta",0,0,0,0,Igor Kis-Saulovecki,"","",2020-10-26T11:58:17.000Z,saulovecki,FALSE
132543290,1384729578166538241,2021-04-21T04:43:53.000Z,es,"@GiorgioJackson AC√Å NADA, NADA DE NADA ... QUE PENA, DEBES TENER UN ZUMBIDO üêù EN EL T√çMPANO, NO HAY IM√ÅGENES TAMPOCO",0,0,0,0,Sergio,"Commercial Engineer.Biker, Taekwondo Black Belt. All about Sports, Travels, Mining and Polymers","",2010-04-13T14:40:16.000Z,zaratek09,FALSE
1351198852301385741,1384726903748235269,2021-04-21T04:33:15.000Z,es,"@GiorgioJackson Desde el FA, la media wea po ü§£",0,0,0,0,El Otro C√≥rdova,"","",2021-01-18T16:04:56.000Z,ElOtroCordova,FALSE
1359291080680833028,1384717018872565763,2021-04-21T03:53:58.000Z,es,@Ceciliamemory @nervio95916001 @pushalacuestion @VillarroelNati @ncastilo @GiorgioJackson Y los CARAS de RAJA no PAGAN las CONTRIBUCIONES üò°üò°üò°üò°,0,0,2,0,GATO,.,"",2021-02-10T00:00:36.000Z,GATO46592719,FALSE
1367970702243069961,1384747580404416513,2021-04-21T05:55:25.000Z,und,@Atempoandrall @FrancisRobinson @GiorgioJackson https://t.co/Ftl1fsYGtW,0,0,0,0,Grifter „Ç¶„Çµ„ÇÆ,watsaaaa,"",2021-03-05T22:50:36.000Z,Grifter07544062,FALSE
1370861835080114180,1384743489569792000,2021-04-21T05:39:09.000Z,es,"@JaavieraMora @gabrielboric @camila_vallejo @KarolCariola @GiorgioJackson Jajajajajjaa
JA JA ja J A j a",0,0,0,0,NamelessKing,"Historiador de profesi√≥n y futuro dise√±ador gr√°fico.
(si, escog√≠ carreras mal remuneradas)
Soy El Que Soy, El Portador De Luz.","",2021-03-13T22:18:34.000Z,NamelessKingx,FALSE
1370861835080114180,1384742673085566979,2021-04-21T05:35:55.000Z,nl,"@JaavieraMora @gabrielboric @camila_vallejo @KarolCariola @GiorgioJackson Hahahahahahahah
JA. JA JA ja https://t.co/6cKAYcYgv2",0,1,0,0,NamelessKing,"Historiador de profesi√≥n y futuro dise√±ador gr√°fico.
(si, escog√≠ carreras mal remuneradas)
Soy El Que Soy, El Portador De Luz.","",2021-03-13T22:18:34.000Z,NamelessKingx,FALSE
1370861835080114180,1384742381094940673,2021-04-21T05:34:45.000Z,tl,"@JaavieraMora @gabrielboric @camila_vallejo @KarolCariola @GiorgioJackson Hahahahahahahahhahahahahahahahahahhahahahahahah
 JA",0,0,0,0,NamelessKing,"Historiador de profesi√≥n y futuro dise√±ador gr√°fico.
(si, escog√≠ carreras mal remuneradas)
Soy El Que Soy, El Portador De Luz.","",2021-03-13T22:18:34.000Z,NamelessKingx,FALSE
1370861835080114180,1384738240415084547,2021-04-21T05:18:18.000Z,es,"#estallido2021 recuerden qe @gabrielboric @camila_vallejo  @KarolCariola @GiorgioJackson son unas RATAS que dejaron atr√°s todas las promesas cuando eran dirigentes,y vendieron el culo por unos millones. NO SE DEJEN ENGA√ëAR AHORA QUE EST√ÅN CRITICANDO el engranaje del que son parte",0,2,4,1,NamelessKing,"Historiador de profesi√≥n y futuro dise√±ador gr√°fico.
(si, escog√≠ carreras mal remuneradas)
Soy El Que Soy, El Portador De Luz.","",2021-03-13T22:18:34.000Z,NamelessKingx,FALSE
1414562076,1384721625619238913,2021-04-21T04:12:17.000Z,es,"@GiorgioJackson Estimado @GiorgioJackson esto no ser√° posible?, la pregunta se la hice al sr. @marcoporchile  pero no logr√© captar su atenci√≥n. https://t.co/UMi3km6LNH",0,0,0,0,Blacksmith,APRUEBO,"",2013-05-09T04:35:42.000Z,Blacksmith2019,FALSE
1424550374,1384720019255406592,2021-04-21T04:05:54.000Z,es,@Ma_joseOyarzun @RDemocratica @LatorreJI @TeAmoValpo @Naty_campusano @AhoraNosotrasRD @FTerritoriosC @GiorgioJackson @SebaDepolo @EquipoJackson @Marce_Sandoval_ A los que se acostumbran a los bonos son unos in√∫tiles o ser convierten en eso . Hay que trabajar para vivir como uno quiere . Saludos desde Venezuela sra Mar√≠a . Los bonos son miseria,0,0,0,0,Calimero Cascaroso ‚Ñ¢,"Gracias gracias gracias Dios todo poderoso , siempre de tu mano mis seres queridos y yo .
üëºüëºüëºüëºüëºüôèüôèüôèüôèüôè","",2013-05-13T03:31:46.000Z,Cartondehuevos,FALSE
1512164712,1384719105425649665,2021-04-21T04:02:16.000Z,es,@GiorgioJackson Voh' par√°sito violas los ddhh de los mas pobres.,0,0,1,0,Felipe Hidalgo,"PATRIOTA Y REPUBLICANOüá®üá±üá®üá± Siempre por la derecha, creo en la capacidades de las personas a llegar donde sus sue√±os la lleven, no al c√°ncer Comunista","",2013-06-13T02:25:54.000Z,HernnHidalgo,FALSE
1534452188,1384719064338214913,2021-04-21T04:02:06.000Z,es,"@GiorgioJackson Estimado nadie le cree, una vez m√°s descalificando. Me imagino que te han dicho de todo, pero realmente eres inepto hasta en tus comentarios. Una vez Bomvallet te lo dijo ‚Äúmentiroso‚Äù todav√≠a donas la mitad de tu sueldo? te acuerdas? #NoAlComunismo",0,0,0,0,Juan Esteban Poblete Valderrama,Tengo esperanza de un pa√≠s y un mundo mejor para todos.,"",2013-06-20T17:12:20.000Z,jpobletv,FALSE
155100975,1384739787953815555,2021-04-21T05:24:27.000Z,es,"@GiorgioJackson Pero eso no es responder a la ciudadan√≠a, es un tema entre pol√≠ticos. Responder ser√≠a que otros ganen la pr√≥xima presidencial",0,0,0,0,Andr√©s Meyer,"Emprendedor, Sionista y de la U... que mas?","",2010-06-13T03:41:00.000Z,ameyerk,FALSE
157128883,1384732080081448960,2021-04-21T04:53:49.000Z,es,"@GiorgioJackson Por esto, porque es ordenado, claro, se remite a los hechos, explica en simple y es consistente es que valoro tanto el liderazgo del diputado.",1,0,8,0,Ignacio Iriarte,"Periodista porfiado, interesado en asociatividad. El exceso de certezas me parecen sospechosas. Contumaz.","",2010-06-18T23:17:33.000Z,IgnacioIriarte,FALSE
164731794,1384717694382100482,2021-04-21T03:56:39.000Z,es,"@GiorgioJackson Y vamos nuevamente a hacer boludeces a destajo!! Pero qu√© m√°quina de decir tonteras eres Giorgio!! Cada d√≠a te superas a ti mismo!! Eres un s√∫per boludo mundial, que digo mundial, universal!!!",0,0,0,0,Maffito,üíöüíöüíöüíö,https://t.co/67nKeYtWgZ,2010-07-09T16:19:53.000Z,maffito,FALSE
174369910,1384717412063490050,2021-04-21T03:55:32.000Z,es,@GiorgioJackson Tropa de wn inutles! Solo saben restar y remar en contra con demagogia y mentiras!!!,0,0,0,0,Libertario #yovotorechazo!,"","",2010-08-03T19:29:04.000Z,pazchile2019,FALSE
176264313,1384734609888382977,2021-04-21T05:03:52.000Z,es,"@LaperGris @GiorgioJackson @matthiue No hay plata quiz√°s, siempre fue una estafa para piramidal",0,0,0,0,Diego_Viajero üëΩ ‚úä,"100% humanista
Apasionao 
Cuequero de coraz√≥n
Amor y respeto a los buenos Musicos 
Encantado de la diversidad.
Contador p√∫blico y auditor de profesi√≥n","",2010-08-09T01:53:17.000Z,DiegoMunoz1105,FALSE
193356588,1384730628877389824,2021-04-21T04:48:03.000Z,und,@GiorgioJackson,0,0,0,0,Hugo Cruz,"","",2010-09-21T16:35:10.000Z,malas_companias,FALSE
202032547,1384720578586759169,2021-04-21T04:08:07.000Z,es,@LuisEMartinezD1 @GiorgioJackson @gabrielboric El acuerdo de noviembre es nada... es otro acuerdo por debajo. Por eso no has visto a nadie hablar de juicios pol√≠ticos o civiles...,0,0,0,0,Macphisto,"Mis opiniones vertidas en esta red social, no reflejan necesariamente la semejanza de tus opiniones. Cualquier semejanza... da igual. VIVA CHILE.","",2010-10-13T04:28:33.000Z,javierignacio2,FALSE
20594284,1384745998422061056,2021-04-21T05:49:08.000Z,en,@fernand74419438 @GiorgioJackson Doy fe,0,0,0,0,jschaulsohn,"Lawyer, interested in politics   reader of fiction & historical novels, home is Stgo Chile/ combatiendo el victimismo, la demagogia y las fake news",https://t.co/n5KkQa9FUL,2009-02-11T14:52:36.000Z,jschaulsohn,FALSE
214114840,1384717093657055233,2021-04-21T03:54:16.000Z,es,"@GiorgioJackson Lo que hace es que se respete la constituci√≥n algo que nuestro diputados no saben hacer. Adem√°s, si no va al TC tienen un fundamento para una acusaci√≥n constitucional",0,0,0,0,Max,"","",2010-11-10T16:12:27.000Z,mgallardos,FALSE
2203436443,1384738558741786624,2021-04-21T05:19:34.000Z,es,"@GiorgioJackson Ya patronato, providencia queda en patronato ?",0,0,0,0,tatiana garcia tiska,de vi√±a del mar  esposa y mam√° de centro derecha,"",2013-11-19T17:06:53.000Z,waleskatiska,FALSE
2288428337,1384720352413200385,2021-04-21T04:07:13.000Z,es,@GiorgioJackson üí© con patas,0,0,0,0,El Coronel 22% üá±üáßüá®üá±üá±üáß,"#PATRIOTA Ing. Comercial, 75 % dedicado a las crisis econ√≥micas. Valoro la lealtad y el trabajo bien hecho.","",2014-01-17T18:03:28.000Z,R_ALID,FALSE
233355724,1384719451900321792,2021-04-21T04:03:38.000Z,es,"@GiorgioJackson @MarianaLaActriz Puro circo USD. Como quieren mejorar una constituci√≥n que uds mismos no respetan?
Pretendiendo quitarle una facultad presidencial basada en nuestra constitucion. No estoy de acuerdo con el brazos cortos pero uds son iguales o peores!!!",0,0,0,0,pablo medina soto,"","",2011-01-03T01:09:53.000Z,pmedina23,FALSE
2355423662,1384728341408796672,2021-04-21T04:38:58.000Z,es,"@GiorgioJackson Giorgio: Qu√© hace por Patronato? Se le ech√≥ a perder el Waze mijito? O anda transando con Jadue como cagarse a Boric? D√©jelo, si es tontito, se caga solo",0,0,0,0,Nicol√°s Bibiloni Morrison,Hater,"",2014-02-21T22:43:42.000Z,n_bibilonim80,FALSE
2459658551,1384721887234772995,2021-04-21T04:13:19.000Z,es,@GiorgioJackson ü§£ü§£ü§£ü§£ la √∫nica wea que saben hacer .,0,0,0,0,Dani üá®üá±,"Siempre por la derecha,
anticomunista forever
üíöüíöüíöüíö no respondo al zurferio nefasto.","",2014-04-04T10:37:09.000Z,daniella_40,FALSE
249977615,1384724563179802626,2021-04-21T04:23:57.000Z,es,"@GiorgioJackson debieron hacerlo hace rato, pero prefirieron pactar...",0,0,0,0,La Impopular,"Pas√© de la pena, a la rabia, ya no tengo miedo. El criminal NO es mi presidente.","",2011-02-10T04:42:50.000Z,realitacero,FALSE
255796710,1384734197470928898,2021-04-21T05:02:14.000Z,es,"@GiorgioJackson Va , no su fue a Inglaterra Ud compa√±ero",0,0,0,0,Claudio,Chileno de Coraz√≥n,"",2011-02-22T02:14:33.000Z,clau2dios,FALSE
2726425207,1384723304251109376,2021-04-21T04:18:57.000Z,es,@GiorgioJackson Dejate de mentir y de vender la pomada los compatriotas ya no te creen dedicate a su ingereria y nunca mas a politica porfavor .,0,0,0,0,kitty liniaa countryhumans fans,Holi me pueden seguir har√© nuevos dibujos y videos si llegamos a 1000. Seguidores y saldr√°n en un video mio uwu bueno adiosito los quiero mis bebes ‚ù§Ô∏è,"",2014-08-12T14:31:05.000Z,azulleonantofag,FALSE
274787301,1384720786871705600,2021-04-21T04:08:57.000Z,es,@GiorgioJackson En antofa tu llamado no prendi√≥....,0,0,0,0,Renacimiento,"","",2011-03-31T01:18:41.000Z,ELMISMOKUFO,FALSE
277155434,1384741138741989382,2021-04-21T05:29:49.000Z,es,"@BlameyEvy @Gabhiitota @elhijodelteto @karina_ol @siliconvalle @ComunesCL @danielstingo @gabrielboric @GiorgioJackson @renenaranjo @Mister_Wolf_0 @elfrente_amplio @jjcc_chile @KarolCariola La industria se aprovecha del contratista ya que, se fija un precio, quien toma ese riesgo es √©l y, si no cumple, la empresa mandante se busca a otro y chao. El costo de edificaci√≥n seguir√° siendo el mismo teniendo A, B o C contratista.",0,0,0,0,–°–µ–±–∞—Å—Ç—å—è–Ω,"Sebasti√°n.
San Miguel Stgo CL Represent!","",2011-04-04T20:18:24.000Z,SJARG,FALSE
277155434,1384740407884591104,2021-04-21T05:26:55.000Z,es,@BlameyEvy @Gabhiitota @elhijodelteto @karina_ol @siliconvalle @ComunesCL @danielstingo @gabrielboric @GiorgioJackson @renenaranjo @Mister_Wolf_0 @elfrente_amplio @jjcc_chile @KarolCariola Es por eso que la ley de subcontrataci√≥n debe ser modificada para que ese trabajador tenga un contrato como corresponde. El problema es que eso encarece a√∫n m√°s la mano de obra y la evaluaci√≥n del proyecto es econ√≥micamente inviable ya que el costo de edificaci√≥n ser√≠a alt√≠simo.,0,1,0,0,–°–µ–±–∞—Å—Ç—å—è–Ω,"Sebasti√°n.
San Miguel Stgo CL Represent!","",2011-04-04T20:18:24.000Z,SJARG,FALSE
277155434,1384733599434432512,2021-04-21T04:59:51.000Z,es,@BlameyEvy @Gabhiitota @elhijodelteto @karina_ol @siliconvalle @ComunesCL @danielstingo @gabrielboric @GiorgioJackson @renenaranjo @Mister_Wolf_0 @elfrente_amplio @jjcc_chile @KarolCariola Ejemplo de enfierrador. Gana $250 pesos el Kg de fierro instalado. Completa un sueldo de $850.000 aprox. Imponen por el m√≠nimo. $500.000 que no tributan.,0,2,0,0,–°–µ–±–∞—Å—Ç—å—è–Ω,"Sebasti√°n.
San Miguel Stgo CL Represent!","",2011-04-04T20:18:24.000Z,SJARG,FALSE
277155434,1384723129633808385,2021-04-21T04:18:15.000Z,es,"@BlameyEvy @Gabhiitota @elhijodelteto @karina_ol @siliconvalle @ComunesCL @danielstingo @gabrielboric @GiorgioJackson @renenaranjo @Mister_Wolf_0 @elfrente_amplio @jjcc_chile @KarolCariola Es m√°s, en la gran empresa constructora, se tienen que cumplir todos los derechos del trabajador tanto de la casa como contratista ya que, por temas de direcci√≥n del trabajo, √©sto debe ser ecu√°nime ya que no se acepta un contratista demandado ante la direcci√≥n del trabajo, por ej",0,0,0,0,–°–µ–±–∞—Å—Ç—å—è–Ω,"Sebasti√°n.
San Miguel Stgo CL Represent!","",2011-04-04T20:18:24.000Z,SJARG,FALSE
277155434,1384732208485658633,2021-04-21T04:54:20.000Z,es,"@BlameyEvy @Gabhiitota @elhijodelteto @karina_ol @siliconvalle @ComunesCL @danielstingo @gabrielboric @GiorgioJackson @renenaranjo @Mister_Wolf_0 @elfrente_amplio @jjcc_chile @KarolCariola No se√±or, la bonificaci√≥n no es un ""haber imponible"". Ej. Un ceramista, en obra gana $3.000 m/2 aprox. Al mes hace 270 m/2 llegando aprox a los 800 mil. Su imposici√≥n en su liquidaci√≥n es por el m√≠nimo de eso el 19% ya que ese es su haber imponible. $450.000 restant no imponen.",0,1,0,0,–°–µ–±–∞—Å—Ç—å—è–Ω,"Sebasti√°n.
San Miguel Stgo CL Represent!","",2011-04-04T20:18:24.000Z,SJARG,FALSE
277155434,1384737798394109954,2021-04-21T05:16:32.000Z,es,"@BlameyEvy @Gabhiitota @elhijodelteto @karina_ol @siliconvalle @ComunesCL @danielstingo @gabrielboric @GiorgioJackson @renenaranjo @Mister_Wolf_0 @elfrente_amplio @jjcc_chile @KarolCariola Eso se cumple s√≠ s√≥lo s√≠, el contrato es bajo una remuneraci√≥n fija mensual. Que, no aplica para enfierradores, carpinenteros de moldaje, ceramistas, yeseros, alba√±il de maquillaje de muros y fachadas, instalaci√≥n de sistema EIFS, entre otros.",0,0,0,0,–°–µ–±–∞—Å—Ç—å—è–Ω,"Sebasti√°n.
San Miguel Stgo CL Represent!","",2011-04-04T20:18:24.000Z,SJARG,FALSE
277155434,1384722362713755649,2021-04-21T04:15:12.000Z,es,"@BlameyEvy @Gabhiitota @elhijodelteto @karina_ol @siliconvalle @ComunesCL @danielstingo @gabrielboric @GiorgioJackson @renenaranjo @Mister_Wolf_0 @elfrente_amplio @jjcc_chile @KarolCariola En cambio el maestro de la ""casa"" con un contrato con suelto fijo y no a trato, se le impone el proporcional de su sueldo. Hoy perfectamente puede estar dentro del bono sin inconveniente. 
Creo que tiene una mala percepci√≥n de qui√©n verdaderamente respeta los derechos del obrero",0,2,0,0,–°–µ–±–∞—Å—Ç—å—è–Ω,"Sebasti√°n.
San Miguel Stgo CL Represent!","",2011-04-04T20:18:24.000Z,SJARG,FALSE
277155434,1384736604145729536,2021-04-21T05:11:48.000Z,es,"@BlameyEvy @Gabhiitota @elhijodelteto @karina_ol @siliconvalle @ComunesCL @danielstingo @gabrielboric @GiorgioJackson @renenaranjo @Mister_Wolf_0 @elfrente_amplio @jjcc_chile @KarolCariola Esa condici√≥n se cumple faenas asociadas a rendimientos por M2 y por Kg principalmente. 
En gasfiteria y electricidad los contratos son normales en el caso de que sea empresa externa.",0,0,0,0,–°–µ–±–∞—Å—Ç—å—è–Ω,"Sebasti√°n.
San Miguel Stgo CL Represent!","",2011-04-04T20:18:24.000Z,SJARG,FALSE
277155434,1384734649595875329,2021-04-21T05:04:02.000Z,es,"@BlameyEvy @Gabhiitota @elhijodelteto @karina_ol @siliconvalle @ComunesCL @danielstingo @gabrielboric @GiorgioJackson @renenaranjo @Mister_Wolf_0 @elfrente_amplio @jjcc_chile @KarolCariola Un maestro de primera contratado por la casa, gana $700.000 l√≠quidos. Por lo que su sueldo bruto es de $700.000 + 19% en donde su sueldo bruto es $833.000 y sus imposiciones son pagadas de acuerdo a ese monto y no al m√≠nimo. 

Es por eso que la ley de subcontrataci√≥n est√° mal.",0,1,0,0,–°–µ–±–∞—Å—Ç—å—è–Ω,"Sebasti√°n.
San Miguel Stgo CL Represent!","",2011-04-04T20:18:24.000Z,SJARG,FALSE
277155434,1384733051528351744,2021-04-21T04:57:41.000Z,es,"@BlameyEvy @Gabhiitota @elhijodelteto @karina_ol @siliconvalle @ComunesCL @danielstingo @gabrielboric @GiorgioJackson @renenaranjo @Mister_Wolf_0 @elfrente_amplio @jjcc_chile @KarolCariola Mismo caso para un carpintero de moldaje. Remuneraci√≥n fija mensual $1.200.000. Impone por el m√≠nimo. 
De $350.000 se saca el 19% de salud, AFP y AFC. Los restantes $850.000 son para el bolsillo, pero no es un haber imponible.",0,1,0,0,–°–µ–±–∞—Å—Ç—å—è–Ω,"Sebasti√°n.
San Miguel Stgo CL Represent!","",2011-04-04T20:18:24.000Z,SJARG,FALSE
277155434,1384735860558548993,2021-04-21T05:08:50.000Z,es,"@BlameyEvy @Gabhiitota @elhijodelteto @karina_ol @siliconvalle @ComunesCL @danielstingo @gabrielboric @GiorgioJackson @renenaranjo @Mister_Wolf_0 @elfrente_amplio @jjcc_chile @KarolCariola Y, la bonificaci√≥n tiene un tope; es por eso que se le llama ""trato"" por que se llega un acuerdo de palabra entre el trabajador y el contratista. 
Le hacen un contrato por el m√≠nimo pero, en la interna completan el sueldo ""por debajo"". 
""haber no imponible"".",0,1,0,0,–°–µ–±–∞—Å—Ç—å—è–Ω,"Sebasti√°n.
San Miguel Stgo CL Represent!","",2011-04-04T20:18:24.000Z,SJARG,FALSE
277155434,1384720291121844226,2021-04-21T04:06:58.000Z,es,"@BlameyEvy @Gabhiitota @elhijodelteto @karina_ol @siliconvalle @ComunesCL @danielstingo @gabrielboric @GiorgioJackson @renenaranjo @Mister_Wolf_0 @elfrente_amplio @jjcc_chile @KarolCariola Tiene raz√≥n, sin embargo recuerde q bajo √©sa modalidad, se impone por el m√≠nimo y se completa la remuneraci√≥n mediante el ""trato"".
Hoy ese maestro quiz√° no tenga pega y va al bono y no aplica por q impuso por el m√≠nimo y va al IFE y no aplica por que quiz√° no tuvo ingreso formal",0,3,0,0,–°–µ–±–∞—Å—Ç—å—è–Ω,"Sebasti√°n.
San Miguel Stgo CL Represent!","",2011-04-04T20:18:24.000Z,SJARG,FALSE
2783367161,1384726413174099968,2021-04-21T04:31:18.000Z,es,@Amy03898327 @Nueva_Derecha1 @GiorgioJackson Tonto util? WOW nunca habia escuchado esa frase. Seguramente la inventaste tu y no la tomaste de quienes escuchas para hacerla propia cierto? Porque eso si que es ser un tonto util,0,0,0,0,Togaaal Duran,Vivir para aprender,"",2014-09-25T04:10:36.000Z,togaaal,FALSE
2802093211,1384720922595168257,2021-04-21T04:09:29.000Z,und,@roqueblavi @GiorgioJackson üòÅüòÅüòÅ,0,0,0,0,pato mardones,chileno de corazon #jamascomunista ni pinochetista defensor de la patria #antiabortolibre,"",2014-09-10T16:15:12.000Z,patomardone,FALSE
2950629737,1384728848986738688,2021-04-21T04:40:59.000Z,es,@UmanaPatricio @JuanGalt11 @labeasanchez @GiorgioJackson Un forro de mierda,0,0,0,0,Bernardo,"","",2014-12-30T04:57:14.000Z,arqbapo,FALSE
3016383015,1384732503714508801,2021-04-21T04:55:30.000Z,es,@karina_ol @siliconvalle @ComunesCL @danielstingo @gabrielboric @GiorgioJackson @renenaranjo @Mister_Wolf_0 @elfrente_amplio @jjcc_chile @KarolCariola OTRO BUITRE https://t.co/zdsqllN5xe,0,0,0,0,Claudia Connolly,"Para mejorar el nivel de vida, los pol√≠ticos deben aumentar la productividad asegur√°ndose de que los trabajadores est√©n bien educados. EDUQUEN","",2015-02-04T05:32:29.000Z,sayen_aliwe,FALSE
32474966,1384716063393427456,2021-04-21T03:50:10.000Z,es,@GiorgioJackson Diputado Giorgio Jackson en serio deje de utiluzar la tragedia de la pandemia para comorar votos a trav√©s de las necesidades y bolsillo de las personas.,0,0,0,0,sergio valech,Periodista. Amo el baile y el cine,"",2009-04-17T16:48:32.000Z,Sergio_Valech,FALSE
3346018367,1384730005729595392,2021-04-21T04:45:35.000Z,es,"@karina_ol @siliconvalle @ComunesCL @danielstingo @gabrielboric @GiorgioJackson @renenaranjo @Mister_Wolf_0 @elfrente_amplio @jjcc_chile @KarolCariola No s√©, pero no lo desafiar√≠a a wue lo sea, porque estos tipejos de esfuerzan en ello",0,0,0,0,M.Consuelo G√≥mez M.,"Esta cuenta naci√≥ para promover las adopciones de animales rescatados, y, ahora, √±o√±er√≠as por mayor.
Lo dem√°s... solamente porque soy humana y no unidimensional","",2015-06-25T22:10:36.000Z,ConsueloMGM,FALSE
3384753304,1384721787213258754,2021-04-21T04:12:55.000Z,es,"@GiorgioJackson Vuelve bachelet? O quien? No soy de chile, y me gustaria saber quien podria ser el proximo presidente. Gracias",0,0,0,0,Scarlett,"Welcome to this unofficial fun page, dedicated to the beautiful and talented actress, model and singer, Scarlett Johansson.","",2015-07-20T17:01:20.000Z,ScarlettJDN,FALSE
3459076341,1384751676343603200,2021-04-21T06:11:41.000Z,es,"@ChileUnidoAvanz Gracias 
@gabrielboric 
@KarolCariola 
@GiorgioJackson 
@senadorquintana 
@florcitamotuda 
@PamJiles 
@gonzalowinter 
@alvaroelizalde 
@juanjoseossasc 
@vidalvocero 
@desbordes",0,0,0,0,Claudia,Empresaria que tiene que trabajar con todo gobierno.,"",2015-08-27T15:49:41.000Z,Claudiah2020,FALSE
348536828,1384722937115201538,2021-04-21T04:17:29.000Z,es,@GiorgioJackson Y despu√©s querr√°s que el resto le paguemos las pensiones a los que quedaron en 0 y ni siquiera les alcanza para un tercer retiro? Eres un careraja!! Ojal√° no vuelvas a salir en ning√∫n cargo p√∫blico eres nefasto igual que todos los camas del FA  #ElPeorCongresoDeLaHistoria,0,0,0,0,Isa,"Orgullosa de mi familia, creo en el esfuerzo personal, la libertad no es libertinaje, derechos pero tambi√©n deberes. Rechazo!!","",2011-08-04T16:00:43.000Z,mariaisabelpm,FALSE
350914070,1384723547545874432,2021-04-21T04:19:55.000Z,es,"@Merbi @IgnacioAchurra @GiorgioJackson A mi me ayuda y a muchos otros supongo que tambien, no soy pobre pero estoy muy necesitado..con 2 hijos en la U y un sueldo muy inferior al que ganaba antes, el tercer retiro si es un alivio durante la pandemia...no aplic√≥ a las ayudas del gobierno..",0,0,1,0,Patipelao del 73,"Chileno de corazon, Papa feliz !!!","",2011-08-08T14:17:04.000Z,jlsagredo,FALSE
355629933,1384730295547662338,2021-04-21T04:46:44.000Z,es,@GiorgioJackson Ante la ciudadan√≠a? A mi no me han preguntado nada,0,0,0,0,Jos√© del Valle,M√©dico del Deporte. Period.,"",2011-08-15T17:10:44.000Z,jmdelvalle666,FALSE
401845864,1384743156298797058,2021-04-21T05:37:50.000Z,es,"@NamelessKingx @gabrielboric @camila_vallejo @KarolCariola @GiorgioJackson Porque as√≠ no se combate po weon ajajja seguro se acab√≥ la desigualdad, eso no significa que no vote a favor de la rebaja parlamentaria üò™  ella la impuls√≥, as√≠ que Chao",0,1,0,0,Javiera Mora,"Colocolina, de Izquierda, Feminista y Futura Odont√≥loga. #ABORTOLIBRE üíö #APRUEBO","",2011-10-31T05:26:26.000Z,JaavieraMora,FALSE
401845864,1384740887800991744,2021-04-21T05:28:49.000Z,es,"@NamelessKingx @gabrielboric @camila_vallejo @KarolCariola @GiorgioJackson Que hablai weta si ellos impulsaron la rebaja de la dieta parlamentaria, y han presentado todos los proyectos para ir en ayuda de la gente, son otros a los que no les conviene y todos sabemos quienes son",0,2,0,0,Javiera Mora,"Colocolina, de Izquierda, Feminista y Futura Odont√≥loga. #ABORTOLIBRE üíö #APRUEBO","",2011-10-31T05:26:26.000Z,JaavieraMora,FALSE
44810855,1384719074639466497,2021-04-21T04:02:08.000Z,es,@chrissavend @Pipesebastian3 @polillapau @PamJiles @gabrielboric @GiorgioJackson Ay pero goglea al menos.,0,0,0,0,Gaby Riquelme - Macul (XS-321),"üèòÔ∏è Vecina de Macul y Candidata a Concejal
üë´ mami feminista de Seba y Mile
üåä Con la esperanza intacta","",2009-06-05T03:31:00.000Z,gabrielaxmacul,FALSE
45853338,1384736469705797632,2021-04-21T05:11:16.000Z,es,"@GiorgioJackson Lo salvaron, recuerdan?",0,0,0,0,Victor,"De mis padres obtuve la sinceridad y honestidad, valores que la actual sociedad trat√≥ una y otra vez de desaparecer con su pol√≠tica de competencia y consumismo.","",2009-06-09T14:53:54.000Z,Torrejilla,FALSE
466002057,1384719125088329728,2021-04-21T04:02:20.000Z,es,@gabrielboric @GiorgioJackson Todos los pol√≠ticos chilenos son lo mismo y ganan lo mismo!!! Esta investigaci√≥n de la Biblioteca Nacional @bnc para comparar internacional% dietas parlamentarias. https://t.co/Zj4BrFWNLp,1,0,3,0,Miele,"‚ÄúCuando regreses a √çtaca, pide que tu viaje sea largo‚Äù","",2012-01-16T23:37:26.000Z,carlotaconbota,FALSE
475889385,1384736493013553155,2021-04-21T05:11:21.000Z,es,"@ContraloritoCGR @cgajardop @danieljadue @GiorgioJackson @espinozacuellar una duda desde la ignorancia, son legales el uso de esas linternas de @Carabdechile intermitentes y de gran potencia que s√≥lo usan para afectar la visual de las c√°maras y as√≠ no graben su actuar? https://t.co/ODuilmsi8O",0,0,0,0,cristian Acu√±a,"Chileno, PaMa de Fernando Tom√°s y pap√° de Emma Sof√≠a, futuro Ing., objetivo y amigo de mis amigos....","",2012-01-27T15:05:49.000Z,apardocristian,FALSE
50066897,1384726375341469696,2021-04-21T04:31:09.000Z,es,@GiorgioJackson Quien le avisa,0,0,0,0,Roger Fuentes,"""La minor√≠a m√°s que peque√±a del mundo es el individuo"". Ayn Rand.",http://t.co/gCbqowRa8k,2009-06-23T19:03:07.000Z,elfonts,FALSE
55075546,1384728976707497985,2021-04-21T04:41:29.000Z,es,@GiorgioJackson @matthiue Hay gato encerrado,0,1,0,0,LaperGris,"Yo prefiero el caos a esta realidad tan charcha (Mauricio Redol√©s)

Soy de Concepci√≥n ü¶Ñü§£","",2009-07-08T23:56:15.000Z,LaperGris,FALSE
556541277,1384727347941847041,2021-04-21T04:35:01.000Z,es,"@GiorgioJackson Pero @GiorgioJackson  aunque critico a Pi√±era, tampoco seamos hip√≥critas.  China, r√©gimen comunista (No democr√°tico) se compra medio Chile en sus narices y uds tampoco dicen nada.",0,0,1,0,Simplemente Emilio..!!!,Ni el Corona Virus ha servido para que las autoridades comprendan   el verdadero Rol que tienen en la sociedad.  @IngenieroCesante,"",2012-04-18T01:50:09.000Z,emilio_rh,FALSE
58660015,1384748916000833537,2021-04-21T06:00:43.000Z,es,"@GiorgioJackson √Åndate para la casa mejor, Pelao. T√∫ y tus amiguitos del FA est√°n dando jugo hace rato!!",0,0,0,0,Felipe üá®üá±,"","",2009-07-21T01:31:37.000Z,felipeden,FALSE
610007681,1384719220244721668,2021-04-21T04:02:43.000Z,es,@BiggsTrini @GiorgioJackson Que se vaya pronto a estudiar... a ver si alg√∫n d√≠a se convierte en aporte y deja de ser ventilador de üí©,0,0,0,0,Javier Pinto Sald√≠as,"","",2012-06-16T13:58:23.000Z,jpintosaldias,FALSE
67109600,1384729750992822273,2021-04-21T04:44:34.000Z,es,@GiorgioJackson @laotralechuga Callej√≥n sin salida,0,0,0,0,Juan Pablo Gastoviƒá,Como se le ocurre... Eso estaba as√≠ antes que yo llegara,https://t.co/9crWUkt749,2009-08-19T20:21:05.000Z,jpgastovic,FALSE
708844382473076736,1384720101384019968,2021-04-21T04:06:13.000Z,es,@GiorgioJackson Mi consejo es que borres este tweet,1,0,2,0,Katiraüá®üá±üá®üá±üíöüíö,"Zurdos sigan de largo.!!!
Patriotaüá®üá±
Lealtad por sobre todas las cosas","",2016-03-13T02:37:25.000Z,KatiraFeliz,FALSE
781096004691038209,1384726762651897858,2021-04-21T04:32:41.000Z,es,"@GiorgioJackson @MarianaLaActriz ahora??? que estamos con la soga al cuello, esto debi√≥ ser mucho antes, ahora el pueblo sale a la calle y que renuncie Pi√±era de una buena vez,  basta de tener criminales en la Moneda",0,0,0,0,"ana maria narvaez, jamas votar x la derecha","estoy convencida q podemos cambiar el pais, unidos y protestando, noTV, no comprar en negocios coludidos y ayudando a otro, Universidad de Chile","",2016-09-28T11:39:34.000Z,anamarianarva13,FALSE
818300317,1384716876018855937,2021-04-21T03:53:24.000Z,es,@ivan57046273 @GiorgioJackson Si es as√≠ este gobierno se pas√≥ la constituci√≥n por la raja en el primer retiro.,0,0,0,0,eddie salinas assen,"","",2012-09-11T22:14:41.000Z,eddie_assen,FALSE
831213366,1384720525742727169,2021-04-21T04:07:54.000Z,es,"@gabrielboric y @GiorgioJackson 
Amarillos qlos https://t.co/R6g4s161Tn",4,1,8,0,abel bobadilla,"sucede que dios envi√≥ al hombre a domesticar a las bestias y no a convertirse en una.
estudiante ing en marketing.
no es mi pdte es un ladr√≥n de bancos
#APRUEBO","",2012-09-18T14:52:05.000Z,bobadilla_abel,FALSE
832007903213142018,1384726788258029572,2021-04-21T04:32:47.000Z,es,"@GiorgioJackson |Ôø£Ôø£Ôø£Ôø£Ôø£Ôø£Ôø£Ôø£Ôø£Ôø£Ôø£Ôø£Ôø£l
 @sebastianpinera desprecia
 a las personas que gobierna.
|ÔºøÔºøÔºøÔºøÔºøÔºøÔºøÔºøÔºøÔºøÔºøÔºøÔºøl      
                   \ (‚Ä¢_‚Ä¢) /
                     \      /
                       ---
                     _|   |_",0,0,1,0,Alejandro Rodr√≠guez üá®üá±üá®üá±üá®üá±üá®üá±,"Pap√°, divorciado, abuelo, partner de la mam√° de mis hij@s; con compa√±era, m√©dico. De izquierda. Sigo al amor, a la empat√≠a y a la democracia. Ateo. Colocolino.","",2017-02-15T23:25:16.000Z,AlRod1963,FALSE
845961750,1384725177100115969,2021-04-21T04:26:23.000Z,es,"@GiorgioJackson Saco de weas, como te a  ido en Inglaterra tonto weon.",0,0,0,0,juan enrique pe√±a,"","",2012-09-25T18:01:43.000Z,juanenriquepena,FALSE
90748242,1384723643826155522,2021-04-21T04:20:18.000Z,es,@bobadilla_abel @gabrielboric @GiorgioJackson Por eso hay que votar por la @LaListaPueblo,0,0,2,0,Camila Ianiszewski,Periodismo Independiente.#GoVeganüåç #NiUnaHembraMenosüê∞ #Ecofeministaüåª #AntiCapitalistaüî• @fundamatriaüíúActivistaüì£ ‚ú¥Cuenta personal #Ig@camianiszüì∏,"",2009-11-17T23:30:41.000Z,camianisz,FALSE
910670481140969472,1384728727578451968,2021-04-21T04:40:30.000Z,es,"@goganko @kristaustral77 @pilarpaisajista @GiorgioJackson Hazte ver...toma menos rabotril..!!!

Ten fe y cambia tus paradigmas...",0,0,0,0,Fernando Sumastach,"Al Caminar por P√°ramos extra√±os y visualizar las Causalidades de la vida, he descubierto un Rol existencial, se abren Portales en momentos Claves...!! @","",2017-09-21T01:02:16.000Z,Ferdin1492,FALSE
92074878,1384718463483195392,2021-04-21T03:59:43.000Z,es,"@GiorgioJackson @Ebrielynca Estimado Giorgio, ¬ørealmente crees que es posible con la oposici√≥n que existe?... He perdido la esperanza y eso es terrible. Saludos y un abrazo.",0,0,0,0,Julio Sillard A.,"Magall√°nico viv√≠ en Talca, linda ciudad. Ahora en Punta Arenas, la mas bella de las ciudades.

Nunca es triste la verdad
Lo que no tiene es remedio - JMSerrat","",2009-11-23T17:59:53.000Z,jsillard,FALSE
98675819,1384729457139855361,2021-04-21T04:43:24.000Z,es,@karina_ol @siliconvalle @ComunesCL @danielstingo @gabrielboric @GiorgioJackson @renenaranjo @Mister_Wolf_0 @elfrente_amplio @jjcc_chile @KarolCariola Menos mal que no existe una ley de compra y venta  de esclavos,0,0,0,0,Bel√©n Gonz√°lez,"Fonoaudi√≥loga UDD Me gustan los libros, los cl√°sicos en pel√≠culas,series y m√∫sica rock. amo el ocio es justo y necesario para el ser humano",https://t.co/ckJSv2Iujz,2009-12-22T17:04:34.000Z,benxis,FALSE
990789289872064512,1384721628295307264,2021-04-21T04:12:17.000Z,es,@SJARG @Gabhiitota @elhijodelteto @karina_ol @siliconvalle @ComunesCL @danielstingo @gabrielboric @GiorgioJackson @renenaranjo @Mister_Wolf_0 @elfrente_amplio @jjcc_chile @KarolCariola Claro en ese Punto tienes Raz√≥n,0,0,0,0,Evy Blamey ‚Å∑ üê±W·¥á ·¥Ä Ä·¥á ·¥è…¥ ü è‚Çáüê≥üê≥üíúüíú Yoongi dayüçä,"Somos Hija e madre que amamos a bts pero adoramos a Sugaüíúüíúüíúüíúüíú
Fan Account ‚òâüåü My Soulmate @soty27164986","",2018-04-30T03:05:49.000Z,BlameyEvy,FALSE
990789289872064512,1384731284455542786,2021-04-21T04:50:39.000Z,es,"@SJARG @Gabhiitota @elhijodelteto @karina_ol @siliconvalle @ComunesCL @danielstingo @gabrielboric @GiorgioJackson @renenaranjo @Mister_Wolf_0 @elfrente_amplio @jjcc_chile @KarolCariola Las Constructoras al Subcontratar se desligan de muchas y ahorran en Gastos administativo ,Epp ,Etc ,Adem√°s a los subcontratos les descuentan el 5% o El 10 % De retenci√≥n para supuestamente pagar al Trabajador en caso de no cumplir +",0,1,0,0,Evy Blamey ‚Å∑ üê±W·¥á ·¥Ä Ä·¥á ·¥è…¥ ü è‚Çáüê≥üê≥üíúüíú Yoongi dayüçä,"Somos Hija e madre que amamos a bts pero adoramos a Sugaüíúüíúüíúüíúüíú
Fan Account ‚òâüåü My Soulmate @soty27164986","",2018-04-30T03:05:49.000Z,BlameyEvy,FALSE
990789289872064512,1384735994688196608,2021-04-21T05:09:22.000Z,es,"@SJARG @Gabhiitota @elhijodelteto @karina_ol @siliconvalle @ComunesCL @danielstingo @gabrielboric @GiorgioJackson @renenaranjo @Mister_Wolf_0 @elfrente_amplio @jjcc_chile @KarolCariola Si  , Tienes Raz√≥n",0,0,0,0,Evy Blamey ‚Å∑ üê±W·¥á ·¥Ä Ä·¥á ·¥è…¥ ü è‚Çáüê≥üê≥üíúüíú Yoongi dayüçä,"Somos Hija e madre que amamos a bts pero adoramos a Sugaüíúüíúüíúüíúüíú
Fan Account ‚òâüåü My Soulmate @soty27164986","",2018-04-30T03:05:49.000Z,BlameyEvy,FALSE
990789289872064512,1384731772819230720,2021-04-21T04:52:36.000Z,es,@SJARG @Gabhiitota @elhijodelteto @karina_ol @siliconvalle @ComunesCL @danielstingo @gabrielboric @GiorgioJackson @renenaranjo @Mister_Wolf_0 @elfrente_amplio @jjcc_chile @KarolCariola Si se cumple con todo se supone que se devuelve y eso casi nunca sucede .,0,2,0,0,Evy Blamey ‚Å∑ üê±W·¥á ·¥Ä Ä·¥á ·¥è…¥ ü è‚Çáüê≥üê≥üíúüíú Yoongi dayüçä,"Somos Hija e madre que amamos a bts pero adoramos a Sugaüíúüíúüíúüíúüíú
Fan Account ‚òâüåü My Soulmate @soty27164986","",2018-04-30T03:05:49.000Z,BlameyEvy,FALSE
990789289872064512,1384740732305559552,2021-04-21T05:28:12.000Z,es,@SJARG @Gabhiitota @elhijodelteto @karina_ol @siliconvalle @ComunesCL @danielstingo @gabrielboric @GiorgioJackson @renenaranjo @Mister_Wolf_0 @elfrente_amplio @jjcc_chile @KarolCariola Tienes Raz√≥n,0,0,0,0,Evy Blamey ‚Å∑ üê±W·¥á ·¥Ä Ä·¥á ·¥è…¥ ü è‚Çáüê≥üê≥üíúüíú Yoongi dayüçä,"Somos Hija e madre que amamos a bts pero adoramos a Sugaüíúüíúüíúüíúüíú
Fan Account ‚òâüåü My Soulmate @soty27164986","",2018-04-30T03:05:49.000Z,BlameyEvy,FALSE
990789289872064512,1384730388455636993,2021-04-21T04:47:06.000Z,es,"@SJARG @Gabhiitota @elhijodelteto @karina_ol @siliconvalle @ComunesCL @danielstingo @gabrielboric @GiorgioJackson @renenaranjo @Mister_Wolf_0 @elfrente_amplio @jjcc_chile @KarolCariola Los Contratos en construcci√≥n son A Sueldo Fijo nadie Hace contratos a trato ,Adem√°s Hay un sueldo m√≠nimo ,Nadie puede imponer por menos de eso y a medida que su sueldo es m√°s Alto m√°s se impone .",0,2,0,0,Evy Blamey ‚Å∑ üê±W·¥á ·¥Ä Ä·¥á ·¥è…¥ ü è‚Çáüê≥üê≥üíúüíú Yoongi dayüçä,"Somos Hija e madre que amamos a bts pero adoramos a Sugaüíúüíúüíúüíúüíú
Fan Account ‚òâüåü My Soulmate @soty27164986","",2018-04-30T03:05:49.000Z,BlameyEvy,FALSE
