author_id,created_at.x,id,text,lang,public_metrics.retweet_count,public_metrics.reply_count,public_metrics.like_count,public_metrics.quote_count,url,username,description,verified,name,created_at.y
1033447465742204928,2021-04-21T01:55:16.000Z,1384687145940660225,"@ComunesCL @elfrente_amplio @karina_ol donde vivo nadie te pesco, eso quiere decir que todas las encuestas son falsas y solo las hacen donde vives. bueno sabes bien que no seras gobernadora",es,0,0,1,0,"",JorgeFl69744910,Lucho por lo justo y cierto,FALSE,Jorge Flores,2018-08-25T20:14:11.000Z
1033447465742204928,2021-04-21T01:53:30.000Z,1384686700841029636,"@ComunesCL @elfrente_amplio @karina_ol no seras gobernadora, para eso te haremos funas. todo lo que saquearon se las cobraremos facha",es,0,0,1,0,"",JorgeFl69744910,Lucho por lo justo y cierto,FALSE,Jorge Flores,2018-08-25T20:14:11.000Z
1042837099597193217,2021-04-21T05:43:24.000Z,1384744556407791616,@karina_ol @siliconvalle @ComunesCL @danielstingo @gabrielboric @GiorgioJackson @renenaranjo @Mister_Wolf_0 @elfrente_amplio @jjcc_chile @KarolCariola wuauuuu increible ...,es,0,0,0,0,"",NNeeoO_OoeeNN,"",FALSE,neo,2018-09-20T18:05:14.000Z
106558355,2021-04-21T02:39:50.000Z,1384698361052385284,@karina_ol @siliconvalle @ComunesCL @danielstingo @gabrielboric @GiorgioJackson @renenaranjo @Mister_Wolf_0 @elfrente_amplio @jjcc_chile @KarolCariola Tenemos al presidente... Que mas se puede pedir...,es,0,0,0,0,https://t.co/t2TkYwZw9y,jano_accent98,"Ingeniero mec√°nico inacap. 
Siempre de una linea. Acelero y luego existo!",FALSE,alejandro gonzalez,2010-01-19T23:28:07.000Z
111032669,2021-04-21T03:10:33.000Z,1384706089950777347,"@karina_ol @siliconvalle @ComunesCL @danielstingo @gabrielboric @GiorgioJackson @renenaranjo @Mister_Wolf_0 @elfrente_amplio @jjcc_chile @KarolCariola Desde mana√±a todos a acampar afuera del TC pac√≠ficamente a hacer presi√≥n ¬°¬°... No nos moveran¬°

Te esperamos https://t.co/RLcdsEHtHq",es,0,0,0,0,"",Guszalo,Resurrecci√≥n del pueblo?,FALSE,APRUEBO,2010-02-03T15:47:30.000Z
1161266965132075010,2021-04-21T01:47:04.000Z,1384685084247199744,"@karina_ol @siliconvalle @ComunesCL @danielstingo @gabrielboric @GiorgioJackson @renenaranjo @Mister_Wolf_0 @elfrente_amplio @jjcc_chile @KarolCariola Bueno, q se automatice todo y as√≠ solucionamos el problema de mano de obra",es,0,0,0,0,"",bartolitomas85,libertad,FALSE,Tomas Bartoli.,2019-08-13T13:23:14.000Z
118525558,2021-04-21T02:33:26.000Z,1384696749852401664,@karina_ol @siliconvalle @ComunesCL @danielstingo @gabrielboric @GiorgioJackson @renenaranjo @Mister_Wolf_0 @elfrente_amplio @jjcc_chile @KarolCariola Estos son los verdaderos due√±os de chile,es,0,0,0,0,"",eeguzmanb,"",FALSE,Enrique Guzman B.,2010-02-28T23:42:54.000Z
1191310000486006784,2021-04-21T01:50:34.000Z,1384685961112555522,"@ComunesCL @elfrente_amplio @karina_ol Sin los votos de la DC y el PS todos sabemos que una acusaci√≥n Constitucional naci√≥ muerta. Impulsarlo a estas alturas es seguir simulando que estan haciendo algo, es una mera movida electoral para retener el voto de izquierda que se les va de la manos.",es,0,0,2,0,https://t.co/3JWBmnBegH,MoragaFabio,"Doctor en Historia, acad√©mico.",FALSE,Fabio Moraga Valle,2019-11-04T11:03:43.000Z
1198774806604369922,2021-04-21T02:50:53.000Z,1384701140680511488,@ComunesCL @Claudia_Mix @elfrente_amplio @karina_ol Ded√≠cate a trabajar! Z√°nganos de mierda!!!,es,0,0,0,0,"",RosariodeFerna1,Libertad antes que todo,FALSE,Rosario de Fernandez,2019-11-25T01:26:20.000Z
1226928466601357312,2021-04-21T01:47:31.000Z,1384685195635404802,@AHumanistaCL @diego_ibanezc @la_convergencia @RDemocratica @movimientounir @ComunesCL @phumanista @PCdeChile @Muletjaime @PPD_Chile @PRadicalcl @Liberales_Chile @PSChile @PDC_Chile Entonces que @tomashirsch haga el comunicado que su firma tmbn esta para acusar a Pi√±era,es,0,1,0,0,"",Pipesebastian3,En este mundo de sombra y de luz la verdad se logra ocultar pero siempre suele llegar alguien que no la deja de buscar... APRUEBO+CC,FALSE,Alexis_sebastian,2020-02-10T17:58:50.000Z
1226928466601357312,2021-04-21T02:45:33.000Z,1384699800780746752,@AHumanistaCL @diego_ibanezc @la_convergencia @RDemocratica @movimientounir @ComunesCL @phumanista @PCdeChile @Muletjaime @PPD_Chile @PRadicalcl @Liberales_Chile @PSChile @PDC_Chile @tomashirsch Excelente muchachos,es,0,0,2,0,"",Pipesebastian3,En este mundo de sombra y de luz la verdad se logra ocultar pero siempre suele llegar alguien que no la deja de buscar... APRUEBO+CC,FALSE,Alexis_sebastian,2020-02-10T17:58:50.000Z
1233028012897116160,2021-04-21T01:56:35.000Z,1384687475663151105,"@FelipeParadaM @ComunesCL @sebastianpinera Los Politicos no har√°n NADA por nosotros. Rajaran vestiduras , simularan estar indignados pero solo es show para las c√°maras, a ellos las decisiones de Pi√±era no les afectan, no olviden q ganan MILLONES.
#ParoNacional",es,0,0,1,0,"",romanho15,"Chilean artist and designer based in the United States.
Check me on https://t.co/n9vRRtPzd5",FALSE,romanho,2020-02-27T13:56:23.000Z
1318999515811127296,2021-04-21T06:08:12.000Z,1384750797314002944,@GobiernodeChile @sebastianpinera @joseantoniokast @PCdeChile @PSChile @PPD_Chile @PDC_Chile @PRadicalcl @phumanista @elfrente_amplio @RDemocratica @la_convergencia @ComunesCL @alejandramatus @mirnaschindler @camila_vallejo @KarolCariola https://t.co/6hWTW3YNOw,und,0,0,1,0,"",kommander911,#Rechazo...A la derecha de la UDI...Hooyah.üëçü¶Öüá®üá±üá®üá±üá®üá±üá®üá±üá®üá±üá®üá±üá®üá±...#PajaroComunistaMeBotasteDeNuevo,FALSE,#RECHACHAZO...,2020-10-21T19:36:20.000Z
1344657546536214528,2021-04-21T02:14:55.000Z,1384692089104093189,"@karina_ol @siliconvalle @ComunesCL @danielstingo @gabrielboric @GiorgioJackson @renenaranjo @Mister_Wolf_0 @elfrente_amplio @jjcc_chile @KarolCariola Que"" reci√©n se est√°n dando cuenta que seguimos siendo esclavos de los patrones de fundo.",es,0,0,1,0,"",BemzKarlos,CORAZ√ìN VALIENTE,FALSE,Karlos Bemz,2020-12-31T14:52:34.000Z
139333399,2021-04-21T03:28:29.000Z,1384710606532530176,"@elmostrador Basta ya de subir videos lamentando ""el error"" de @sebastianpinera y hagan algo! #AcusacionConstitucionalAPi√±eraAhora @PSChile @PDC_Chile @PPD_Chile @elfrente_amplio @PRSDChile @phumanista @ComunesCL @SenadoresPPD @Camara_cl @Senado_Chile @PCdeChile @ecologistachile https://t.co/QMzDiCKH4d",es,3,0,2,0,"",claudiaamigo73,Comaterno l√©sbicamente a un hija discriminada x Chile con @clauditacales #FamiliaEsFamilia #NoM√°sLesboTransOdio #DerechosFiliativosAhora,FALSE,Familia es Familia Chile,2010-05-02T08:14:15.000Z
157888221,2021-04-21T02:43:04.000Z,1384699175300911112,"@edovillalobosf @NoMasTagChile @Venusiana__ @PedroAbarcaPRO @PiensaPrensa @ChalecosAmarill @FpvrPrensa @Chile_Alerta @chileconvoca @RadioTVLiberaci @primeralineare1 @PPD_Chile @PDC_Chile @PRadicalcl @elfrente_amplio @PCdeChile @ecologistachile @IgualdadPartido @losPROgresistas @FedRegionalista @ComunesCL @Liberales_Chile @la_convergencia @phumanista Por si no lo sab√≠an, los apellidos de la pol√≠tica tienen los esca√±os asegurados desde el 1810.

https://t.co/lCD81gioCl

Ayuden a pasar la info.",es,3,0,3,0,"",gtbach,Quiero amarte c√≥mo me amas. Gracias madre tierra! ü§ó,FALSE,gtbach,2010-06-21T04:52:19.000Z
174913483,2021-04-21T03:12:12.000Z,1384706506839502849,@karina_ol @siliconvalle @ComunesCL @danielstingo @gabrielboric @GiorgioJackson @renenaranjo @Mister_Wolf_0 @elfrente_amplio @jjcc_chile @KarolCariola El pensamiento del rico ac√° en chile por eso estamos como estamos con estos chupasangre,es,0,0,0,0,"",danteandres32,Prefiero morir de pie antes de ser humillado y arrodillado toda la vida.,FALSE,dante,2010-08-05T03:50:50.000Z
1856002080,2021-04-21T01:53:18.000Z,1384686652686274566,"@ComunesCL @elfrente_amplio @karina_ol El fraude amplio y el PC buscan un nuevo intento x derrocar al gobierno en su intenso n√∫mero 2876594 en pandemia de golpe blando para llegar al poder x la fuerza, ya que saben que de manera democr√°tica jam√°s llegaran al poder, chile los desprecia!",es,0,0,1,0,"",NatitoOdiosa,"Ocupo este espacio como catarsis, nada m√°s, no me interesa tu opini√≥n o que no te guste la m√≠a üíú siga de largo gracias.",FALSE,SoylaOtra üòé,2013-09-12T02:21:30.000Z
220121547,2021-04-21T02:10:04.000Z,1384690869614387200,"@ComunesCL @elfrente_amplio @karina_ol Candidate que seguro no alcanzar√° ni el 2% llama al estallido 2021, todos sabemos lo que eso significa.
No tiene  nada que perder en todo caso.",es,0,0,1,0,"",slarrouleti,Vivan las tradiciones chilenas.,FALSE,santiago larroulet,2010-11-26T21:05:42.000Z
22309781,2021-04-21T01:53:23.000Z,1384686672105857024,Desde @ComunesCL ratificamos lo que ya dijimos. Ingresaremos la acusaci√≥n constitucional contra el tirano @sebastianpinera esperamos que la oposici√≥n est√© a la altura #Estallido2021 https://t.co/KVZgYNV2yb,es,62,5,142,1,https://t.co/71pJqtqlfO,FelipeParadaM,"Hijo de obrero. Rebeld√≠a, Resistencia y Amor | Ciudad y Territorio en @fchimovilizado| Co-fundador de @180_cl | @nosotrxsahora ¬°Que el pueblo sea protagonista!",TRUE,Felipe Parada üîª,2009-02-28T23:47:11.000Z
2327298982,2021-04-21T02:13:51.000Z,1384691824313384960,@ComunesCL @Claudia_Mix @Jorgeresmir @conivaldesc @emischneiderv @doris_gonzalez_ @javieratoroc @sebaylwin @karina_ol @JPSanhuezaT @diegocorvalan Gracias por seguir en la lucha compa @Claudia_Mix,es,0,0,1,0,"",catutro,"ama de llaves, IP68 al pisco , coprolalico a cagar... no tomo nunca mas",FALSE,‚ùåOlgo Marino sin clase,2014-02-06T03:52:24.000Z
2445826250,2021-04-21T02:55:21.000Z,1384702267459256320,@FelipeParadaM @ComunesCL @sebastianpinera Pero que esta vez no se caguen y se abstengan algunos psuedos opositores al r√©gimen de pi√±era!!!,es,0,0,0,0,"",leo_sv91,"Contador, padre de una princesa y dos leoncitos, hincha de mi amada @udechile   #RenunciaPi√±era",FALSE,LeoSepü§òlveda,2014-04-15T18:44:53.000Z
2596564198,2021-04-21T04:09:15.000Z,1384720862306316290,@doris_gonzalez_ @ComunesCL No son compa√±eros.,es,0,0,0,0,"",jveraymirandao,"",FALSE,catito. @tweetcato,2014-06-10T01:43:12.000Z
266924995,2021-04-21T02:32:36.000Z,1384696541529714688,"@FelipeParadaM @Ivan_cc @ComunesCL @sebastianpinera Otro papel√≥n, si no tienen los votos, para qu√©?",es,0,0,0,0,"",Toruwat,"",FALSE,Toru Watanabe,2011-03-16T01:40:46.000Z
277155434,2021-04-21T05:29:49.000Z,1384741138741989382,"@BlameyEvy @Gabhiitota @elhijodelteto @karina_ol @siliconvalle @ComunesCL @danielstingo @gabrielboric @GiorgioJackson @renenaranjo @Mister_Wolf_0 @elfrente_amplio @jjcc_chile @KarolCariola La industria se aprovecha del contratista ya que, se fija un precio, quien toma ese riesgo es √©l y, si no cumple, la empresa mandante se busca a otro y chao. El costo de edificaci√≥n seguir√° siendo el mismo teniendo A, B o C contratista.",es,0,0,0,0,"",SJARG,"Sebasti√°n.
San Miguel Stgo CL Represent!",FALSE,–°–µ–±–∞—Å—Ç—å—è–Ω,2011-04-04T20:18:24.000Z
277155434,2021-04-21T04:54:20.000Z,1384732208485658633,"@BlameyEvy @Gabhiitota @elhijodelteto @karina_ol @siliconvalle @ComunesCL @danielstingo @gabrielboric @GiorgioJackson @renenaranjo @Mister_Wolf_0 @elfrente_amplio @jjcc_chile @KarolCariola No se√±or, la bonificaci√≥n no es un ""haber imponible"". Ej. Un ceramista, en obra gana $3.000 m/2 aprox. Al mes hace 270 m/2 llegando aprox a los 800 mil. Su imposici√≥n en su liquidaci√≥n es por el m√≠nimo de eso el 19% ya que ese es su haber imponible. $450.000 restant no imponen.",es,0,1,0,0,"",SJARG,"Sebasti√°n.
San Miguel Stgo CL Represent!",FALSE,–°–µ–±–∞—Å—Ç—å—è–Ω,2011-04-04T20:18:24.000Z
277155434,2021-04-21T05:26:55.000Z,1384740407884591104,@BlameyEvy @Gabhiitota @elhijodelteto @karina_ol @siliconvalle @ComunesCL @danielstingo @gabrielboric @GiorgioJackson @renenaranjo @Mister_Wolf_0 @elfrente_amplio @jjcc_chile @KarolCariola Es por eso que la ley de subcontrataci√≥n debe ser modificada para que ese trabajador tenga un contrato como corresponde. El problema es que eso encarece a√∫n m√°s la mano de obra y la evaluaci√≥n del proyecto es econ√≥micamente inviable ya que el costo de edificaci√≥n ser√≠a alt√≠simo.,es,0,1,0,0,"",SJARG,"Sebasti√°n.
San Miguel Stgo CL Represent!",FALSE,–°–µ–±–∞—Å—Ç—å—è–Ω,2011-04-04T20:18:24.000Z
277155434,2021-04-21T05:16:32.000Z,1384737798394109954,"@BlameyEvy @Gabhiitota @elhijodelteto @karina_ol @siliconvalle @ComunesCL @danielstingo @gabrielboric @GiorgioJackson @renenaranjo @Mister_Wolf_0 @elfrente_amplio @jjcc_chile @KarolCariola Eso se cumple s√≠ s√≥lo s√≠, el contrato es bajo una remuneraci√≥n fija mensual. Que, no aplica para enfierradores, carpinenteros de moldaje, ceramistas, yeseros, alba√±il de maquillaje de muros y fachadas, instalaci√≥n de sistema EIFS, entre otros.",es,0,0,0,0,"",SJARG,"Sebasti√°n.
San Miguel Stgo CL Represent!",FALSE,–°–µ–±–∞—Å—Ç—å—è–Ω,2011-04-04T20:18:24.000Z
277155434,2021-04-21T05:11:48.000Z,1384736604145729536,"@BlameyEvy @Gabhiitota @elhijodelteto @karina_ol @siliconvalle @ComunesCL @danielstingo @gabrielboric @GiorgioJackson @renenaranjo @Mister_Wolf_0 @elfrente_amplio @jjcc_chile @KarolCariola Esa condici√≥n se cumple faenas asociadas a rendimientos por M2 y por Kg principalmente. 
En gasfiteria y electricidad los contratos son normales en el caso de que sea empresa externa.",es,0,0,0,0,"",SJARG,"Sebasti√°n.
San Miguel Stgo CL Represent!",FALSE,–°–µ–±–∞—Å—Ç—å—è–Ω,2011-04-04T20:18:24.000Z
277155434,2021-04-21T05:08:50.000Z,1384735860558548993,"@BlameyEvy @Gabhiitota @elhijodelteto @karina_ol @siliconvalle @ComunesCL @danielstingo @gabrielboric @GiorgioJackson @renenaranjo @Mister_Wolf_0 @elfrente_amplio @jjcc_chile @KarolCariola Y, la bonificaci√≥n tiene un tope; es por eso que se le llama ""trato"" por que se llega un acuerdo de palabra entre el trabajador y el contratista. 
Le hacen un contrato por el m√≠nimo pero, en la interna completan el sueldo ""por debajo"". 
""haber no imponible"".",es,0,1,0,0,"",SJARG,"Sebasti√°n.
San Miguel Stgo CL Represent!",FALSE,–°–µ–±–∞—Å—Ç—å—è–Ω,2011-04-04T20:18:24.000Z
277155434,2021-04-21T04:15:12.000Z,1384722362713755649,"@BlameyEvy @Gabhiitota @elhijodelteto @karina_ol @siliconvalle @ComunesCL @danielstingo @gabrielboric @GiorgioJackson @renenaranjo @Mister_Wolf_0 @elfrente_amplio @jjcc_chile @KarolCariola En cambio el maestro de la ""casa"" con un contrato con suelto fijo y no a trato, se le impone el proporcional de su sueldo. Hoy perfectamente puede estar dentro del bono sin inconveniente. 
Creo que tiene una mala percepci√≥n de qui√©n verdaderamente respeta los derechos del obrero",es,0,2,0,0,"",SJARG,"Sebasti√°n.
San Miguel Stgo CL Represent!",FALSE,–°–µ–±–∞—Å—Ç—å—è–Ω,2011-04-04T20:18:24.000Z
277155434,2021-04-21T05:04:02.000Z,1384734649595875329,"@BlameyEvy @Gabhiitota @elhijodelteto @karina_ol @siliconvalle @ComunesCL @danielstingo @gabrielboric @GiorgioJackson @renenaranjo @Mister_Wolf_0 @elfrente_amplio @jjcc_chile @KarolCariola Un maestro de primera contratado por la casa, gana $700.000 l√≠quidos. Por lo que su sueldo bruto es de $700.000 + 19% en donde su sueldo bruto es $833.000 y sus imposiciones son pagadas de acuerdo a ese monto y no al m√≠nimo. 

Es por eso que la ley de subcontrataci√≥n est√° mal.",es,0,1,0,0,"",SJARG,"Sebasti√°n.
San Miguel Stgo CL Represent!",FALSE,–°–µ–±–∞—Å—Ç—å—è–Ω,2011-04-04T20:18:24.000Z
277155434,2021-04-21T04:59:51.000Z,1384733599434432512,@BlameyEvy @Gabhiitota @elhijodelteto @karina_ol @siliconvalle @ComunesCL @danielstingo @gabrielboric @GiorgioJackson @renenaranjo @Mister_Wolf_0 @elfrente_amplio @jjcc_chile @KarolCariola Ejemplo de enfierrador. Gana $250 pesos el Kg de fierro instalado. Completa un sueldo de $850.000 aprox. Imponen por el m√≠nimo. $500.000 que no tributan.,es,0,2,0,0,"",SJARG,"Sebasti√°n.
San Miguel Stgo CL Represent!",FALSE,–°–µ–±–∞—Å—Ç—å—è–Ω,2011-04-04T20:18:24.000Z
277155434,2021-04-21T04:57:41.000Z,1384733051528351744,"@BlameyEvy @Gabhiitota @elhijodelteto @karina_ol @siliconvalle @ComunesCL @danielstingo @gabrielboric @GiorgioJackson @renenaranjo @Mister_Wolf_0 @elfrente_amplio @jjcc_chile @KarolCariola Mismo caso para un carpintero de moldaje. Remuneraci√≥n fija mensual $1.200.000. Impone por el m√≠nimo. 
De $350.000 se saca el 19% de salud, AFP y AFC. Los restantes $850.000 son para el bolsillo, pero no es un haber imponible.",es,0,1,0,0,"",SJARG,"Sebasti√°n.
San Miguel Stgo CL Represent!",FALSE,–°–µ–±–∞—Å—Ç—å—è–Ω,2011-04-04T20:18:24.000Z
277155434,2021-04-21T04:18:15.000Z,1384723129633808385,"@BlameyEvy @Gabhiitota @elhijodelteto @karina_ol @siliconvalle @ComunesCL @danielstingo @gabrielboric @GiorgioJackson @renenaranjo @Mister_Wolf_0 @elfrente_amplio @jjcc_chile @KarolCariola Es m√°s, en la gran empresa constructora, se tienen que cumplir todos los derechos del trabajador tanto de la casa como contratista ya que, por temas de direcci√≥n del trabajo, √©sto debe ser ecu√°nime ya que no se acepta un contratista demandado ante la direcci√≥n del trabajo, por ej",es,0,0,0,0,"",SJARG,"Sebasti√°n.
San Miguel Stgo CL Represent!",FALSE,–°–µ–±–∞—Å—Ç—å—è–Ω,2011-04-04T20:18:24.000Z
277155434,2021-04-21T04:06:58.000Z,1384720291121844226,"@BlameyEvy @Gabhiitota @elhijodelteto @karina_ol @siliconvalle @ComunesCL @danielstingo @gabrielboric @GiorgioJackson @renenaranjo @Mister_Wolf_0 @elfrente_amplio @jjcc_chile @KarolCariola Tiene raz√≥n, sin embargo recuerde q bajo √©sa modalidad, se impone por el m√≠nimo y se completa la remuneraci√≥n mediante el ""trato"".
Hoy ese maestro quiz√° no tenga pega y va al bono y no aplica por q impuso por el m√≠nimo y va al IFE y no aplica por que quiz√° no tuvo ingreso formal",es,0,3,0,0,"",SJARG,"Sebasti√°n.
San Miguel Stgo CL Represent!",FALSE,–°–µ–±–∞—Å—Ç—å—è–Ω,2011-04-04T20:18:24.000Z
2950629737,2021-04-21T02:52:52.000Z,1384701641983766531,@karina_ol @Pillerin_ @siliconvalle @ComunesCL @danielstingo @gabrielboric @GiorgioJackson @renenaranjo @Mister_Wolf_0 @elfrente_amplio @jjcc_chile @KarolCariola Ed un conchetumadre,it,0,0,0,0,"",arqbapo,"",FALSE,Bernardo,2014-12-30T04:57:14.000Z
3016383015,2021-04-21T04:55:30.000Z,1384732503714508801,@karina_ol @siliconvalle @ComunesCL @danielstingo @gabrielboric @GiorgioJackson @renenaranjo @Mister_Wolf_0 @elfrente_amplio @jjcc_chile @KarolCariola OTRO BUITRE https://t.co/zdsqllN5xe,es,0,0,0,0,"",sayen_aliwe,"Para mejorar el nivel de vida, los pol√≠ticos deben aumentar la productividad asegur√°ndose de que los trabajadores est√©n bien educados. EDUQUEN",FALSE,Claudia Connolly,2015-02-04T05:32:29.000Z
3315691330,2021-04-21T03:16:41.000Z,1384707635736363010,@ComunesCL @Claudia_Mix @Jorgeresmir @conivaldesc @emischneiderv @doris_gonzalez_ @javieratoroc @sebaylwin @karina_ol @JPSanhuezaT @diegocorvalan https://t.co/QHTqprJX1x,und,0,0,0,0,"",terceraviaciuda,En tercera via ciudadana Observ√≥ y medito mejorar mi pa√≠s aunque algunos me vean como un patipelado,FALSE,Guillermo Quiroz,2015-06-09T19:10:18.000Z
3346018367,2021-04-21T04:45:35.000Z,1384730005729595392,"@karina_ol @siliconvalle @ComunesCL @danielstingo @gabrielboric @GiorgioJackson @renenaranjo @Mister_Wolf_0 @elfrente_amplio @jjcc_chile @KarolCariola No s√©, pero no lo desafiar√≠a a wue lo sea, porque estos tipejos de esfuerzan en ello",es,0,0,0,0,"",ConsueloMGM,"Esta cuenta naci√≥ para promover las adopciones de animales rescatados, y, ahora, √±o√±er√≠as por mayor.
Lo dem√°s... solamente porque soy humana y no unidimensional",FALSE,M.Consuelo G√≥mez M.,2015-06-25T22:10:36.000Z
404077136,2021-04-21T01:58:16.000Z,1384687899380273154,"@karina_ol @siliconvalle @ComunesCL @danielstingo @gabrielboric @GiorgioJackson @renenaranjo @Mister_Wolf_0 @elfrente_amplio @jjcc_chile @KarolCariola ‚ÄúVamos a tener que mejorar ingresos...‚Äù wnes, cu√°nto de IMM les subsidia el Estado todos los a√±os por cada trabajador contratado? 40%? 60% en algunos casos",es,0,0,0,0,"",CarolaRodF,Patagona viviendo en La Araucan√≠a,FALSE,Carola Rodr√≠guez F.,2011-11-03T12:16:19.000Z
455231704,2021-04-21T03:17:27.000Z,1384707828007546881,@karina_ol @siliconvalle @ComunesCL @danielstingo @gabrielboric @GiorgioJackson @renenaranjo @Mister_Wolf_0 @elfrente_amplio @jjcc_chile @KarolCariola Hijos de la Gran Puta.,es,0,0,0,0,"",monixkor,"",FALSE,monix,2012-01-04T21:52:18.000Z
487952245,2021-04-21T01:59:00.000Z,1384688085850640388,@karina_ol @siliconvalle @ComunesCL @danielstingo @gabrielboric @GiorgioJackson @renenaranjo @Mister_Wolf_0 @elfrente_amplio @jjcc_chile @KarolCariola Si se puede. El gobierno acaba de mandar el 3er retiro al TC. viste que se puede ser m√°s miserable.,es,0,0,0,0,"",mcpatolin12,"M√∫sico, profesor, Tutor virtual CPEIP, Capacitador Enlaces, Candidato Magister en Evaluacion.",FALSE,Pato Alliende,2012-02-09T22:39:00.000Z
499970787,2021-04-21T02:30:53.000Z,1384696110837608456,@ComunesCL @Claudia_Mix @elfrente_amplio @karina_ol üî•üî•üî•üî•üî•üî•üî•üá®üá±,und,0,0,0,0,"",_4279809328111,"",FALSE,R.A.T.G.Z.,2012-02-22T17:31:29.000Z
52626317,2021-04-21T03:19:53.000Z,1384708442041069570,@chickacko_kakan @Vielinuz Escuchan? #Acusaci√≥nConstitucionalAPi√±era. @PPD_Chile  @PDC_Chile   @PRadicalcl @elfrente_amplio @PCdeChile @ecologistachile @IgualdadPartido @losPROgresistas @FedRegionalista @ComunesCL @Liberales_Chile @la_convergencia @phumanista https://t.co/1TNX1kslZr,es,1,0,2,0,"",edovillalobosf,Somos arquitectos de nuestro  propio destino,FALSE,Eduardo Villalobos #NuevaConstitucion,2009-07-01T03:58:23.000Z
52626317,2021-04-21T03:19:29.000Z,1384708339716837377,@karenglavic @ElinaOliva Escuchan? #Acusaci√≥nConstitucionalAPi√±era. @PPD_Chile  @PDC_Chile   @PRadicalcl @elfrente_amplio @PCdeChile @ecologistachile @IgualdadPartido @losPROgresistas @FedRegionalista @ComunesCL @Liberales_Chile @la_convergencia @phumanista https://t.co/1TNX1kslZr,es,0,0,0,0,"",edovillalobosf,Somos arquitectos de nuestro  propio destino,FALSE,Eduardo Villalobos #NuevaConstitucion,2009-07-01T03:58:23.000Z
52626317,2021-04-21T03:18:44.000Z,1384708152000712704,@Hmolinamilman @ElinaOliva Escuchan? #Acusaci√≥nConstitucionalAPi√±era. @PPD_Chile  @PDC_Chile   @PRadicalcl @elfrente_amplio @PCdeChile @ecologistachile @IgualdadPartido @losPROgresistas @FedRegionalista @ComunesCL @Liberales_Chile @la_convergencia @phumanista https://t.co/1TNX1kslZr,es,0,0,0,0,"",edovillalobosf,Somos arquitectos de nuestro  propio destino,FALSE,Eduardo Villalobos #NuevaConstitucion,2009-07-01T03:58:23.000Z
52626317,2021-04-21T03:18:32.000Z,1384708102268796928,@pparcos1 @ElinaOliva Escuchan? #Acusaci√≥nConstitucionalAPi√±era. @PPD_Chile  @PDC_Chile   @PRadicalcl @elfrente_amplio @PCdeChile @ecologistachile @IgualdadPartido @losPROgresistas @FedRegionalista @ComunesCL @Liberales_Chile @la_convergencia @phumanista https://t.co/1TNX1kslZr,es,0,0,0,0,"",edovillalobosf,Somos arquitectos de nuestro  propio destino,FALSE,Eduardo Villalobos #NuevaConstitucion,2009-07-01T03:58:23.000Z
52626317,2021-04-21T03:18:07.000Z,1384707994148085760,@jprojasporchile Escuchan? #Acusaci√≥nConstitucionalAPi√±era. @PPD_Chile  @PDC_Chile   @PRadicalcl @elfrente_amplio @PCdeChile @ecologistachile @IgualdadPartido @losPROgresistas @FedRegionalista @ComunesCL @Liberales_Chile @la_convergencia @phumanista https://t.co/1TNX1kslZr,es,0,0,2,0,"",edovillalobosf,Somos arquitectos de nuestro  propio destino,FALSE,Eduardo Villalobos #NuevaConstitucion,2009-07-01T03:58:23.000Z
52626317,2021-04-21T03:17:44.000Z,1384707897846898689,@GiorgioJackson Escuchan? #Acusaci√≥nConstitucionalAPi√±era. @PPD_Chile  @PDC_Chile   @PRadicalcl @elfrente_amplio @PCdeChile @ecologistachile @IgualdadPartido @losPROgresistas @FedRegionalista @ComunesCL @Liberales_Chile @la_convergencia @phumanista https://t.co/1TNX1kslZr,es,0,0,0,0,"",edovillalobosf,Somos arquitectos de nuestro  propio destino,FALSE,Eduardo Villalobos #NuevaConstitucion,2009-07-01T03:58:23.000Z
52626317,2021-04-21T01:48:22.000Z,1384685407749746692,@sitiodelsuceso @bettyflopy Escuchan? #Acusaci√≥nConstitucionalAPi√±era. @PPD_Chile  @PDC_Chile   @PRadicalcl @elfrente_amplio @PCdeChile @ecologistachile @IgualdadPartido @losPROgresistas @FedRegionalista @ComunesCL @Liberales_Chile @la_convergencia @phumanista https://t.co/OSrk79EYZP,es,0,0,0,0,"",edovillalobosf,Somos arquitectos de nuestro  propio destino,FALSE,Eduardo Villalobos #NuevaConstitucion,2009-07-01T03:58:23.000Z
52626317,2021-04-21T01:54:18.000Z,1384686904549986307,@PiensaPrensa @bettyflopy @sebastianpinera @hernan_sr Escuchan? #Acusaci√≥nConstitucionalAPi√±era. @PPD_Chile  @PDC_Chile   @PRadicalcl @elfrente_amplio @PCdeChile @ecologistachile @IgualdadPartido @losPROgresistas @FedRegionalista @ComunesCL @Liberales_Chile @la_convergencia @phumanista https://t.co/uqYYXvDXmW,es,1,0,1,0,"",edovillalobosf,Somos arquitectos de nuestro  propio destino,FALSE,Eduardo Villalobos #NuevaConstitucion,2009-07-01T03:58:23.000Z
52626317,2021-04-21T03:17:23.000Z,1384707811389722626,@LobaP_ Escuchan? #Acusaci√≥nConstitucionalAPi√±era. @PPD_Chile  @PDC_Chile   @PRadicalcl @elfrente_amplio @PCdeChile @ecologistachile @IgualdadPartido @losPROgresistas @FedRegionalista @ComunesCL @Liberales_Chile @la_convergencia @phumanista https://t.co/1TNX1kslZr,es,9,1,8,1,"",edovillalobosf,Somos arquitectos de nuestro  propio destino,FALSE,Eduardo Villalobos #NuevaConstitucion,2009-07-01T03:58:23.000Z
52626317,2021-04-21T03:16:45.000Z,1384707650500403200,@Enriprimero @ElinaOliva @sebastianpinera Escuchan? #Acusaci√≥nConstitucionalAPi√±era. @PPD_Chile  @PDC_Chile   @PRadicalcl @elfrente_amplio @PCdeChile @ecologistachile @IgualdadPartido @losPROgresistas @FedRegionalista @ComunesCL @Liberales_Chile @la_convergencia @phumanista https://t.co/1TNX1kslZr,es,0,0,0,0,"",edovillalobosf,Somos arquitectos de nuestro  propio destino,FALSE,Eduardo Villalobos #NuevaConstitucion,2009-07-01T03:58:23.000Z
52626317,2021-04-21T02:30:16.000Z,1384695953018474498,@UATVNoticias @BlancaEwert1 Escuchan? #Acusaci√≥nConstitucionalAPi√±era. @PPD_Chile  @PDC_Chile   @PRadicalcl @elfrente_amplio @PCdeChile @ecologistachile @IgualdadPartido @losPROgresistas @FedRegionalista @ComunesCL @Liberales_Chile @la_convergencia @phumanista https://t.co/1TNX1kslZr,es,0,0,0,0,"",edovillalobosf,Somos arquitectos de nuestro  propio destino,FALSE,Eduardo Villalobos #NuevaConstitucion,2009-07-01T03:58:23.000Z
52626317,2021-04-21T03:15:48.000Z,1384707412670795778,@Lusaco0 @ElinaOliva Escuchan? #Acusaci√≥nConstitucionalAPi√±era. @PPD_Chile  @PDC_Chile   @PRadicalcl @elfrente_amplio @PCdeChile @ecologistachile @IgualdadPartido @losPROgresistas @FedRegionalista @ComunesCL @Liberales_Chile @la_convergencia @phumanista,es,2,0,1,0,"",edovillalobosf,Somos arquitectos de nuestro  propio destino,FALSE,Eduardo Villalobos #NuevaConstitucion,2009-07-01T03:58:23.000Z
52626317,2021-04-21T02:28:33.000Z,1384695520736817157,@SilvioUgalde @ElinaOliva Escuchan? #Acusaci√≥nConstitucionalAPi√±era. @PPD_Chile  @PDC_Chile   @PRadicalcl @elfrente_amplio @PCdeChile @ecologistachile @IgualdadPartido @losPROgresistas @FedRegionalista @ComunesCL @Liberales_Chile @la_convergencia @phumanista https://t.co/yVGgznCAgu,es,0,0,0,0,"",edovillalobosf,Somos arquitectos de nuestro  propio destino,FALSE,Eduardo Villalobos #NuevaConstitucion,2009-07-01T03:58:23.000Z
52626317,2021-04-21T02:26:24.000Z,1384694980070027264,@primeralineare1 @BlancaEwert1 Escuchan? #Acusaci√≥nConstitucionalAPi√±era. @PPD_Chile  @PDC_Chile   @PRadicalcl @elfrente_amplio @PCdeChile @ecologistachile @IgualdadPartido @losPROgresistas @FedRegionalista @ComunesCL @Liberales_Chile @la_convergencia @phumanista https://t.co/EGLTtrhajb,es,0,0,0,0,"",edovillalobosf,Somos arquitectos de nuestro  propio destino,FALSE,Eduardo Villalobos #NuevaConstitucion,2009-07-01T03:58:23.000Z
52626317,2021-04-21T02:25:35.000Z,1384694777007026176,@elchedelosgays @BlancaEwert1 @PrimeraLineaTw @RadioTVLiberaci @Radio19deAbril @rvfradiopopular @prensaopal @PamJiles @Pablo_Maltes @GAMBA_CL @su_opazo @EnidSoledad Escuchan? #Acusaci√≥nConstitucionalAPi√±era. @PPD_Chile  @PDC_Chile   @PRadicalcl @elfrente_amplio @PCdeChile @ecologistachile @IgualdadPartido @losPROgresistas @FedRegionalista @ComunesCL @Liberales_Chile @la_convergencia @phumanista https://t.co/hA0bBxS8y2,es,0,0,2,0,"",edovillalobosf,Somos arquitectos de nuestro  propio destino,FALSE,Eduardo Villalobos #NuevaConstitucion,2009-07-01T03:58:23.000Z
52626317,2021-04-21T02:24:06.000Z,1384694400039653378,@FreckIed1 Escuchan? #Acusaci√≥nConstitucionalAPi√±era. @PPD_Chile  @PDC_Chile   @PRadicalcl @elfrente_amplio @PCdeChile @ecologistachile @IgualdadPartido @losPROgresistas @FedRegionalista @ComunesCL @Liberales_Chile @la_convergencia @phumanista https://t.co/dVFu6WAtDn,es,0,0,0,0,"",edovillalobosf,Somos arquitectos de nuestro  propio destino,FALSE,Eduardo Villalobos #NuevaConstitucion,2009-07-01T03:58:23.000Z
52626317,2021-04-21T02:23:34.000Z,1384694265851297793,@teacher_andy @BlancaEwert1 Escuchan? #Acusaci√≥nConstitucionalAPi√±era. @PPD_Chile  @PDC_Chile   @PRadicalcl @elfrente_amplio @PCdeChile @ecologistachile @IgualdadPartido @losPROgresistas @FedRegionalista @ComunesCL @Liberales_Chile @la_convergencia @phumanista https://t.co/hPf1YBQmX1,es,0,0,0,0,"",edovillalobosf,Somos arquitectos de nuestro  propio destino,FALSE,Eduardo Villalobos #NuevaConstitucion,2009-07-01T03:58:23.000Z
52626317,2021-04-21T02:23:06.000Z,1384694148557639686,@GiorgioJackson Escuchan? #Acusaci√≥nConstitucionalAPi√±era. @PPD_Chile  @PDC_Chile   @PRadicalcl @elfrente_amplio @PCdeChile @ecologistachile @IgualdadPartido @losPROgresistas @FedRegionalista @ComunesCL @Liberales_Chile @la_convergencia @phumanista https://t.co/6toLeNbJqe,es,0,0,0,0,"",edovillalobosf,Somos arquitectos de nuestro  propio destino,FALSE,Eduardo Villalobos #NuevaConstitucion,2009-07-01T03:58:23.000Z
52626317,2021-04-21T02:22:41.000Z,1384694046552203265,@christianpviera Escuchan? #Acusaci√≥nConstitucionalAPi√±era. @PPD_Chile  @PDC_Chile   @PRadicalcl @elfrente_amplio @PCdeChile @ecologistachile @IgualdadPartido @losPROgresistas @FedRegionalista @ComunesCL @Liberales_Chile @la_convergencia @phumanista https://t.co/XRTHg5YO9n,es,0,0,0,0,"",edovillalobosf,Somos arquitectos de nuestro  propio destino,FALSE,Eduardo Villalobos #NuevaConstitucion,2009-07-01T03:58:23.000Z
52626317,2021-04-21T01:38:09.000Z,1384682837199097863,@RadioTVLiberaci @PedroAbarcaPRO Escuchan? #Acusaci√≥nConstitucionalAPi√±era. @PPD_Chile  @PDC_Chile   @PRadicalcl @elfrente_amplio @PCdeChile @ecologistachile @IgualdadPartido @losPROgresistas @FedRegionalista @ComunesCL @Liberales_Chile @la_convergencia @phumanista https://t.co/tfeI6rUL1V,es,2,0,2,0,"",edovillalobosf,Somos arquitectos de nuestro  propio destino,FALSE,Eduardo Villalobos #NuevaConstitucion,2009-07-01T03:58:23.000Z
52626317,2021-04-21T02:29:36.000Z,1384695786060013570,@alberto2017cruz @ElinaOliva Escuchan? #Acusaci√≥nConstitucionalAPi√±era. @PPD_Chile  @PDC_Chile   @PRadicalcl @elfrente_amplio @PCdeChile @ecologistachile @IgualdadPartido @losPROgresistas @FedRegionalista @ComunesCL @Liberales_Chile @la_convergencia @phumanista https://t.co/Pu7e75TJk2,es,0,0,0,0,"",edovillalobosf,Somos arquitectos de nuestro  propio destino,FALSE,Eduardo Villalobos #NuevaConstitucion,2009-07-01T03:58:23.000Z
52626317,2021-04-21T01:53:57.000Z,1384686815374974976,@mauricio_weibel @bettyflopy Escuchan? #Acusaci√≥nConstitucionalAPi√±era. @PPD_Chile  @PDC_Chile   @PRadicalcl @elfrente_amplio @PCdeChile @ecologistachile @IgualdadPartido @losPROgresistas @FedRegionalista @ComunesCL @Liberales_Chile @la_convergencia @phumanista https://t.co/lTQOVnPJcO,es,0,1,0,0,"",edovillalobosf,Somos arquitectos de nuestro  propio destino,FALSE,Eduardo Villalobos #NuevaConstitucion,2009-07-01T03:58:23.000Z
52626317,2021-04-21T01:53:30.000Z,1384686702233624582,@Patriick_Niico @bettyflopy @sebastianpinera Escuchan? #Acusaci√≥nConstitucionalAPi√±era. @PPD_Chile  @PDC_Chile   @PRadicalcl @elfrente_amplio @PCdeChile @ecologistachile @IgualdadPartido @losPROgresistas @FedRegionalista @ComunesCL @Liberales_Chile @la_convergencia @phumanista https://t.co/kZr1gDOSkL,es,0,0,0,0,"",edovillalobosf,Somos arquitectos de nuestro  propio destino,FALSE,Eduardo Villalobos #NuevaConstitucion,2009-07-01T03:58:23.000Z
52626317,2021-04-21T01:46:37.000Z,1384684968601956356,@pipecirano @bettyflopy Escuchan? #Acusaci√≥nConstitucionalAPi√±era. @PPD_Chile  @PDC_Chile   @PRadicalcl @elfrente_amplio @PCdeChile @ecologistachile @IgualdadPartido @losPROgresistas @FedRegionalista @ComunesCL @Liberales_Chile @la_convergencia @phumanista https://t.co/9F1nbsJQJE,es,0,0,0,0,"",edovillalobosf,Somos arquitectos de nuestro  propio destino,FALSE,Eduardo Villalobos #NuevaConstitucion,2009-07-01T03:58:23.000Z
52626317,2021-04-21T01:57:31.000Z,1384687711697608705,@UWeones @ElinaOliva Escuchan? #Acusaci√≥nConstitucionalAPi√±era. @PPD_Chile  @PDC_Chile   @PRadicalcl @elfrente_amplio @PCdeChile @ecologistachile @IgualdadPartido @losPROgresistas @FedRegionalista @ComunesCL @Liberales_Chile @la_convergencia @phumanista https://t.co/pYQ9Z33oyp,es,0,0,0,0,"",edovillalobosf,Somos arquitectos de nuestro  propio destino,FALSE,Eduardo Villalobos #NuevaConstitucion,2009-07-01T03:58:23.000Z
52626317,2021-04-21T01:42:20.000Z,1384683892226117632,@Chileokulto @ElinaOliva @sebastianpinera Escuchan? #Acusaci√≥nConstitucionalAPi√±era. @PPD_Chile  @PDC_Chile   @PRadicalcl @elfrente_amplio @PCdeChile @ecologistachile @IgualdadPartido @losPROgresistas @FedRegionalista @ComunesCL @Liberales_Chile @la_convergencia @phumanista https://t.co/0xp4i3sZRd,es,2,0,7,0,"",edovillalobosf,Somos arquitectos de nuestro  propio destino,FALSE,Eduardo Villalobos #NuevaConstitucion,2009-07-01T03:58:23.000Z
52626317,2021-04-21T01:53:02.000Z,1384686584910553089,@PaulystiK @bettyflopy @sebastianpinera @GobiernodeChile Escuchan? #Acusaci√≥nConstitucionalAPi√±era. @PPD_Chile  @PDC_Chile   @PRadicalcl @elfrente_amplio @PCdeChile @ecologistachile @IgualdadPartido @losPROgresistas @FedRegionalista @ComunesCL @Liberales_Chile @la_convergencia @phumanista https://t.co/Z3oc1VIWNQ,es,0,0,1,0,"",edovillalobosf,Somos arquitectos de nuestro  propio destino,FALSE,Eduardo Villalobos #NuevaConstitucion,2009-07-01T03:58:23.000Z
52626317,2021-04-21T01:58:11.000Z,1384687881655042059,@_felipecofre Escuchan? #Acusaci√≥nConstitucionalAPi√±era. @PPD_Chile  @PDC_Chile   @PRadicalcl @elfrente_amplio @PCdeChile @ecologistachile @IgualdadPartido @losPROgresistas @FedRegionalista @ComunesCL @Liberales_Chile @la_convergencia @phumanista https://t.co/Oz0OzY9EeU,es,0,0,2,0,"",edovillalobosf,Somos arquitectos de nuestro  propio destino,FALSE,Eduardo Villalobos #NuevaConstitucion,2009-07-01T03:58:23.000Z
52626317,2021-04-21T01:52:10.000Z,1384686365309341705,@Maritzapruebo Escuchan? #Acusaci√≥nConstitucionalAPi√±era. @PPD_Chile  @PDC_Chile   @PRadicalcl @elfrente_amplio @PCdeChile @ecologistachile @IgualdadPartido @losPROgresistas @FedRegionalista @ComunesCL @Liberales_Chile @la_convergencia @phumanista https://t.co/y5pqnNVkDr,es,0,0,0,0,"",edovillalobosf,Somos arquitectos de nuestro  propio destino,FALSE,Eduardo Villalobos #NuevaConstitucion,2009-07-01T03:58:23.000Z
52626317,2021-04-21T01:57:02.000Z,1384687589224030210,@jorque2224 @BlancaEwert1 @christianpviera @pelaorodrigorc Escuchan? #Acusaci√≥nConstitucionalAPi√±era. @PPD_Chile  @PDC_Chile   @PRadicalcl @elfrente_amplio @PCdeChile @ecologistachile @IgualdadPartido @losPROgresistas @FedRegionalista @ComunesCL @Liberales_Chile @la_convergencia @phumanista https://t.co/tX5QQUrUgJ,es,0,0,0,0,"",edovillalobosf,Somos arquitectos de nuestro  propio destino,FALSE,Eduardo Villalobos #NuevaConstitucion,2009-07-01T03:58:23.000Z
52626317,2021-04-21T01:50:12.000Z,1384685872096894977,@mauricio_weibel Vic Mackenna 1200. Escuchan? #Acusaci√≥nConstitucionalAPi√±era. @PPD_Chile  @PDC_Chile   @PRadicalcl @elfrente_amplio @PCdeChile @ecologistachile @IgualdadPartido @losPROgresistas @FedRegionalista @ComunesCL @Liberales_Chile @la_convergencia @phumanista https://t.co/SxPcFY5r25,es,0,0,0,0,"",edovillalobosf,Somos arquitectos de nuestro  propio destino,FALSE,Eduardo Villalobos #NuevaConstitucion,2009-07-01T03:58:23.000Z
52626317,2021-04-21T01:56:16.000Z,1384687395556184065,@NYC_Prod @sebastianpinera @TRIBCONST_CHILE @PortalPortuario Escuchan? #Acusaci√≥nConstitucionalAPi√±era. @PPD_Chile  @PDC_Chile   @PRadicalcl @elfrente_amplio @PCdeChile @ecologistachile @IgualdadPartido @losPROgresistas @FedRegionalista @ComunesCL @Liberales_Chile @la_convergencia @phumanista https://t.co/wDvPcQ9GRg,es,5,0,3,0,"",edovillalobosf,Somos arquitectos de nuestro  propio destino,FALSE,Eduardo Villalobos #NuevaConstitucion,2009-07-01T03:58:23.000Z
52626317,2021-04-21T01:48:23.000Z,1384685412984279041,@Francis59320797 @bettyflopy Escuchan? #Acusaci√≥nConstitucionalAPi√±era. @PPD_Chile  @PDC_Chile   @PRadicalcl @elfrente_amplio @PCdeChile @ecologistachile @IgualdadPartido @losPROgresistas @FedRegionalista @ComunesCL @Liberales_Chile @la_convergencia @phumanista https://t.co/fUcAyF4dbf,es,0,0,1,0,"",edovillalobosf,Somos arquitectos de nuestro  propio destino,FALSE,Eduardo Villalobos #NuevaConstitucion,2009-07-01T03:58:23.000Z
52626317,2021-04-21T01:59:18.000Z,1384688159016067078,"@alexis88614364 @mauricio_weibel @bettyflopy @PPD_Chile @PDC_Chile @PRadicalcl @elfrente_amplio @PCdeChile @ecologistachile @IgualdadPartido @losPROgresistas @FedRegionalista @ComunesCL @Liberales_Chile @la_convergencia @phumanista De acuerdo. Pero son los √∫nicos que lo pueden sacar, ya que nosotros no salimos a tomarnos las calles. Nosotros lo tenemos ah√≠",es,0,1,0,0,"",edovillalobosf,Somos arquitectos de nuestro  propio destino,FALSE,Eduardo Villalobos #NuevaConstitucion,2009-07-01T03:58:23.000Z
52626317,2021-04-21T01:40:02.000Z,1384683313462394883,@Jesus_Enrique88 @bettyflopy Escuchan? #Acusaci√≥nConstitucionalAPi√±era. @PPD_Chile  @PDC_Chile   @PRadicalcl @elfrente_amplio @PCdeChile @ecologistachile @IgualdadPartido @losPROgresistas @FedRegionalista @ComunesCL @Liberales_Chile @la_convergencia @phumanista https://t.co/0xlI3v8Pwe,es,0,0,0,0,"",edovillalobosf,Somos arquitectos de nuestro  propio destino,FALSE,Eduardo Villalobos #NuevaConstitucion,2009-07-01T03:58:23.000Z
52626317,2021-04-21T01:47:00.000Z,1384685064827572224,@Gonaraya @bettyflopy Escuchan? #Acusaci√≥nConstitucionalAPi√±era. @PPD_Chile  @PDC_Chile   @PRadicalcl @elfrente_amplio @PCdeChile @ecologistachile @IgualdadPartido @losPROgresistas @FedRegionalista @ComunesCL @Liberales_Chile @la_convergencia @phumanista https://t.co/E4QU9Sy71E,es,0,0,0,0,"",edovillalobosf,Somos arquitectos de nuestro  propio destino,FALSE,Eduardo Villalobos #NuevaConstitucion,2009-07-01T03:58:23.000Z
52626317,2021-04-21T01:51:10.000Z,1384686112812277760,@DonLibrotecario Escuchan? #Acusaci√≥nConstitucionalAPi√±era. @PPD_Chile  @PDC_Chile   @PRadicalcl @elfrente_amplio @PCdeChile @ecologistachile @IgualdadPartido @losPROgresistas @FedRegionalista @ComunesCL @Liberales_Chile @la_convergencia @phumanista https://t.co/J8p7kaEnMO,es,1,0,0,0,"",edovillalobosf,Somos arquitectos de nuestro  propio destino,FALSE,Eduardo Villalobos #NuevaConstitucion,2009-07-01T03:58:23.000Z
52626317,2021-04-21T01:42:50.000Z,1384684019024072704,@EPInforma @PedroAbarcaPRO Escuchan? #Acusaci√≥nConstitucionalAPi√±era. @PPD_Chile  @PDC_Chile   @PRadicalcl @elfrente_amplio @PCdeChile @ecologistachile @IgualdadPartido @losPROgresistas @FedRegionalista @ComunesCL @Liberales_Chile @la_convergencia @phumanista https://t.co/KLcXmA2gpr,es,0,0,0,0,"",edovillalobosf,Somos arquitectos de nuestro  propio destino,FALSE,Eduardo Villalobos #NuevaConstitucion,2009-07-01T03:58:23.000Z
52626317,2021-04-21T01:41:54.000Z,1384683780099694594,@PiensaPrensa @PedroAbarcaPRO Escuchan? #Acusaci√≥nConstitucionalAPi√±era. @PPD_Chile  @PDC_Chile   @PRadicalcl @elfrente_amplio @PCdeChile @ecologistachile @IgualdadPartido @losPROgresistas @FedRegionalista @ComunesCL @Liberales_Chile @la_convergencia @phumanista https://t.co/SYD36v36N3,es,0,0,0,0,"",edovillalobosf,Somos arquitectos de nuestro  propio destino,FALSE,Eduardo Villalobos #NuevaConstitucion,2009-07-01T03:58:23.000Z
52626317,2021-04-21T01:41:21.000Z,1384683645550608384,@EPInforma @PedroAbarcaPRO Escuchan? #Acusaci√≥nConstitucionalAPi√±era. @PPD_Chile  @PDC_Chile   @PRadicalcl @elfrente_amplio @PCdeChile @ecologistachile @IgualdadPartido @losPROgresistas @FedRegionalista @ComunesCL @Liberales_Chile @la_convergencia @phumanista https://t.co/PHZ2obCEYv,es,0,0,0,0,"",edovillalobosf,Somos arquitectos de nuestro  propio destino,FALSE,Eduardo Villalobos #NuevaConstitucion,2009-07-01T03:58:23.000Z
52626317,2021-04-21T01:40:45.000Z,1384683492513026051,@urriaangel @bettyflopy Escuchan? #Acusaci√≥nConstitucionalAPi√±era. @PPD_Chile  @PDC_Chile   @PRadicalcl @elfrente_amplio @PCdeChile @ecologistachile @IgualdadPartido @losPROgresistas @FedRegionalista @ComunesCL @Liberales_Chile @la_convergencia @phumanista https://t.co/FpaOH6VYfS,es,0,0,0,0,"",edovillalobosf,Somos arquitectos de nuestro  propio destino,FALSE,Eduardo Villalobos #NuevaConstitucion,2009-07-01T03:58:23.000Z
52626317,2021-04-21T01:39:04.000Z,1384683070494756864,@Jesus_Enrique88 @bettyflopy Escuchan? #Acusaci√≥nConstitucionalAPi√±era. @PPD_Chile  @PDC_Chile   @PRadicalcl @elfrente_amplio @PCdeChile @ecologistachile @IgualdadPartido @losPROgresistas @FedRegionalista @ComunesCL @Liberales_Chile @la_convergencia @phumanista https://t.co/3LtxGjy0Ic,es,0,0,0,0,"",edovillalobosf,Somos arquitectos de nuestro  propio destino,FALSE,Eduardo Villalobos #NuevaConstitucion,2009-07-01T03:58:23.000Z
52626317,2021-04-21T01:38:39.000Z,1384682963997184002,@RadioTVLiberaci @PedroAbarcaPRO Escuchan? #Acusaci√≥nConstitucionalAPi√±era. @PPD_Chile  @PDC_Chile   @PRadicalcl @elfrente_amplio @PCdeChile @ecologistachile @IgualdadPartido @losPROgresistas @FedRegionalista @ComunesCL @Liberales_Chile @la_convergencia @phumanista https://t.co/lWqzL0otwP,es,20,0,17,0,"",edovillalobosf,Somos arquitectos de nuestro  propio destino,FALSE,Eduardo Villalobos #NuevaConstitucion,2009-07-01T03:58:23.000Z
560295547,2021-04-21T02:00:21.000Z,1384688425094287363,"@karina_ol @cabezas_moreira @siliconvalle @ComunesCL @danielstingo @gabrielboric @GiorgioJackson @renenaranjo @Mister_Wolf_0 @elfrente_amplio @jjcc_chile @KarolCariola y si tienen que subir los sueldos cual es el problema? √©l es uno de tantos que son parte del gran problema en Chile, abusan del trabajador con sueldos asquerosos mientras ellos se llenan los bolsillos gracias a la legislaci√≥n que los favorece.",es,0,0,0,0,"",emiliano_valdi,Las riquezas de Chile para todos los chilenos y no para unos pocos. #Elaguaesdetodos. Obvio #Apruebo #FueraPi√±era,FALSE,Emilio,2012-04-22T13:27:56.000Z
624248701,2021-04-21T02:15:06.000Z,1384692137447497730,@karina_ol @siliconvalle @ComunesCL @danielstingo @gabrielboric @GiorgioJackson @renenaranjo @Mister_Wolf_0 @elfrente_amplio @jjcc_chile @KarolCariola Siempre lo digo estos entes solo nos ven como animales de trabajo.,es,0,0,0,0,"",eriz57,Mam√°,FALSE,Mirtha Eriz,2012-07-02T01:20:41.000Z
66748971,2021-04-21T03:17:34.000Z,1384707856058966017,"@Camila_RojasV @ComunesCL @elfrente_amplio Y por qu√©, en vez de webiar con una acusaci√≥n que no tiene ning√∫n futuro, no llaman a un gran paro nacional?",es,0,0,0,0,"",joeheimg,Los n√∫meros irracionales y los dolores al final del cuento son el reflejo de las imperfecciones de Dios. Tard√≠grado.,FALSE,Joe Heim,2009-08-18T17:58:49.000Z
709695464,2021-04-21T05:04:40.000Z,1384734809617014785,@Claudia_Mix @ComunesCL De algo estamos segur@s tu no te morir√°s de hambre. zurda,es,0,0,0,0,"",Mondayblu_blu,"27, FANS DE THE CURE, SOY DE LA SECTA DEL 22%.‚ò≠‚É†.Y NO HABL√ì CON ZURDOS. #DiosPatriaYFamilia.",FALSE,‚ò≠‚É†Angy L Kaos,2012-07-21T22:45:40.000Z
709695464,2021-04-21T05:03:44.000Z,1384734575658782721,@Claudia_Mix @ComunesCL https://t.co/nmfoZVbZiz,und,0,0,0,0,"",Mondayblu_blu,"27, FANS DE THE CURE, SOY DE LA SECTA DEL 22%.‚ò≠‚É†.Y NO HABL√ì CON ZURDOS. #DiosPatriaYFamilia.",FALSE,‚ò≠‚É†Angy L Kaos,2012-07-21T22:45:40.000Z
77646862,2021-04-21T03:45:56.000Z,1384714996853190658,"Tenemos #ElPeorPresidenteDeLaHistoria un MISERABLE!! Se viene el #ParoNacional 

@ComunesCL https://t.co/8ZAVpAZ1gc",es,2,0,0,0,"",DavidCastilloP,"Polit√≥logo-Cin√©filo-Mueblista, militante de @ComunesCL",FALSE,√ëo√±o,2009-09-27T03:16:15.000Z
98675819,2021-04-21T04:43:24.000Z,1384729457139855361,@karina_ol @siliconvalle @ComunesCL @danielstingo @gabrielboric @GiorgioJackson @renenaranjo @Mister_Wolf_0 @elfrente_amplio @jjcc_chile @KarolCariola Menos mal que no existe una ley de compra y venta  de esclavos,es,0,0,0,0,https://t.co/ckJSv2Iujz,benxis,"Fonoaudi√≥loga UDD Me gustan los libros, los cl√°sicos en pel√≠culas,series y m√∫sica rock. amo el ocio es justo y necesario para el ser humano",FALSE,Bel√©n Gonz√°lez,2009-12-22T17:04:34.000Z
990789289872064512,2021-04-21T05:28:12.000Z,1384740732305559552,@SJARG @Gabhiitota @elhijodelteto @karina_ol @siliconvalle @ComunesCL @danielstingo @gabrielboric @GiorgioJackson @renenaranjo @Mister_Wolf_0 @elfrente_amplio @jjcc_chile @KarolCariola Tienes Raz√≥n,es,0,0,0,0,"",BlameyEvy,"Somos Hija e madre que amamos a bts pero adoramos a Sugaüíúüíúüíúüíúüíú
Fan Account ‚òâüåü My Soulmate @soty27164986",FALSE,Evy Blamey ‚Å∑ üê±W·¥á ·¥Ä Ä·¥á ·¥è…¥ ü è‚Çáüê≥üê≥üíúüíú Yoongi dayüçä,2018-04-30T03:05:49.000Z
990789289872064512,2021-04-21T05:09:22.000Z,1384735994688196608,"@SJARG @Gabhiitota @elhijodelteto @karina_ol @siliconvalle @ComunesCL @danielstingo @gabrielboric @GiorgioJackson @renenaranjo @Mister_Wolf_0 @elfrente_amplio @jjcc_chile @KarolCariola Si  , Tienes Raz√≥n",es,0,0,0,0,"",BlameyEvy,"Somos Hija e madre que amamos a bts pero adoramos a Sugaüíúüíúüíúüíúüíú
Fan Account ‚òâüåü My Soulmate @soty27164986",FALSE,Evy Blamey ‚Å∑ üê±W·¥á ·¥Ä Ä·¥á ·¥è…¥ ü è‚Çáüê≥üê≥üíúüíú Yoongi dayüçä,2018-04-30T03:05:49.000Z
990789289872064512,2021-04-21T04:47:06.000Z,1384730388455636993,"@SJARG @Gabhiitota @elhijodelteto @karina_ol @siliconvalle @ComunesCL @danielstingo @gabrielboric @GiorgioJackson @renenaranjo @Mister_Wolf_0 @elfrente_amplio @jjcc_chile @KarolCariola Los Contratos en construcci√≥n son A Sueldo Fijo nadie Hace contratos a trato ,Adem√°s Hay un sueldo m√≠nimo ,Nadie puede imponer por menos de eso y a medida que su sueldo es m√°s Alto m√°s se impone .",es,0,2,0,0,"",BlameyEvy,"Somos Hija e madre que amamos a bts pero adoramos a Sugaüíúüíúüíúüíúüíú
Fan Account ‚òâüåü My Soulmate @soty27164986",FALSE,Evy Blamey ‚Å∑ üê±W·¥á ·¥Ä Ä·¥á ·¥è…¥ ü è‚Çáüê≥üê≥üíúüíú Yoongi dayüçä,2018-04-30T03:05:49.000Z
990789289872064512,2021-04-21T04:12:17.000Z,1384721628295307264,@SJARG @Gabhiitota @elhijodelteto @karina_ol @siliconvalle @ComunesCL @danielstingo @gabrielboric @GiorgioJackson @renenaranjo @Mister_Wolf_0 @elfrente_amplio @jjcc_chile @KarolCariola Claro en ese Punto tienes Raz√≥n,es,0,0,0,0,"",BlameyEvy,"Somos Hija e madre que amamos a bts pero adoramos a Sugaüíúüíúüíúüíúüíú
Fan Account ‚òâüåü My Soulmate @soty27164986",FALSE,Evy Blamey ‚Å∑ üê±W·¥á ·¥Ä Ä·¥á ·¥è…¥ ü è‚Çáüê≥üê≥üíúüíú Yoongi dayüçä,2018-04-30T03:05:49.000Z
990789289872064512,2021-04-21T04:52:36.000Z,1384731772819230720,@SJARG @Gabhiitota @elhijodelteto @karina_ol @siliconvalle @ComunesCL @danielstingo @gabrielboric @GiorgioJackson @renenaranjo @Mister_Wolf_0 @elfrente_amplio @jjcc_chile @KarolCariola Si se cumple con todo se supone que se devuelve y eso casi nunca sucede .,es,0,2,0,0,"",BlameyEvy,"Somos Hija e madre que amamos a bts pero adoramos a Sugaüíúüíúüíúüíúüíú
Fan Account ‚òâüåü My Soulmate @soty27164986",FALSE,Evy Blamey ‚Å∑ üê±W·¥á ·¥Ä Ä·¥á ·¥è…¥ ü è‚Çáüê≥üê≥üíúüíú Yoongi dayüçä,2018-04-30T03:05:49.000Z
990789289872064512,2021-04-21T04:50:39.000Z,1384731284455542786,"@SJARG @Gabhiitota @elhijodelteto @karina_ol @siliconvalle @ComunesCL @danielstingo @gabrielboric @GiorgioJackson @renenaranjo @Mister_Wolf_0 @elfrente_amplio @jjcc_chile @KarolCariola Las Constructoras al Subcontratar se desligan de muchas y ahorran en Gastos administativo ,Epp ,Etc ,Adem√°s a los subcontratos les descuentan el 5% o El 10 % De retenci√≥n para supuestamente pagar al Trabajador en caso de no cumplir +",es,0,1,0,0,"",BlameyEvy,"Somos Hija e madre que amamos a bts pero adoramos a Sugaüíúüíúüíúüíúüíú
Fan Account ‚òâüåü My Soulmate @soty27164986",FALSE,Evy Blamey ‚Å∑ üê±W·¥á ·¥Ä Ä·¥á ·¥è…¥ ü è‚Çáüê≥üê≥üíúüíú Yoongi dayüçä,2018-04-30T03:05:49.000Z
