author_id,id,created_at.x,lang,text,public_metrics.retweet_count,public_metrics.reply_count,public_metrics.like_count,public_metrics.quote_count,name,url,description,verified,created_at.y,username
1007049566,1384645212635598857,2021-04-20T23:08:38.000Z,es,"@daniel_nunez_a No es una provocaciÃ³n, es un acto. Si te sientes provocado es tu problema.",0,0,1,0,Alejandro Covarrubias,"",Interesado en verificar como con el IVA y otros impuestos  ( total 25%) ya trabajamos una semana cada  mes para el fisco.,FALSE,2012-12-12T18:51:35.000Z,Vamos_A_Londres
1053107032658714627,1384666690970083333,2021-04-21T00:33:59.000Z,es,@gino_sturla @cristobal_palma @gabrielboric @DMatamala @alejandramatus @PamJiles @paulanarvaezo @r_guerrerof @GiorgioJackson @mirnaschindler @gonzalowinter @pablovidalrojas @danieljadue @HeraldoMunoz @daniel_nunez_a @camila_vallejo @ramonlopez54 Aqui un paper relacionado que puede ser util para esta discusion: https://t.co/5LrWweECFI,0,0,0,0,Federico Huneeus,https://t.co/yt5CXb1e9T,I study the behavior of firms | Economist at the Central Bank of Chile @bcentralchile. Previously: @YaleEconomics Postdoc | @PrincetonEcon PhD,FALSE,2018-10-19T02:14:17.000Z,FedericoHuneeus
1055786642739548163,1384636549225226242,2021-04-20T22:34:13.000Z,es,@mariseka @Diputados_PC @daniel_nunez_a @PCdeChile @ValeMirandaCC @KarolCariola @carmen_hertz @jjcc_chile @DiputadoMoraga @luiscuellop @PrensaPCdeChile Y se van a quedar sentados esperando que pasa..es ahora cuando tienen que demostrar por que mierda votamos por uds,0,0,0,0,Paola RamÃ­rez,"",SOY PERFECTAMENTE IMPERFECTAğŸ§¡ğŸ§¡ğŸ§¡,FALSE,2018-10-26T11:42:05.000Z,Paola19814513
1063096597557448704,1384674487992557576,2021-04-21T01:04:58.000Z,es,"@daniel_nunez_a Callate ğŸ’©

Que hay de ajustar el sueldo de los parasitos del congreso a la realidad del pais?",0,0,0,0,Suricata,"","",FALSE,2018-11-15T15:49:15.000Z,antroniana
106734139,1384667938125398017,2021-04-21T00:38:56.000Z,tl,@daniel_nunez_a Chapala,0,0,0,0,Charly,"",Tengo la bendiciÃ³n de poder cumplir mis sueÃ±os. Feliz con mis mujeres,FALSE,2010-01-20T14:44:43.000Z,facundo_fx
107725820,1384665063332749312,2021-04-21T00:27:31.000Z,es,"@KarolCariola @camila_vallejo @daniel_nunez_a @GorgioJackson @GaelDiputada @gabrielboric
@mariseka 
Que se necesita para presentar una acusaciÃ³n constitucional contra PiÃ±era.
Hay notable abandonÃ³ de deberes al dejar al pueblo sufrir de Ambre, violaciÃ³n de DDHH etc.",0,0,0,0,carlos # Daniel Jadue Presidente,"","Comunista, luchando por los derechos de los trabajadores",FALSE,2010-01-23T14:27:48.000Z,carlos1973aceve
109961313,1384637544688668672,2021-04-20T22:38:10.000Z,es,"@mariseka @Diputados_PC @daniel_nunez_a @PCdeChile @ValeMirandaCC @KarolCariola @carmen_hertz @jjcc_chile @DiputadoMoraga @luiscuellop @PrensaPCdeChile NingÃºn voto para cualquier candidato Cercano a PiÃ±era, paras las constituyentes y presidenciales. No queremos mas asesinos e indolentes en este paÃ­s.",0,0,1,0,luis salinas salazar,"","",FALSE,2010-01-30T21:24:52.000Z,lass39
111032669,1384723736071397377,2021-04-21T04:20:40.000Z,es,@daniel_nunez_a Desde manaÃ±a todos a acampar afuera del TC pacÃ­ficamente a hacer presiÃ³n Â¡Â¡... No nos moveranÂ¡ https://t.co/BRsfgVUWSh,0,0,0,0,APRUEBO,"",ResurrecciÃ³n del pueblo?,FALSE,2010-02-03T15:47:30.000Z,Guszalo
1123659022031314946,1384645252494069760,2021-04-20T23:08:48.000Z,es,@daniel_nunez_a @PCdeChile Cazerolazo no estallido 2.0 y era,0,1,0,0,Luis Alarcon,"","",FALSE,2019-05-01T18:42:42.000Z,LuisAla03324583
116557229,1384645655558295552,2021-04-20T23:10:24.000Z,und,@daniel_nunez_a @ZurdoCritico #AcusacionConstitucionalAPiÃ±era,0,0,0,0,Michael Diaz ğŸŒˆ,https://t.co/og02IzAPy5,"El wn de la sal, sigan mi IG del emprendimiento @que_sal_",FALSE,2010-02-22T22:16:10.000Z,mdiazmancilla
1176113006184488960,1384648797809164288,2021-04-20T23:22:53.000Z,es,"@daniel_nunez_a La pelota es MÃA.....
Mucha plata para ser weonnnn.
AsÃ­ te recordarÃ¡n.",0,0,0,0,kekoBowmanbotaelmono,"",ğŸ¤”,FALSE,2019-09-23T12:36:17.000Z,keko21210707
118415203,1384638756767031302,2021-04-20T22:42:59.000Z,es,@mariseka @Diputados_PC @daniel_nunez_a @PCdeChile @ValeMirandaCC @KarolCariola @carmen_hertz @jjcc_chile @DiputadoMoraga @luiscuellop @PrensaPCdeChile Y tu quÃ© harÃ¡s al respecto? si tu voto para el dictador no vale nada,0,0,0,0,ğŸ‡¨ğŸ‡± Michel J ğŸ‡¨ğŸ‡±,"","Profesor.
Me sigues, te sigo.",FALSE,2010-02-28T16:25:46.000Z,MGJorquera
1185565489134800901,1384736827102334977,2021-04-21T05:12:41.000Z,es,"@daniel_nunez_a Por las Calles de Santiago Veo.....

ADIOS SEBASTIAN 
ADIOS SEBASTIAN",0,0,0,0,cHarli,"",Tranquilidad,FALSE,2019-10-19T14:37:13.000Z,char1234ch
1185565489134800901,1384638229731815424,2021-04-20T22:40:53.000Z,es,"@mariseka @Diputados_PC @daniel_nunez_a @PCdeChile @ValeMirandaCC @KarolCariola @carmen_hertz @jjcc_chile @DiputadoMoraga @luiscuellop @PrensaPCdeChile MARISELA .....hagan su pega ahora
AcusaciÃ³n Constitucional contra el Millonario PIÃ‘ERA ahora y que vaya a la carcel. VEREMOS SI LOS PARLAMENTARIOS SON DE VERDAD",0,0,0,0,cHarli,"",Tranquilidad,FALSE,2019-10-19T14:37:13.000Z,char1234ch
1185981957932535809,1384680038642114566,2021-04-21T01:27:01.000Z,es,@daniel_nunez_a No puedo porque tengo mi olla llena gracias a Dios y a quÃ© siempre he trabajado y vivo en la pintana,0,0,1,0,Magic,"","Soy del 22 %...a mucha honra Dios ,patria,libertad.",FALSE,2019-10-20T18:12:02.000Z,rivera_sanhueza
1187080108739321856,1384635333799727106,2021-04-20T22:29:23.000Z,es,@mariseka @Diputados_PC @daniel_nunez_a @PCdeChile @ValeMirandaCC @KarolCariola @carmen_hertz @jjcc_chile @DiputadoMoraga @luiscuellop @PrensaPCdeChile Creo que llegÃ³ la hora del adiÃ³s para @sebastianpinera en sus manos esta @mariseka saquemos la rata de la moneda!!!!,0,0,0,0,SebastiÃ¡n Olea B.,"",Padre de una hermosa niÃ±a y otra en camino. Se que vamos por buen camino!!!,FALSE,2019-10-23T18:55:46.000Z,SebaOleaB
1187957488848719873,1384719728002936837,2021-04-21T04:04:44.000Z,es,"@daniel_nunez_a https://t.co/eAl5F57eyc

Mire por eso SebastiÃ¡n PiÃ±era debiÃ³ ser acusado constituciÃ³n lamente los pacos intentando entrar un block por sonar sus ollas",0,0,0,0,æ¥“,"","HolağŸ’–
No me gusta las injusticias.
Defiendo a los niÃ±os, animales, y alas personas mayores.",FALSE,2019-10-26T05:01:59.000Z,Amann86130009
1188535818803187712,1384714681441529858,2021-04-21T03:44:41.000Z,es,@mariseka @Diputados_PC @daniel_nunez_a @PCdeChile @ValeMirandaCC @KarolCariola @carmen_hertz @jjcc_chile @DiputadoMoraga @luiscuellop @PrensaPCdeChile Y cual serÃ¡ la soluciÃ³n??,0,0,0,0,Lichita,"","",FALSE,2019-10-27T19:20:09.000Z,lichitalau
119117688,1384634266483630081,2021-04-20T22:25:09.000Z,und,@mariseka @Diputados_PC @daniel_nunez_a @PCdeChile @ValeMirandaCC @KarolCariola @carmen_hertz @jjcc_chile @DiputadoMoraga @luiscuellop @PrensaPCdeChile ğŸ”¥ğŸ”¥ğŸ”¥ğŸ”¥ğŸ”¥ğŸ”¥,0,0,1,0,Wil Cortes,"",ahijado de @PamJiles ...,FALSE,2010-03-02T18:35:09.000Z,Wilcortes
1193194344058105856,1384643029382930432,2021-04-20T22:59:58.000Z,es,"@mariseka @josegom23338267 @Diputados_PC @daniel_nunez_a @PCdeChile @ValeMirandaCC @KarolCariola @carmen_hertz @jjcc_chile @DiputadoMoraga @luiscuellop @PrensaPCdeChile #EstallidoInminente ğŸ”¥ğŸ”¥ğŸ”¥
 enfermos @sebastianpinera @juanjoseossasc @jaimebellolio #AcusacionConstitucionalAPiÃ±era  #carcelparaPiÃ±era",1,0,1,0,"ConstituciÃ³n ILEGAL, bajo dictadura.","","Calidad de vida, casos de Ã©xito: CanadÃ¡, Nueva Zelanda, Australia, Finlandia, Luxemburgo, Noruega, ...",FALSE,2019-11-09T15:51:26.000Z,Eecrocro1
119495077,1384650682641362951,2021-04-20T23:30:22.000Z,es,@daniel_nunez_a Comunista=Flojo Cacerolero.,1,0,1,0,Luis,"","""Cuando mÃ¡s negra estÃ¡ la noche, ....mÃ¡s cerca estÃ¡ la luz del alba.""",FALSE,2010-03-03T20:45:15.000Z,LuisMagallanesM
1195188781147709440,1384682387922202624,2021-04-21T01:36:22.000Z,es,"@daniel_nunez_a Ya pues Daniel, son solo 10 firmas para una AC. Sera el punto de inflexion entre la vieja politica  al servicio del capital, y la nueva que busca contruir otro camino para el pueblo de Chile.",0,0,0,0,Ricardo Alfredo,"","Social Scientist & Research Consultant,  Preocupado de que nada de lo humano nos sea ajeno. Hincha de Cobreloa!",FALSE,2019-11-15T03:57:12.000Z,Ricardo_Apruebo
1203668753956913152,1384684071104679940,2021-04-21T01:43:03.000Z,es,"@daniel_nunez_a AquÃ­ en mi calle alguien tocÃ³ por 20 segundos y la mandaron a callar... No tienen seguidores, aburranse",0,0,0,0,Margarita Â¯\_( Í¡â›â€¯ÍœÊ– Í¡â›)_/Â¯ ğ•®ğ–†ğ–—ğ–•ğ–Š ğ•¯ğ–ğ–Šğ–’,"","â€œğ•ƒğ•– ğ•§ğ• ğ•ª ğ•’ ğ•™ğ•’ğ•”ğ•–ğ•£ ğ•¦ğ•Ÿğ•’ ğ• ğ•—ğ•–ğ•£ğ•¥ğ•’ ğ•¢ğ•¦ğ•– ğ•Ÿğ•  ğ•¡ğ• ğ••ğ•£Ã¡ ğ•£ğ•–ğ•”ğ•™ğ•’ğ•«ğ•’ğ•£â€ (ğ•ğ•šğ•¥ğ•  â„‚ğ• ğ•£ğ•ğ•–ğ• ğ•Ÿğ•–)
#â™¥Rechazoâ™¥2022â™¥
ğ‘ªğ’‚ğ’• ğ‘³ğ’ğ’—ğ’†ğ’“áƒ¦(Â¯`â—•â€¿â—•Â´Â¯) â™«",FALSE,2019-12-08T13:33:01.000Z,GatoGde
1209605149401976833,1384647639355043842,2021-04-20T23:18:17.000Z,es,@daniel_nunez_a Tinimo ambre !!!!!!,0,0,1,0,javier el bombero,"","Rechazo el plebiscito del saqueo y la delincuencia. Si quieres democracia y ddhh , comienza por ti. La peor politica de la historia.",FALSE,2019-12-24T22:42:04.000Z,elbombero071
1219990389458972674,1384668487763759105,2021-04-21T00:41:08.000Z,es,"@mariseka @Diputados_PC @daniel_nunez_a @PCdeChile @ValeMirandaCC @KarolCariola @carmen_hertz @jjcc_chile @DiputadoMoraga @luiscuellop @PrensaPCdeChile Si es que llegan a una #AcusacionConstitucionalAPiÃ±era  , no vaya a abstenerse otra vez... mucho bla bla  y poca acciÃ³n .",0,0,0,0,CorazÃ³n Rojo,"","",FALSE,2020-01-22T14:29:19.000Z,Pablo08826957
1220067218173710337,1384635329097961476,2021-04-20T22:29:22.000Z,und,@mariseka @Diputados_PC @daniel_nunez_a @PCdeChile @ValeMirandaCC @KarolCariola @carmen_hertz @jjcc_chile @DiputadoMoraga @luiscuellop @PrensaPCdeChile #AcusacionConstitucionalAPiÃ±era,2,0,1,0,Maximiliano,"","Maximiliano montes, san Beka y antipiÃ±erista",FALSE,2020-01-22T19:34:41.000Z,Maximil28823318
1220067218173710337,1384645136739667969,2021-04-20T23:08:20.000Z,und,@daniel_nunez_a #AcusacionConstitucionalAPiÃ±era,0,0,0,0,Maximiliano,"","Maximiliano montes, san Beka y antipiÃ±erista",FALSE,2020-01-22T19:34:41.000Z,Maximil28823318
1236439779518173190,1384635235363602437,2021-04-20T22:29:00.000Z,es,"@mariseka @Diputados_PC @daniel_nunez_a @PCdeChile @ValeMirandaCC @KarolCariola @carmen_hertz @jjcc_chile @DiputadoMoraga @luiscuellop @PrensaPCdeChile Destituir a ese asesino, ya no es una opciÃ³n, esta matando Chile",0,0,3,0,Greedian,"",uno mÃ¡s que busca un cambio,FALSE,2020-03-07T23:53:21.000Z,Greedian1
1244278318045765633,1384649800038105089,2021-04-20T23:26:52.000Z,es,@daniel_nunez_a @Diputados_PC Querido daniel en que comuna nos juntamos ? Las condes ? Vitacura ? Lo barnechea ?,0,0,0,0,Margaret Thatcher,"",Conservadora,FALSE,2020-03-29T15:00:51.000Z,Derecha2020
1245055502343524352,1384635931739762688,2021-04-20T22:31:46.000Z,pt,"@mariseka @Diputados_PC @daniel_nunez_a @PCdeChile @ValeMirandaCC @KarolCariola @carmen_hertz @jjcc_chile @DiputadoMoraga @luiscuellop @PrensaPCdeChile @jalessandri   @lcruzcoke amariconao @Tono_Coloma @patriciomelero, @jaimebellolio 
#tercerretiroafponohayvotos 
#FuerzaAbuelaConTercerRetiro 
#RenunciaPiÃ±eraCTM 
@PepaHoffmann @LavinJoaquin #estallido2021",0,0,0,0,Carlos,"",Colo Colo mi pasiÃ³n,FALSE,2020-03-31T18:29:13.000Z,Carlos49350714
1248049343724236805,1384635630546833409,2021-04-20T22:30:34.000Z,es,@mariseka @Diputados_PC @daniel_nunez_a @PCdeChile @ValeMirandaCC @KarolCariola @carmen_hertz @jjcc_chile @DiputadoMoraga @luiscuellop @PrensaPCdeChile Es hora de hacer la marcha mÃ¡s grande de chile ! Pidiendo la destituciÃ³n de PiÃ±era ! Indolente y sordo ! Juega con la dignidad de todos y cada uno de los Chilenos ! Que arda chile nos aburrimos estamos muriendo de covid de hambre y endeudados ! !#renunciapiÃ±era,4,0,8,0,Keneth,"",Ninguna,FALSE,2020-04-09T00:45:36.000Z,Keneth51884921
1256726810206900226,1384645843513450500,2021-04-20T23:11:09.000Z,es,@mariseka @Diputados_PC @daniel_nunez_a @PCdeChile @ValeMirandaCC @KarolCariola @carmen_hertz @jjcc_chile @DiputadoMoraga @luiscuellop @PrensaPCdeChile El TC puede darle la espalda a bracitos cortos?,0,0,0,0,CristiÃ¡n ZkT_1,"",Soy del Colo desde que nacÃ­.,FALSE,2020-05-02T23:26:46.000Z,CristinVeraCar1
1259286225933996034,1384653146480336899,2021-04-20T23:40:10.000Z,es,"@daniel_nunez_a CÃ¡llate Tarado no existes medusa, mÃ©tete las ollas en el orto",1,0,0,0,AlexObserver14,"","Dato mata relato, Liberal, Rechazo por siempre feliz de ser del 22% pensanteğŸ’š ğŸŒŠğŸ„ğŸ½â€â™‚ï¸ğŸšµğŸ‡¨ğŸ‡±â­ğŸ¤™ğŸ¤˜",FALSE,2020-05-10T00:57:22.000Z,Alex37334996
1274921697141981190,1384635807424733189,2021-04-20T22:31:16.000Z,es,@mariseka @Diputados_PC @daniel_nunez_a @PCdeChile @ValeMirandaCC @KarolCariola @carmen_hertz @jjcc_chile @DiputadoMoraga @luiscuellop @PrensaPCdeChile Mariseka...y quÃ© van a hacer ahora ustedes?,3,0,15,0,ZurdoCrÃ­ticoâœï¸,"",Renuncia PiÃ±era / Jadue 2022 / A.C.A.B / #NoMÃ¡sDerecha,FALSE,2020-06-22T04:27:05.000Z,ZurdoCritico
128644327,1384682766713905154,2021-04-21T01:37:52.000Z,es,@mariseka @Diputados_PC @daniel_nunez_a @PCdeChile @ValeMirandaCC @KarolCariola @carmen_hertz @jjcc_chile @DiputadoMoraga @luiscuellop @PrensaPCdeChile A usted la desactivo en votaciÃ³n de #CasoEnjoy,0,0,0,0,El CapitÃ¡n Beto por el espacio!!!,"","Amante...., de la MÃºsica, la Poesia, la mar, la montaÃ±a, la naturaleza, los animales, de la Vida, la Libertad, la Justicia....La Femme!!",FALSE,2010-04-01T19:12:53.000Z,ALROARR
1292474866109734912,1384634616611577856,2021-04-20T22:26:32.000Z,es,@mariseka @Diputados_PC @daniel_nunez_a @PCdeChile @ValeMirandaCC @KarolCariola @carmen_hertz @jjcc_chile @DiputadoMoraga @luiscuellop @PrensaPCdeChile Cuando y a que hora en plaza italia?,0,0,3,0,Julita Martinez,"",Opinologa,FALSE,2020-08-09T14:56:52.000Z,la_chauchi
1294014762125320192,1384658369496207360,2021-04-21T00:00:55.000Z,es,"@daniel_nunez_a @Unimarc @guayacanfmcl @madero_cl @Cutchile @Barbara_figue @ayuda_unimarc @mintrabcoquimbo @MintrabChile @secregeneralCUT @CUTZONALORIENTE @CarlosRuin @LaSerenaOnline esa es la puerta delantera, la de atras esta abierta... obvio",0,0,0,0,Camila,"","MaestrÃ­a, Coach en Finanzas Personales y PrevisiÃ³n, Universitat de ValÃ¨ncia EspaÃ±a",FALSE,2020-08-13T20:55:47.000Z,AprueboNada
1297289996248985604,1384648403053858816,2021-04-20T23:21:19.000Z,es,@carlosalamirocl @daniel_nunez_a @PCdeChile Que linda democracia y quien quieres colocar a dedo? a jadue jajajajaja,0,0,0,0,El zorro,"","A pelear con todos, comunistas, fachos, gays, apruebo, primera linea, feminazis y las zorras",FALSE,2020-08-22T21:50:34.000Z,Elzorro55586441
1297289996248985604,1384648229007077379,2021-04-20T23:20:37.000Z,es,"@LuisAla03324583 @daniel_nunez_a @PCdeChile 2.0? todavÃ­a lo estÃ¡n esperando, deberÃ­amos estar en el 10.0 ya",0,0,0,0,El zorro,"","A pelear con todos, comunistas, fachos, gays, apruebo, primera linea, feminazis y las zorras",FALSE,2020-08-22T21:50:34.000Z,Elzorro55586441
1297289996248985604,1384647561831649280,2021-04-20T23:17:58.000Z,es,"@daniel_nunez_a Seguro tu gobierno comunista serÃ­a muy eficaz jajajajaja, miserable",0,0,1,0,El zorro,"","A pelear con todos, comunistas, fachos, gays, apruebo, primera linea, feminazis y las zorras",FALSE,2020-08-22T21:50:34.000Z,Elzorro55586441
1310755020741251073,1384636913693433856,2021-04-20T22:35:40.000Z,es,@mariseka @Diputados_PC @daniel_nunez_a @PCdeChile @ValeMirandaCC @KarolCariola @carmen_hertz @jjcc_chile @DiputadoMoraga @luiscuellop @PrensaPCdeChile @mariseka por favor responde...que pasara ahora con todos los que esperabamos esta plata? Quedara todo en nada? ...,0,0,0,0,AntipiÃ±era y todo su sistema politico,"","",FALSE,2020-09-29T01:35:44.000Z,Claudia10947133
131980984,1384635011312271361,2021-04-20T22:28:06.000Z,es,@mariseka @Diputados_PC @daniel_nunez_a @PCdeChile @ValeMirandaCC @KarolCariola @carmen_hertz @jjcc_chile @DiputadoMoraga @luiscuellop @PrensaPCdeChile A que hora es el cacerolazo,0,0,1,0,Osc@r Ole@,"","Advisor Beauty ,vivo la vida como mejor me parece,disfruto con las personas que me quieren y respetan !!",FALSE,2010-04-11T23:23:19.000Z,OscarOlea
131980984,1384634858740256768,2021-04-20T22:27:30.000Z,es,"@mariseka @Diputados_PC @daniel_nunez_a @PCdeChile @ValeMirandaCC @KarolCariola @carmen_hertz @jjcc_chile @DiputadoMoraga @luiscuellop @PrensaPCdeChile Y lo hace justo ahora ,xke no recurriÃ³ antes ,la wea es perjudicar mÃ¡s a su pueblo !!",0,0,1,0,Osc@r Ole@,"","Advisor Beauty ,vivo la vida como mejor me parece,disfruto con las personas que me quieren y respetan !!",FALSE,2010-04-11T23:23:19.000Z,OscarOlea
1406872340,1384641293138137091,2021-04-20T22:53:04.000Z,es,"@mariseka @Diputados_PC @daniel_nunez_a @PCdeChile @ValeMirandaCC @KarolCariola @carmen_hertz @jjcc_chile @DiputadoMoraga @luiscuellop @PrensaPCdeChile Sra. @mariseka , cagamos si o quÃ©?",0,0,0,0,Marcelino Rojas ,"",No tengo absolutamente ningÃºn deseo de encajar,FALSE,2013-05-06T05:32:18.000Z,rojas_mma
1498297860,1384638398531608583,2021-04-20T22:41:34.000Z,und,@daniel_nunez_a ğŸ‘ğŸ»ğŸ‘ğŸ»,0,0,0,0,andrea fernandez,"","",FALSE,2013-06-10T13:29:53.000Z,acfg74
153466011,1384643327388266496,2021-04-20T23:01:09.000Z,es,@mariseka @Diputados_PC @daniel_nunez_a @PCdeChile @ValeMirandaCC @KarolCariola @carmen_hertz @jjcc_chile @DiputadoMoraga @luiscuellop @PrensaPCdeChile No es amenaza el ejercicio del derecho. La amenaza es la del estallido.,0,0,0,0,Kenio,"","",FALSE,2010-06-08T16:50:16.000Z,__Kenio__
1546029854,1384645489723940866,2021-04-20T23:09:44.000Z,es,@daniel_nunez_a AcusaciÃ³n Constitucional Ya!!,0,0,0,0,R M,"","",FALSE,2013-06-25T15:38:09.000Z,R_MiRIE
156869719,1384696030508158979,2021-04-21T02:30:34.000Z,und,@mariseka @Diputados_PC @daniel_nunez_a @PCdeChile @ValeMirandaCC @KarolCariola @carmen_hertz @jjcc_chile @DiputadoMoraga @luiscuellop @PrensaPCdeChile #TercerRetiro10xCiento #fuerapiÃ±eractm https://t.co/jrOwM62gQ0,1,0,0,0,patita!! instagram @kal_kelu tejidos,"","vivo!!!
diseÃ±adora de vestuario,artista,independiente madre de 3 bendiciones ,soltera,feliz !!",FALSE,2010-06-18T04:45:29.000Z,azulita74
157467737,1384653911131369474,2021-04-20T23:43:12.000Z,und,@mariseka @Diputados_PC @daniel_nunez_a @PCdeChile @ValeMirandaCC @KarolCariola @carmen_hertz @jjcc_chile @DiputadoMoraga @luiscuellop @PrensaPCdeChile #AcusacionConstitucionalAPiÃ±eraAhora,2,0,1,0,# R.M.M,https://t.co/AbxzZ3kIv6,"Mama orgullosa de Franco, mi hijito que vivio 3 dias por culpa de trisomia 22, enfermedad incompatible con la vida",FALSE,2010-06-19T22:41:53.000Z,FuttiNomy
157891013,1384651420880756736,2021-04-20T23:33:18.000Z,es,@daniel_nunez_a @CarlosAmpuero Saquen a PiÃ±i,0,0,0,0,Claudio CortÃ©s,"","",FALSE,2010-06-21T05:04:28.000Z,claudiocortes75
1663326061,1384677026892816385,2021-04-21T01:15:03.000Z,es,"@daniel_nunez_a Se escucha acÃ¡ en Regimiento Arica arriba, cerca de Tierras Blancas",0,0,1,0,"Larry PÃ©rez Viveros, A+CC","","Cubano-chileno, viviendo en Coquimbo, licenciado en AntropologÃ­a, egresado de Medicina.",FALSE,2013-08-11T19:37:11.000Z,lperezviveros
170033245,1384644824733716482,2021-04-20T23:07:06.000Z,es,"@daniel_nunez_a El problema es cuando los familiares quieran ""eutanasiar"" a alguien por las herencias jenene",0,0,0,0,ronaldcarrasco,"","",FALSE,2010-07-23T19:46:21.000Z,ronaldcarrasco
185819908,1384640036390514688,2021-04-20T22:48:04.000Z,es,@mariseka @Diputados_PC @daniel_nunez_a @PCdeChile @ValeMirandaCC @KarolCariola @carmen_hertz @jjcc_chile @DiputadoMoraga @luiscuellop @PrensaPCdeChile Y ahora que se viene cagamos? ğŸ¤”,0,0,0,0,cristian rodrigo,"","",FALSE,2010-09-01T22:37:19.000Z,cc1980
186929092,1384717751516897286,2021-04-21T03:56:53.000Z,und,@mariseka @Diputados_PC @daniel_nunez_a @PCdeChile @ValeMirandaCC @KarolCariola @carmen_hertz @jjcc_chile @DiputadoMoraga @luiscuellop @PrensaPCdeChile https://t.co/xgPdkKpk4M,0,0,0,0,tomas soto,"","",FALSE,2010-09-04T19:57:16.000Z,tomaxo2012
187585954,1384644687076671489,2021-04-20T23:06:33.000Z,es,@mariseka @Diputados_PC @daniel_nunez_a @PCdeChile @ValeMirandaCC @KarolCariola @carmen_hertz @jjcc_chile @DiputadoMoraga @luiscuellop @PrensaPCdeChile QuerÃ­a guerra. Ahora la tiene. Los PiÃ±era tendrÃ¡n que arrancar de Chile. Se viene la mayor persecuciÃ³n de todas. #FueraPiÃ±era,0,0,1,0,SeÃ±or X,"","Poleras estampadas, poleras personalizadas. Poleras grupos musicales y mucho mÃ¡s. 
Negocio y sueÃ±os que gracias a este gobierno estÃ¡ muriendo.",FALSE,2010-09-06T16:51:26.000Z,POLERASCHILENAS
200763707,1384669458585751554,2021-04-21T00:44:59.000Z,es,@daniel_nunez_a wena cerolero,0,0,0,0,nachiowwwww,"","",FALSE,2010-10-10T05:18:52.000Z,nachiow
202877574,1384646754881114113,2021-04-20T23:14:46.000Z,und,@mariseka @Diputados_PC @daniel_nunez_a @PCdeChile @ValeMirandaCC @KarolCariola @carmen_hertz @jjcc_chile @DiputadoMoraga @luiscuellop @PrensaPCdeChile https://t.co/q5NbHeCxBu,1,0,0,0,viviana martÃ­nez,"",Abogada en ejercicio leal y honrado de la profesiÃ³n.,FALSE,2010-10-15T01:03:44.000Z,ruloxida
211511242,1384667980747902978,2021-04-21T00:39:07.000Z,und,@daniel_nunez_a ğŸŒ¶ğŸŒ¶ğŸŒ¶ğŸŒ¶ğŸŒ¶ğŸŒ¶ğŸŒ¶ğŸŒ¶ğŸŒ¶ğŸŒ¶ğŸŒ¶ğŸŒ¶ğŸŒ¶ğŸŒ¶ğŸŒ¶ğŸŒ¶,0,0,0,0,francis drake,"","Soy responsable de lo que digo, no de lo que entiendas, alÃ©rgico a los manipuladores de conciencia",FALSE,2010-11-03T13:25:21.000Z,francorob
218961221,1384652979752558593,2021-04-20T23:39:30.000Z,pt,@mariseka @Diputados_PC @daniel_nunez_a @PCdeChile @ValeMirandaCC @KarolCariola @carmen_hertz @jjcc_chile @DiputadoMoraga @luiscuellop @PrensaPCdeChile A protestar Â¡Â¡Â¡Â¡Â¡Â¡,0,0,0,0,Ovejavampira,"","Soy periodista egresada, melÃ³mana, me gusta mucho el cine,  la historia, soy atea y de izquierda",FALSE,2010-11-23T15:41:34.000Z,ovejavampira
2225660164,1384668977083912192,2021-04-21T00:43:04.000Z,es,@mariseka @Diputados_PC @daniel_nunez_a @PCdeChile @ValeMirandaCC @KarolCariola @carmen_hertz @jjcc_chile @DiputadoMoraga @luiscuellop @PrensaPCdeChile PiÃ±ero viejo bastardo reculiao,0,0,0,0,Jano,"",Chile CampeÃ³n de AmÃ©rica,FALSE,2013-12-14T18:02:52.000Z,Albo_29_91
2265082953,1384642803741958145,2021-04-20T22:59:04.000Z,es,@mariseka @Diputados_PC @daniel_nunez_a @PCdeChile @ValeMirandaCC @KarolCariola @carmen_hertz @jjcc_chile @DiputadoMoraga @luiscuellop @PrensaPCdeChile PiÃ±era debe ser destituido basta de sus abusos y burlas. Lo exigimos.,0,0,0,0,Petazeta 39,"","",FALSE,2014-01-06T11:13:31.000Z,petazeta39
254113967,1384637167402692616,2021-04-20T22:36:40.000Z,und,@mariseka @fdonunez @Diputados_PC @daniel_nunez_a @PCdeChile @ValeMirandaCC @KarolCariola @carmen_hertz @jjcc_chile @DiputadoMoraga @luiscuellop @PrensaPCdeChile #AcusacionConstitucionalAPiÃ±eraAhora !!!,3,0,0,0,Roberto Berrios,"","AriqueÃ±o, periodista, futbolero, emprendedor, cybernauta y parrillero...",FALSE,2011-02-18T16:39:53.000Z,rberrioss
2549403221,1384651911836602370,2021-04-20T23:35:16.000Z,es,@mariseka @Diputados_PC @daniel_nunez_a @PCdeChile @ValeMirandaCC @KarolCariola @carmen_hertz @jjcc_chile @DiputadoMoraga @luiscuellop @PrensaPCdeChile Hagan algo?? O se van a quedar mirando...total ustedes no pasan necesidades....hagan algo y demuestren que estamos con el pueblo y no con esos miserables,0,0,0,0,catherine,"","",FALSE,2014-05-16T00:11:47.000Z,CatheriFer
260344423,1384665829845897219,2021-04-21T00:30:34.000Z,es,@mariseka @Diputados_PC @daniel_nunez_a @PCdeChile @ValeMirandaCC @KarolCariola @carmen_hertz @jjcc_chile @DiputadoMoraga @luiscuellop @PrensaPCdeChile Y por que no destituyen Ahora.,0,0,0,0,jaime opazo ulloa,"",Me carga que me digan zurdo comunista por pensar distinto     APRUEBO,FALSE,2011-03-03T18:06:54.000Z,jaimeopazoulloa
278055825,1384659612352319489,2021-04-21T00:05:51.000Z,es,"@daniel_nunez_a El comunista que jamÃ¡s ha llenado alguna olla comÃºn pero gana como jeque arabe ğŸ¤‘...
Sale baboso ğŸ¤®ğŸ¤¡",0,0,1,0,Marcelo Bravo Galaz ğŸ‡¨ğŸ‡±ğŸ˜·,"","Si te gusta bien y si no te gusta bien tambien ğŸ˜

Si me contestas leseras cero argumento, amenazas, panfletos o con groserias mi bot bloquea ğŸ¤–",FALSE,2011-04-06T14:30:50.000Z,mbravogalaz
2780792590,1384636316806230019,2021-04-20T22:33:17.000Z,es,@mariseka @Diputados_PC @daniel_nunez_a @PCdeChile @ValeMirandaCC @KarolCariola @carmen_hertz @jjcc_chile @DiputadoMoraga @luiscuellop @PrensaPCdeChile Nunca mÃ¡s un Gobierno de Derecha y como PiraÃ±a nunca mÃ¡s GobernarÃ¡.. Se cagoQ@ a todos los partidos.... OFICIALISTAS.....y el CDR. ahora se preocupa de la Vejes.. o Del Bolsillo de su COMPADRES. con Nuestra Plata,0,0,0,0,osvaldo ibaceta,"","",FALSE,2014-09-23T01:33:17.000Z,osvaliba
283544569,1384638294768619520,2021-04-20T22:41:09.000Z,es,@camila_vallejo @daniel_nunez_a @Camara_cl Cual era la propuesta pro-ricos??,0,0,0,0,Jorge Luis RamÃ³n DurÃ¡n Stuardo,"","Ciudadano consciente y deslenguado. Trabajo, esfuerzo y perseverancia, son las claves del Ã©xito. No esperes que el papÃ¡ estado te solucione la vida.",FALSE,2011-04-17T14:13:00.000Z,JorgeLStuardo
2878557713,1384643649250762753,2021-04-20T23:02:26.000Z,es,"@mariseka @Diputados_PC @daniel_nunez_a @PCdeChile @ValeMirandaCC @KarolCariola @carmen_hertz @jjcc_chile @DiputadoMoraga @luiscuellop @PrensaPCdeChile Marisela, @mariseka 
NO LEGISLEN NINGÃšN PROYECTO DEL GOBIERNO
AyudağŸ™
saludosâ™¥ï¸",0,0,0,0,@Albert âš–ï¸âš”ï¸ğŸ›¡ï¸ğŸ—ï¸ğŸ“–â™¥ï¸ğŸ¨,"","â™£ï¸â™¥ï¸â™ ï¸â™¦ï¸
AsÃ­ de simple y sencillo, el ganador se lo lleva todo...",FALSE,2014-11-15T20:53:14.000Z,ReyLeonidas_33
3114180490,1384677696312070144,2021-04-21T01:17:43.000Z,es,"@daniel_nunez_a aca en la arboleda alguien intento hacerlo, pero no le saliÃ³. Los mineros no estÃ¡n ni allÃ­.",0,0,1,0,OlaKeAse?,"",Todos hemos llorado por los estudios Â¿que clase de sistema educativo convierte las ganas de estudiar en ganas de llorar?,FALSE,2015-03-25T09:41:27.000Z,kolpfas
313553170,1384654022100099073,2021-04-20T23:43:39.000Z,es,@mariseka @Diputados_PC @daniel_nunez_a @PCdeChile @ValeMirandaCC @KarolCariola @carmen_hertz @jjcc_chile @DiputadoMoraga @luiscuellop @PrensaPCdeChile SÃ¡quenloooo!!!!!!,0,0,0,0,EstefanÃ­a #Apruebo,"",#apruebo,FALSE,2011-06-08T20:51:15.000Z,Joepino1984
3174196127,1384654840274501633,2021-04-20T23:46:54.000Z,es,"@daniel_nunez_a De que sirve, aquÃ­ hay que sacar a PiÃ±era yÃ¡, y ordenar la casa. CÃ³mo puede ser que tengamos un congreso tan inÃºtil, medio congreso rogando a un weÃ³n que actÃºa como dictador en plena democracia",0,0,0,0,Magic Mc Guire,"","Bien comÃºn y democracia directa. El problema no es la polÃ­tica, son los polÃ­ticos. Derecha o izquierda, invento de cÃºpulas partidistas para dividir al pueblo",FALSE,2015-04-16T21:30:38.000Z,_PaolaMunoz_
324699431,1384661369547591683,2021-04-21T00:12:50.000Z,es,@daniel_nunez_a Cacerolas de goma ğŸ˜‚ğŸ˜‚ğŸ˜‚ğŸ˜‚ğŸ˜‚,0,0,0,0,Paula Martinez Marin,"","Mama de mi bebota, ., Traductora-Interprete #patriota",FALSE,2011-06-27T02:26:44.000Z,paulamartinezm1
326420379,1384674909536890882,2021-04-21T01:06:39.000Z,und,@mariseka @Diputados_PC @daniel_nunez_a @PCdeChile @ValeMirandaCC @KarolCariola @carmen_hertz @jjcc_chile @DiputadoMoraga @luiscuellop @PrensaPCdeChile #tercerRetiroyPiÃ±erapalaCasa,0,0,0,0,Nathaly YaÃ±ez Zurita,"","ğŸ˜˜ğŸ˜Don't forget to love youserlf  ğŸ˜ğŸ˜˜
              ğŸ¸RESILIENCIAğŸ¸
               ğŸ€CARPEDIEMğŸ€
ğŸµğŸµğŸµTrying to figure out this lifeğŸµğŸµğŸµ",FALSE,2011-06-29T21:59:35.000Z,naniyazu
3294163523,1384693060739682307,2021-04-21T02:18:46.000Z,es,"@mariseka @Diputados_PC @daniel_nunez_a @PCdeChile @ValeMirandaCC @KarolCariola @carmen_hertz @jjcc_chile @DiputadoMoraga @luiscuellop @PrensaPCdeChile Que ganas de ser parte de un poder del Estado que debe velar por el correcto desempeÃ±o del ejecutivo...ah!! Verdad que si eres de esa reparticiÃ³n del estado, hagan algo!!!! Este asesino no estÃ¡ matando y uds siguen mirÃ¡ndose el ombligo!!",0,0,0,0,Leonardo Silva Fuica,"","bagual de tiempo completo, padre de findesemana ... twitter?? tribuna de muchos, la delgada linea entre el genio y el idiota",FALSE,2015-05-22T15:59:57.000Z,LeoSilvaFuica
3346148073,1384707409147539462,2021-04-21T03:15:47.000Z,es,@mariseka @Diputados_PC @daniel_nunez_a @PCdeChile @ValeMirandaCC @KarolCariola @carmen_hertz @jjcc_chile @DiputadoMoraga @luiscuellop @PrensaPCdeChile Cuando se sabe si el TC lo aprueba o Rechaza...,0,0,0,0,F.Casanhova10,"",El que tenga Hijas sabe que las Princesas existen...,FALSE,2015-06-26T02:19:13.000Z,casanhova
339796679,1384637029808488449,2021-04-20T22:36:07.000Z,es,@mariseka @Diputados_PC @daniel_nunez_a @PCdeChile @ValeMirandaCC @KarolCariola @carmen_hertz @jjcc_chile @DiputadoMoraga @luiscuellop @PrensaPCdeChile Uds. tambiÃ©n que aprobaron un bono de 500 mil que no le llegÃ³ ni al 20% de la poblaciÃ³n que debÃ­a recibirlo. Uds. tampoco hacen toda la pega. Â¿cÃ³mo es posible que este viejo de mierda siga haciendo lo que quiere?,0,0,0,0,Ñ•á´œÑ•á´€É´á´€ ::: á´…ÉªÑ•á´›á´€É´á´„Éªá´€ ğŸ™…â€â™€ï¸â†”ï¸ğŸ™…â€â™‚ï¸,"","#YOAPRUEBO 
HIJA DE INMIGRANTE â™¥ï¸ Aborto libre y seguro. Le creo mÃ¡s al horÃ³scopo que a voÂ´ PiÃ±era culiaoğŸ–•",FALSE,2011-07-21T17:34:31.000Z,lady_pobre
3403664619,1384711202874564610,2021-04-21T03:30:52.000Z,es,"@mariseka @cositaxrica @Diputados_PC @daniel_nunez_a @PCdeChile @ValeMirandaCC @KarolCariola @carmen_hertz @jjcc_chile @DiputadoMoraga @luiscuellop @PrensaPCdeChile T C: El PiÃ±erismo de nuevo provoca a la CiudadanÃ­a; Pudo mÃ¡s la soberbia, la indolencia y el desprecio al dolor de los que mÃ¡s sufren los estragos sociales de la Pandemia... 
Â¡Chile no se merece esta tragedia! https://t.co/UvOBijTcEa",0,0,0,0,ReflexiÃ³nyLiberaciÃ³n,http://t.co/4cw0dh04NS,Portal Pensamiento Liberador Latinoamericano #Sociedad #IglesiaCatÃ³lica #TeologÃ­aLiberaciÃ³n #Neoliberalismo  #JusticiaSocial #Chile  reflexylib@hotmail.com,FALSE,2015-08-05T04:20:13.000Z,Reflex_Lib
367486694,1384676648893788163,2021-04-21T01:13:33.000Z,es,@daniel_nunez_a VOY SALIENDO !!!! https://t.co/axojhXofLV,0,0,0,0,2.0,"","Amante de la vida, la familia soy social , directo, servidor publico a costo 0 y luchar por una igualdad para todos. No voy a la izquierda menos a la derecha .",FALSE,2011-09-04T01:54:41.000Z,JockerSalfa
370186059,1384696947320184836,2021-04-21T02:34:13.000Z,es,"@daniel_nunez_a @NolbertoGuajar3 El retiro necesario
lo mandaron otra vez
paâ€™ que decida el TC
agigantan el calvario;
el gobierno cavernario
decide sin compasiÃ³n 
no escuchar a la naciÃ³n
ni ver su necesidad,
el paÃ­s enfrenta la maldad
y se alza como un ciclÃ³n

#dÃ©cimas
#TercerRetirosDel10MV",0,0,3,0,Horacio,"","QuizÃ¡ sea momento de cambiar, de soltar, de mandar todo a la mierda y volver a empezar...",FALSE,2011-09-08T16:10:11.000Z,horojoven
395238379,1384645141386964993,2021-04-20T23:08:21.000Z,es,"@mariseka @Diputados_PC @daniel_nunez_a @PCdeChile @ValeMirandaCC @KarolCariola @carmen_hertz @jjcc_chile @DiputadoMoraga @luiscuellop @PrensaPCdeChile Sra #MariaLuisaBrahm en sus manos estÃ¡ el hambre de los chilenos, las deudas, etc.
De ud depende",0,0,0,0,claudio,"","",FALSE,2011-10-21T10:54:36.000Z,claudiofulle
437127253,1384690809728081920,2021-04-21T02:09:50.000Z,es,@mariseka @Diputados_PC @daniel_nunez_a @PCdeChile @ValeMirandaCC @KarolCariola @carmen_hertz @jjcc_chile @DiputadoMoraga @luiscuellop @PrensaPCdeChile Marisela consigue los cinco votos para destituir a este ctm,0,0,0,0,juan lagos escobar,"","",FALSE,2011-12-15T01:35:32.000Z,juanlagosescoba
4867179977,1384638414096683009,2021-04-20T22:41:37.000Z,es,@mariseka @Diputados_PC @daniel_nunez_a @PCdeChile @ValeMirandaCC @KarolCariola @carmen_hertz @jjcc_chile @DiputadoMoraga @luiscuellop @PrensaPCdeChile Con esto el gobierno se terminÃ³ de sepultar,0,0,0,0,Jaime,"","",FALSE,2016-01-31T19:39:39.000Z,_zeus_136
48741406,1384651596848631808,2021-04-20T23:34:00.000Z,es,"No la estudien mÃ¡s!!!! Hagan las hueÃ¡s de una vez x todas!!!! @carmen_hertz @Claudia_Mix @DiputadosDC @daniel_nunez_a la gente los apoyarÃ¡, hay que extirpar a PiÃ±era para la gente tenga alguna esperanza! #gobiernodetransicionahora!!!!! https://t.co/HYwgFhE7hT",0,0,0,0,alfonso,"","DiseÃ±o Editorial, FortÃ­n Mapocho, El Nortino, La NaciÃ³n, La NaciÃ³n Domingo y Plan B.",FALSE,2009-06-19T15:53:41.000Z,alfonsogc
535906335,1384657623128100865,2021-04-20T23:57:57.000Z,und,@mariseka @Diputados_PC @daniel_nunez_a @PCdeChile @ValeMirandaCC @KarolCariola @carmen_hertz @jjcc_chile @DiputadoMoraga @luiscuellop @PrensaPCdeChile #tercerretiroAhora,0,0,0,0,Karen Lisette,"","Contador Auditor, mi filosofÃ­a es El sacrificio de hoy... Es el Ã©xito para MaÃ±ana...  ViÃ±amarina de corazÃ³n",FALSE,2012-03-24T23:50:01.000Z,Katita_Vina
551977281,1384639826805366790,2021-04-20T22:47:14.000Z,es,"@mariseka @Diputados_PC @daniel_nunez_a @PCdeChile @ValeMirandaCC @KarolCariola @carmen_hertz @jjcc_chile @DiputadoMoraga @luiscuellop @PrensaPCdeChile Ponganse las pilas ustedes ,no lo salven  como lo salvaron antes,saquen a la plasta de la moneda",0,0,0,0,zonaseca,"",solo vivo para ser feliz. ....,FALSE,2012-04-12T14:18:13.000Z,AcuaSuarez
61269543,1384709916393418753,2021-04-21T03:25:45.000Z,es,"@PCdeChile @gteillier @GobiernodeChile @carmen_hertz @lautarocarmona @KarolCariola @PC_JAL @mariseka @boris_barrera @IraciHassler @daniel_nunez_a @juliaurquieta Cuarentena de hambre?? Pero como, si uds mismo andaban exigiendo eso el aÃ±o pasado. Que sdwebas nivel extremo https://t.co/ckcRkKyCKm",0,0,0,0,Salvador,"","",FALSE,2009-07-29T19:06:29.000Z,Salvador1803
74255429,1384652659102261248,2021-04-20T23:38:14.000Z,es,@daniel_nunez_a Ya pos Daniel! Hagan algo y UNAN a la oposiciÃ³n para defender a los chilenos de este monstruo #ElPeorPresidenteDeLaHistoria,0,0,0,0,Baregeek,"",Periodista - Journalist,FALSE,2009-09-14T20:32:17.000Z,Barefca
764973967,1384644592910446594,2021-04-20T23:06:11.000Z,es,@daniel_nunez_a @PCdeChile No no no....sacarlo de la moneda .. https://t.co/55pnqeVbTo,1,1,2,0,carlosacl,"","Comunicador audiovisual,
Ciencias multimedias.
Unab.",FALSE,2012-08-18T03:23:51.000Z,carlosalamirocl
76843179,1384645132398604288,2021-04-20T23:08:19.000Z,es,@mariseka @Diputados_PC @daniel_nunez_a @PCdeChile @ValeMirandaCC @KarolCariola @carmen_hertz @jjcc_chile @DiputadoMoraga @luiscuellop @PrensaPCdeChile Ya y ?? Que harÃ¡n,0,0,0,0,ROBIN HOOD,"","no sabemos quienes somos hasta que llega nuestro ultimo dÃ­a,Cruzado y jamas influyente,Ariano Padre de 4ğŸˆ y 3 ğŸ• #Jaduerista #AntiPiÃ±erista #AntiPacos",FALSE,2009-09-24T03:22:02.000Z,CarlosAmpuero
778219520,1384649990337925121,2021-04-20T23:27:37.000Z,es,@mariseka @Diputados_PC @daniel_nunez_a @PCdeChile @ValeMirandaCC @KarolCariola @carmen_hertz @jjcc_chile @DiputadoMoraga @luiscuellop @PrensaPCdeChile Nunca pense que viviria una pandemia ni menos en un gobierno qlio que no ha hecho nada... que presidente mas ctm tenemos weon que rabia ğŸ¤¬,0,0,0,0,victor padilla,"","Amante de la mÃºsica electrÃ³nica , andar en , de leer un buen y disfrutar de una excelente ... Soy un soÃ±ador y disfruto de las cosas simples",FALSE,2012-08-24T13:47:30.000Z,vic_coco1987
808128072495013888,1384691760518029317,2021-04-21T02:13:36.000Z,es,@mariseka @Diputados_PC @daniel_nunez_a @PCdeChile @ValeMirandaCC @KarolCariola @carmen_hertz @jjcc_chile @DiputadoMoraga @luiscuellop @PrensaPCdeChile Bajate el sueldo  y ve los comentarios de julio cesar rodriguez a los honorables diputados,0,0,0,0,asi como vamos veo otro 73,"","",FALSE,2016-12-12T01:55:21.000Z,Andres92526078
82111562,1384667149231443969,2021-04-21T00:35:48.000Z,und,@daniel_nunez_a https://t.co/VSx3thMlVa,0,0,0,0,lamomita,"","Santiaguina de nacimiento,SalvadoreÃ±a de corazÃ³n,Copiapina agradecida y RancagÃ¼ina de tomo y lomo. Haciendo patria por Chilito. he visto de todo.Nunca Zurda.",FALSE,2009-10-13T14:47:45.000Z,mopilaraviflo
82111562,1384667036580732937,2021-04-21T00:35:22.000Z,es,@daniel_nunez_a Estamos en la hora .........cri cri cri por acÃ¡,0,0,0,0,lamomita,"","Santiaguina de nacimiento,SalvadoreÃ±a de corazÃ³n,Copiapina agradecida y RancagÃ¼ina de tomo y lomo. Haciendo patria por Chilito. he visto de todo.Nunca Zurda.",FALSE,2009-10-13T14:47:45.000Z,mopilaraviflo
861027405586210816,1384681037482110977,2021-04-21T01:31:00.000Z,und,"#ReferendumRevocatorioAhora
#FueraPiÃ±era

@Senado_Chile 
@senadornavarro 
@guillier 
@ProvosteYasna 
@camila_vallejo 
@danieljadue 
@daniel_nunez_a 
@gteillier 
@Camara_cl 
@carmen_hertz 
@LeoSotoChile 
@Felixecologista 
@PamJiles",0,0,0,0,ğŸ‡»ğŸ‡³ Comandante de las Legiones FÃ©nix ğŸ‡»ğŸ‡³,https://t.co/x2EyWaYZ5T,Comunacho Marxista-Leninista. El plebiscito es la soluciÃ³n del parlamento para el parlamento. La Ãºnica soluciÃ³n soberana es una AC. Azul termo. JaurÃ­a ğŸº,FALSE,2017-05-07T01:18:25.000Z,CmdteCangrejo
898017480169443328,1384636678741139456,2021-04-20T22:34:44.000Z,es,@mariseka @Diputados_PC @daniel_nunez_a @PCdeChile @ValeMirandaCC @KarolCariola @carmen_hertz @jjcc_chile @DiputadoMoraga @luiscuellop @PrensaPCdeChile Y que van a hacer aparte de twetear,0,0,1,0,Joselo,"","SureÃ±o y futbolero. Amante de la mÃºsica, la lectura y el cine. Socio NÂ° A-57711 del Eterno CampeÃ³n.",FALSE,2017-08-17T03:03:46.000Z,JosLuisVilleg16
933068000412004352,1384658805284347908,2021-04-21T00:02:39.000Z,es,@mariseka @Diputados_PC @daniel_nunez_a @PCdeChile @ValeMirandaCC @KarolCariola @carmen_hertz @jjcc_chile @DiputadoMoraga @luiscuellop @PrensaPCdeChile Rectifico TC.,0,0,0,0,Gyula Szentjobi@hotmail.com,"",Feliz,FALSE,2017-11-21T20:22:01.000Z,SzentjobiGyula
933068000412004352,1384658606910545923,2021-04-21T00:01:52.000Z,es,"@mariseka @Diputados_PC @daniel_nunez_a @PCdeChile @ValeMirandaCC @KarolCariola @carmen_hertz @jjcc_chile @DiputadoMoraga @luiscuellop @PrensaPCdeChile EstÃ¡ ven su derecho de llevarlo a la TV, estamos en democracia. Por lo tanto la TV lo va a determinar.",0,1,0,0,Gyula Szentjobi@hotmail.com,"",Feliz,FALSE,2017-11-21T20:22:01.000Z,SzentjobiGyula
970784821751447558,1384693938498555905,2021-04-21T02:22:15.000Z,es,"@daniel_nunez_a @MarioElias77 Con todo , contra el hijo de puta de piÃ±era!!",0,0,0,0,Pablo vieras catalan,"","Gamer padre de Bastian. 
De izquierda. 
Anti derechistes. #PiÃ±erachupalo #KastChupalotb
Los pacos son una mala plaga!",FALSE,2018-03-05T22:15:12.000Z,vieras_pablo
984404792805150722,1384646654310162432,2021-04-20T23:14:22.000Z,es,@daniel_nunez_a Hijo de Puta!,0,0,0,0,Felipe Garrido,"",Garra Blanca â€” Hinchada Popular,FALSE,2018-04-12T12:16:06.000Z,Orates_GB
984404792805150722,1384643561589780482,2021-04-20T23:02:05.000Z,es,@daniel_nunez_a PiraÃ±a... Hijo de Puta!,0,0,0,0,Felipe Garrido,"",Garra Blanca â€” Hinchada Popular,FALSE,2018-04-12T12:16:06.000Z,Orates_GB
