author_id,created_at.x,text,id,lang,public_metrics.retweet_count,public_metrics.reply_count,public_metrics.like_count,public_metrics.quote_count,verified,name,username,created_at.y,location,url,description
1025454266880802817,2021-04-21T01:56:51.000Z,@marioameyer @izkia Mmmm https://t.co/XQzK2BpqQs,1384687544625946625,und,0,0,0,0,FALSE,Milagros La Bella,MilagrosLaBell1,2018-08-03T18:52:04.000Z,"Santiago, Chile","",eterna aprendiz de mis alumnos. Amo a AgustÃ­n mi gato #Apruebo sin dudas...
103102890,2021-04-21T03:31:31.000Z,@izkia @elmigomismo Pa quÃ© mas po.,1384711369287737344,es,0,0,0,0,FALSE,#BastardoCL Ñ‚Ğ¾Ğ²Ğ°Ñ€Ğ¸Ñ‰Ğ¸ (â”)âœ³ï¸,Ba_S_tardoCL,2010-01-08T22:24:15.000Z,Chile despertÃ³ a AmÃ©rica,"","Hola Fachito, bienvenido, gracias por darme tu IP

V4n a c43r TODOS
4C4B / PIÃ‘3R4 R3NUNCI4

Prepararse Camaradas!!"
1039670035,2021-04-21T02:43:13.000Z,@izkia Fuerzas a su familia y gran labor,1384699213158682624,es,0,0,3,0,FALSE,IsaCovarrubias,laisacovarrubia,2012-12-27T13:42:51.000Z,"RM, Chile","","Ciudadana chilena , Upelienta , Aportando un Granito de arena a la sociedad , Indurgente de Mi Orgullo / Prejuicio (a veces ).. CON LA IZQUIERDA ğŸ’—"
1065274532192243712,2021-04-21T04:30:29.000Z,@izkia No hay nadie mÃ¡s estupido que el que se cree inteligente .te calza perfecto .,1384726205841252353,es,0,0,0,0,FALSE,andreslo,andresl29045075,2018-11-21T16:03:35.000Z,"","",""
1065458252190748674,2021-04-21T01:47:42.000Z,@izkia EMPEZARON LOS CACEROLAZOS SEBASTIAN ERES PARTE DEL NUEVO ESTALLIDO SOCIAL ...ESTE LLEVARA EL NOMBRE DE LA UDI Y EL TUYO,1384685242393497600,es,0,0,0,0,FALSE,Gio Vertigo,GioVertigo,2018-11-22T04:13:37.000Z,"ValparaÃ­so, Chile","",Oasis
1078224738,2021-04-21T03:51:15.000Z,@izkia Anda a parir mierda!!,1384716334332850178,es,0,0,0,0,FALSE,Christopher Salvo,CSalvojimenez,2013-01-11T01:56:56.000Z,"","",#Rechazo #FachoPobre #AntiZurdos...Del 22% Inteligente del paÃ­s.
109176852,2021-04-21T03:21:03.000Z,@izkia Que dice el Colegio MÃ©dico con lo que hizo PiÃ±era al mandar el 3er. Retiro al TC?. Porque la gente va a salir de forma masiva a la calle. Esto pone en riesgo el poco control de la Pandemia. Y perjudicarÃ¡ a los funcionarios de la salud.,1384708733729660929,es,0,0,0,0,FALSE,Marcelo Mardones,Marcelo0609,2010-01-28T05:49:50.000Z,"","",100% democrÃ¡tico y que todos tienen la oportunidad. Que el dinero no sea un impedimento. siempre de izquierda. juntos derrotaremos las injusticias.
1129561160720801793,2021-04-21T02:38:07.000Z,"@izkia Es que esto llega a ser absurdo, claramente o esto es a propÃ³sito para burlarse de la causa o simplemente no entienden que ese no es el problema de fondo, en ambos casos es absurdo que gente asÃ­ gobierne un paÃ­s",1384697927663239174,es,0,0,0,0,FALSE,BenjamÃ­n,Benjamn40985164,2019-05-18T01:35:41.000Z,Chile ,"",ğŸ˜±ğŸš£ğŸš¶â„â˜”ğŸŒ‚
1135044039835885568,2021-04-21T04:28:54.000Z,@izkia https://t.co/d7KLaxkFzg,1384725808850350081,und,0,0,0,0,FALSE,ConcepciÃ³n Independiente,CarloTorresCT1,2019-06-02T04:42:41.000Z,"","","Chile siempre fue un Estado Provincial , nunca fue en su Historia un Estado Unitario . ConcepciÃ³n debe seguir los pasos de Catalunya ."
1135344680630149128,2021-04-21T03:09:16.000Z,@izkia Puros weones ridiculos,1384705768210026501,es,0,0,0,0,FALSE,Rafael Soto,_RafaelSotoL,2019-06-03T00:37:20.000Z,"Santiago, Chile",https://t.co/Pz5sw3tB2E,23 aÃ±osğŸƒâ˜€ï¸ ChileğŸ‡¨ğŸ‡± â€¢ Santa Cruzâœï¸ â€¢ SantiagoğŸŒƒğŸ“ Ing. Civil en Obras Civiles UTEM ğŸ“’âœï¸ â€¢ SIPO #APRUEBO ğŸ¥°
1176918933087117313,2021-04-21T02:45:14.000Z,"@Shilevision_CL @izkia No es la forma !!
ğŸ™„",1384699722573746181,es,0,0,0,0,FALSE,Monik L.,MonikL7,2019-09-25T18:00:51.000Z,"","",""
117954335,2021-04-21T02:31:08.000Z,"@izkia Â¿Ahora es una X azul.?
Saludos Izkia..!",1384696171122286592,es,0,0,1,0,FALSE,#YoAprueboCC..!,carlosolorza,2010-02-27T04:23:42.000Z,C/ Gobierno de mierda!!,"","Chuncho desde siempre, Electronico, y Zurdo de toda la vida! pero escribo con la Derecha no es contradiccion vital!! ...Â¡Fachos no me wueven!!"
1185005277243944960,2021-04-21T05:07:55.000Z,@alejandropere83 @mar_andrea87 @izkia Jugamos poker?,1384735627812524032,es,0,0,0,0,FALSE,Black Cop Killer âœŠğŸ¤Ÿ,NegritoQMP,2019-10-18T01:30:58.000Z,"","","Patipelao, quiltro y callejero. Gueno pa las marchas y buscando mayor equidad social para los abandonados del paÃ­s."
118816322,2021-04-21T03:17:29.000Z,"@izkia ğŸ¤¦ğŸ»â€â™€ï¸ SAQUEN A ESTOS INEPTOS POR FAVOR!!! EL PUEBLO LO PIDE!! CUALQUIER COSA ES MEJOR QUE ESTOS INÃšTILES!!
#GobiernoDeLaMuerte 
#GobiernoDeInutiles",1384707836454875141,es,0,0,0,0,FALSE,AlienÃ­gena ilustrada,PiluWaters,2010-03-01T20:52:24.000Z,"Santiago, Chile.",http://t.co/02Dqk11ZJO,"MÃ¡s fuerte que un ratÃ³n. La mÃºsica, un paisaje y pequeÃ±os detalles, pueden hacerme llorar. Buscando un nuevo modelo de desarrollo... ECOnomÃ­a comienza con ECO!"
1188501579726495747,2021-04-21T03:31:33.000Z,@izkia Condolencias a su familia y a la comunidad mÃ©dica,1384711375188946945,es,0,0,0,0,FALSE,Scarlett nada mÃ¡s,Scarlett_VFL,2019-10-27T17:04:11.000Z,"","",Puente altina. Invisible aveces. Inolvidable casi siempre.ğŸ˜‚
118916836,2021-04-21T02:42:31.000Z,@izkia Coordinen el@paro de salud por el 10%,1384699035005640704,es,0,0,0,0,FALSE,Guillermo Ayala,gmoayala,2010-03-02T03:08:48.000Z,"Quillota, Chile","",Auditor ISO 9001 de la estrella de muerte. En el top ten de las personas menos influyentes de Chile.
1219792914215329792,2021-04-21T05:12:36.000Z,@izkia Para que hacer las cosas bien si las podemos hacer como las weas ğŸ˜‚ tipico chileno,1384736808148348928,es,0,0,0,0,FALSE,Gonzalo Rulo,rulo_gonzalo,2020-01-22T01:24:43.000Z,"","",""
1233839521038508032,2021-04-21T05:55:56.000Z,@TiaPikachu @QuirogaCalama @izkia @colmedchile @LaListaPueblo @tv_monica @doctor911_cl ğŸ¤£ğŸ¤£ğŸ¤£ğŸ¤£ğŸ¤£ğŸ©ğŸ©ğŸ©ğŸ›‘ğŸš¨ğŸš¥ğŸš¨ğŸ›‘ğŸš¥ğŸš¨ğŸš¥ğŸ˜,1384747710666903555,und,0,0,0,0,FALSE,enzo arancibia,enzoarancibia9,2020-02-29T19:41:00.000Z,chile,"",MIS PALABRAS DESAPARECEN PERO.....
1234575376824795139,2021-04-21T03:50:54.000Z,"@izkia Que bueno, asÃ­ no nos sentimos tan  humillados, gracias SII,. Gracias",1384716244163645440,es,2,0,1,0,FALSE,victor,victor52757418,2020-03-02T20:25:01.000Z,"Las Condes, Chile","","Anti neoliberalismo, Humanista, miro en todas direcciones"
125152206,2021-04-21T05:49:57.000Z,"Mire presidente @sebastianpinera Â¿y que hizo ahora con enviar al TC?
@PamJiles @danieljadue @ximerincon @guillier @guidogirardi @tv_monica @izkia @Ginoloro @Camara_cl @Senado_Chile https://t.co/3fchDnUCmW",1384746206174273536,es,0,0,0,0,FALSE,Adolfo Araya Garcia,adolfoaraya,2010-03-21T21:50:47.000Z,Santiago,"",Realista y enfadado con la realidad
125652917,2021-04-21T02:48:26.000Z,"Por quÃ© @colmedchile @pdazan @DrEnriqueParis @izkia @jaimebellolio @ministeriosalud @SeremiSaludRM no han prorrogado la RevisiÃ³n TÃ©cnica hasta septiembre, como el aÃ±o pasado? Han visitado alguna? Son un caldo de cultivo para el contagio de covid. Evitemos movilidad innecesaria.",1384700524344221698,es,0,0,0,0,FALSE,JosÃ© Miguel Jara,jarasmithjm,2010-03-23T13:06:46.000Z,"","",""
1264694600914153472,2021-04-21T04:54:49.000Z,"@Fernand25825606 @Mister_Wolf_0 @sebastianpinera @izkia A un presidente MISERABLE que vino a enriquecerse, denunciado internacionalmente, en vez de gobernar para la ciudadanÃ­a.
QuÃ© espere represalias de quienes estarÃ¡n en el lÃ­mite de sus fuerzas y contenciÃ³n",1384732332268171265,es,0,0,0,0,FALSE,naujoli19,naujoli19,2020-05-24T23:08:17.000Z,"","",Inteligencia emocional
1291618954541228038,2021-04-21T05:48:03.000Z,@izkia Estos zurdos nos tienen sumergidos en su cagÃ¡ de cuarentena sanitaria,1384745728333987841,es,0,0,0,0,FALSE,El_apolo,AbanderadoNo,2020-08-07T06:15:49.000Z,"","",ChileZelandia ğŸ‡³ğŸ‡¿ V/S ChileZuelağŸ‡»ğŸ‡ª
1358969065402949633,2021-04-21T02:19:10.000Z,@latercera @meganoticiascl @DMatamala @adnradiochile @PamJiles @sebastianpinera @danieljadue @izkia @cgajardop @TVN @baradit,1384693161402978306,und,0,0,0,0,FALSE,Soy Patricio,SoyPatricio5,2021-02-09T02:41:01.000Z,"","",soy un incha pelotas...tambien sarcastico...antipolirico neutral...
1358969065402949633,2021-04-21T02:17:35.000Z,"@latercera El tribunal constitucional es para deliberar cuando no se ponen de acuerdo y hay un empate tecnico....y este no es el caso...

@latercera @meganoticiascl @DMatamala @adnradiochile @PamJiles @sebastianpinera @danieljadue @izkia @cgajardop @TVN @",1384692760243015681,es,0,1,0,0,FALSE,Soy Patricio,SoyPatricio5,2021-02-09T02:41:01.000Z,"","",soy un incha pelotas...tambien sarcastico...antipolirico neutral...
1363978964327366657,2021-04-21T03:04:00.000Z,"#tercerretirodel10mv @izkia @gabrielboric @mdaza_abogado @mirkomacari @alejandramatus SÃ³lo salva a este gobierno la Pandemia de lo contrario el pueblo estarÃ­a tomandose  las calles. El miedo cala fuerte, pero el hambre mÃ¡s. NO + DC",1384704444928036867,es,0,0,0,0,FALSE,BOTA,seguel_ferreira,2021-02-22T22:28:39.000Z,"","",Padre de Familia
1367160987762249728,2021-04-21T03:30:55.000Z,@izkia Jjjjjjj,1384711215767769094,und,0,0,0,0,FALSE,vma_tco,TcoVma,2021-03-03T17:12:54.000Z,"","",""
1368716989284429824,2021-04-21T01:36:13.000Z,@izkia @Lopezotazo https://t.co/frot3o0jgL,1384682352056672259,und,0,0,0,0,FALSE,Sindicatolch,sindicatolch,2021-03-08T00:19:04.000Z,"","",Sindicato Liceo Camilo HenrÃ­quez.
1372588857741434882,2021-04-21T03:18:08.000Z,"@izkia Ahhh entonces ese era el problema, ğŸ¤”ğŸ¤”ğŸ¤”que lesa yo, ğŸ˜’ğŸ˜’ğŸ˜’postularÃ© nuevamente... Infelices... ğŸ˜ ğŸ˜ ğŸ˜ ",1384707999093166080,es,0,0,0,0,FALSE,Susana Calderon,SusanaC59416613,2021-03-18T16:41:22.000Z,"","",Yo
1373750677567049734,2021-04-21T02:58:52.000Z,@izkia ğŸ™ğŸ™ğŸ™,1384703150163173376,und,0,0,0,0,FALSE,Luis Alfonso Figueroa,LuisAlfonsoFig7,2021-03-21T21:37:56.000Z,"","",Fiel a mis convicciones
1382457745341825026,2021-04-21T04:47:40.000Z,"@izkia ğŸ‘ğŸ˜‚ğŸ˜‚ğŸ˜‚ğŸ˜‚ğŸ˜‚ğŸ˜‚, son unos infelicesğŸ˜‚ğŸ˜‚ğŸ˜‚",1384730531787595779,es,0,0,0,0,FALSE,@Libertadesara,libertadesara,2021-04-14T22:17:47.000Z,"","","respiro, oigo, veo, percibo, opino, escribo, mis soles, mis niÃ±os, pie descalzo camino"
1384692952551858177,2021-04-21T02:57:24.000Z,"@rodolfocarter Muy preocupante, y lo peor es que despuÃ©s dirÃ¡n que no vinieron venir el descontento, como dijo @izkia es un infeliz que solo se preocupa de sus negocios y amigos, espero que cuando termine este gobierno, existan demandas y que no pueda vivir tranquilo.",1384702783224434688,es,0,0,1,0,FALSE,Jduarte1972,jduarte1972,2021-04-21T02:18:42.000Z,"","",""
1403686310,2021-04-21T03:49:00.000Z,"@marioameyer @izkia Mi familia siempre fue de derecha pero vivimos en la miseria, en tomas de terreno, pasando hambre y frÃ­o, la derecha ni la izquierda nunca nos ayudÃ³ en nada. No hables weas. Exigir justicia y derechos no tiene nada que ver con partidos polÃ­ticos.",1384715765950160897,es,0,0,0,0,FALSE,N. Uribe,YonoemiUO,2013-05-05T00:10:21.000Z,"","","Trabajadora
Estudiante de Ing. en Administracion.
Titulada en TÃ©cnico en Administracion de Empresas.
Familia de acogida
Casada."
1403686310,2021-04-21T03:47:05.000Z,"@izkia Oohh vaya, han solucionado todos los problemas. Les preocupan mÃ¡s los memes que el bienestar de la gente, son unos weones miserables ğŸ¤¦â€â™€ï¸",1384715286704709632,es,0,0,0,0,FALSE,N. Uribe,YonoemiUO,2013-05-05T00:10:21.000Z,"","","Trabajadora
Estudiante de Ing. en Administracion.
Titulada en TÃ©cnico en Administracion de Empresas.
Familia de acogida
Casada."
146640568,2021-04-21T03:04:24.000Z,@izkia QEPD. Mi sentido pÃ©same.,1384704543502524423,es,0,0,0,0,FALSE,Sandra/,San_Antonio_19,2010-05-22T00:04:45.000Z,Chile,"",Profesional independiente.
150800633,2021-04-21T02:16:06.000Z,@fuentesilva2 uniÃ³n portuaria a #PARO ğŸ‘ğŸ‘ğŸ‘ğŸ¥³ğŸ¥³ğŸ¥³ğŸ¥³âœŠâœŠ#TERCERRETIRODEL10MV @alejandramatus @danieljadue @jananeme @baradit @izkia @PamJiles @JuliaVialTV @edodelaiglesia @mentiraslared desde coyhaique...a paro ctmreeeâœŠâœŠâœŠğŸ¥³ğŸ¥³âœŠğŸ¥³ğŸ‘ğŸ‘ğŸ‘âœŠâœŠâœŠâœŠâœŠ,1384692389122617350,es,0,0,0,0,FALSE,no te metas en mi cuenta,cesariggi,2010-06-01T21:33:51.000Z,coyhaique,"",""
1546893265,2021-04-21T03:37:50.000Z,@izkia OjalÃ¡!,1384712956747919360,es,0,0,1,0,FALSE,Marcelo Magoo,magoo_marcelo,2013-06-25T23:23:11.000Z,Chile,"",""
169755069,2021-04-21T02:51:16.000Z,"Sebastian PiÃ±era hoy le dio la razÃ³n a @izkia, son una tropa de INFELICES!! #ElPeorPresidenteDeLaHistoria",1384701237879316483,es,15,0,51,1,FALSE,ElBasto,bastiannacho,2010-07-23T02:40:32.000Z,"",https://t.co/nVceZNcn6j,ğŸ‘¨â€ğŸ“| Soy Un ROTO mas âœŒğŸ½| #YoApruebo cuando sea! ğŸ’šğŸ™Œ | No peleo con bots y menos si son fascistas ğŸ˜™| 338 dÃ­as para que se vaya PiÃ±era
174833776,2021-04-21T02:26:39.000Z,@izkia Le saco la sal! Le saco la sal!,1384695045874388994,es,0,0,0,0,FALSE,Ars Moriendi,gran__papi,2010-08-04T23:13:27.000Z,"","",Fuera los cabales
179111480,2021-04-21T01:50:42.000Z,@izkia @ribago https://t.co/3CeC0qI0WX,1384685997817057280,und,1,0,1,0,FALSE,nani,nanitita3,2010-08-16T14:53:11.000Z,chile,"",Aprendiendo a vivir esta vida !!!  y cuando sea tiempo...volverÃ© a casa ... :)
179341238,2021-04-21T03:27:57.000Z,"@izkia tenÃ­as toda la razÃ³n, este gobierno es infeliz... Desgobierno egoÃ­sta #RenunciaPiÃ±era #TercerRetiroDel10MV @LaRedTV @CNNChile https://t.co/NqFdLNXfYd",1384710468451938306,es,0,0,0,0,FALSE,Yo PedrÃ­n,pedfuent,2010-08-17T02:10:41.000Z,"","",Profesor de EducaciÃ³n Diferencial/Psicopedagogo/Profesional en la EducaciÃ³n con NEE.  / Pensamiento justicia social y mi sueÃ±o es ser papÃ¡ soltero - Chile
188500092,2021-04-21T03:51:25.000Z,@Loretitolinda @izkia lo vio venir. Lo dijo por lo claro.,1384716375759929344,es,2,0,4,0,FALSE,Pamela VerÃ³nica DÃ­az,pameladiazfirst,2010-09-08T21:54:18.000Z,"CuricÃ³, Chile","","Amo la vida, me gusta debatir. Valoro las personas por sus acciones y actitudes. Mente abierta, ojos abiertos! IG @pamela_diaz_faundez"
209236032,2021-04-21T03:51:50.000Z,@izkia Jajaja Queen Izkia,1384716479371882500,es,0,0,0,0,FALSE,Claudio Salas Garrido,Claudio_SalasG,2010-10-28T19:54:54.000Z,"Villarrica-Temuco, Coyhaique. ","","Medico titulado UFRO, actual residente CirugÃ­a Pediatrica, UdeChile. soÃ±ador de una Salud PÃºblica que entregue dignidad y derechos. PapÃ¡ de Domingo #apruebo"
211876544,2021-04-21T02:48:33.000Z,@ministeriosalud @colmedchile @GobiernodeChile @DrEnriqueParis @izkia @sebasugarte https://t.co/m6GNFxukw9,1384700556908838912,und,0,0,0,0,FALSE,AMLOR,am_lr,2010-11-04T14:36:34.000Z,antofagasta,"","Si te preocupa algo, OCÃšPATE y no responsabilices a los demÃ¡s. Se tu propio lÃ­der y se justo y honesto"
2158716795,2021-04-21T03:32:17.000Z,"@hugosoooo @Fernand25825606 @Mister_Wolf_0 @sebastianpinera @izkia Si amigo, INFELICES ESTOS CSMğŸ˜¡ğŸ˜¡ğŸ˜¡ğŸ˜¡ğŸ˜¡ğŸ˜¡",1384711560833208322,es,0,0,0,0,FALSE,Gir4Sol#,Gir4sol,2013-10-29T15:01:42.000Z,"Santiago, Chile","","Talquina de corazon..Santiaguina por opcion...Mujer, hija, esposa y madre de dos personitas que me han cambiado la vida...ğŸ˜ŠğŸ˜ŠğŸ˜ŠğŸ˜ŠğŸŒˆğŸŒˆğŸŒˆğŸŒˆ"
222660449,2021-04-21T01:28:45.000Z,@izkia Pero igual te van a decir que no te corresponde,1384680471657861122,es,0,0,0,0,FALSE,Miguel Vallejo Solar,migvall,2010-12-04T02:05:56.000Z,Chile,"",Consultor Independiente
2262901015,2021-04-21T04:58:57.000Z,@izkia El costo asociado a dicha actualizaciÃ³n sera de 25 mill adjudicados a la empresa piÃ±ericosas S.A.,1384733372921126915,es,0,0,0,0,FALSE,Gerson Sotomayor,gess_uc,2013-12-26T14:17:09.000Z,"Arica, Chile","",Enfermero R-5 ... en la lucha hasta que las cosas cambien âœŠğŸ» ğŸ‡¨ğŸ‡±
234853391,2021-04-21T01:34:59.000Z,"@PamJiles @izkia esto es lo que publica la NaciÃ³n hace 1 minuto, en medio de este estallido por lo del TC. con todo respeto estÃ¡n usando su imagen para tapar el sol con un dedo. https://t.co/tTbdORbSeF",1384682041908793344,es,0,0,0,0,FALSE,Francisco Agullo,fagullo,2011-01-06T18:50:19.000Z,"","","me molesta el chequeteo, si a un wueon le va bien puta que bueno por el. apoya siempre al que le va bien y ayuda a que no tanto."
240769354,2021-04-21T05:31:04.000Z,@izkia Son unos hdp estos infelices qls!!! ProhibÃ­ las malas palabras en mi casa pero estos qls del gobierno me superan,1384741455340654592,es,0,0,0,0,FALSE,Alicia Guajardo,alistangc,2011-01-20T18:09:37.000Z,Chile,"","Madre de 6 hijos, casada con un hombre maravilloso, trabajo en mi empresa de ventanas, siempre a la zurda, nunca a la diestra. Feliz y Tranquila."
241205147,2021-04-21T04:26:31.000Z,@izkia https://t.co/9eVq24i9bB,1384725209756864513,und,0,0,0,0,FALSE,Oscar Olivares,oscarx_XD,2011-01-21T18:21:47.000Z,"Santiago, Chile","",No soy un completo inÃºtil... Por lo menos sirvo de mal ejemplo.
250324857,2021-04-21T05:51:57.000Z,@izkia Y se siguen burlando de la gente? ğŸ¤¦â€â™€ï¸,1384746710279376899,es,0,0,0,0,FALSE,maria isabel,marysanfelipe,2011-02-10T21:41:18.000Z,Santa MarÃ­a,"",""
2527535546,2021-04-21T02:59:58.000Z,@izkia https://t.co/FJILuXkCrn,1384703428786630656,und,0,0,0,0,FALSE,Carlos CatalÃ¡n.,cacoapp,2014-05-27T14:04:12.000Z,"","",""
253369320,2021-04-21T01:41:26.000Z,@izkia Que gasto de energÃ­a inÃºtil,1384683665834250246,es,0,0,0,0,FALSE,Roberto,123momia_es,2011-02-17T03:05:23.000Z,"","",ğŸ‡®ğŸ‡¹ ğŸ‡¨ğŸ‡±
273089429,2021-04-21T02:16:02.000Z,"@izkia #colmed asÃ­ como son sensibles con sus colegas, sean igual con 2 familias que estÃ¡n sufriendo por la carnicerÃ­a que tienen colegiada #mariafernandaayalarojas,  y ladrona ğŸ¤¬ğŸ¤¬ğŸ¤¬ğŸ¤¬",1384692372630507522,es,0,0,0,0,FALSE,Morocha,negra1902,2011-03-27T20:17:09.000Z,Santiago de Chile,"",""
2761392201,2021-04-21T01:52:44.000Z,@izkia Jajajjsn ahora tamos dados para el exito....,1384686508389634050,es,0,0,0,0,FALSE,Carlos Mardones,pitagorasmardon,2014-09-04T19:04:38.000Z,"","",""
2830175816,2021-04-21T02:48:39.000Z,@izkia Izkia por Dios quiÃ©n podrÃ­a manifestar de verdad lo que puede suceder con la decisiÃ³n de ir al TC. La explosiÃ³n va a ser peor que el 18-10.,1384700582011838467,es,0,0,0,0,FALSE,Raul Pita Bernardi,raulpita4,2014-09-24T16:55:25.000Z,"","",""
2865730870,2021-04-21T02:51:37.000Z,@izkia https://t.co/yrAp5jFjZM,1384701328941850624,und,0,0,0,0,FALSE,metalesrojos valpo,met_valpo,2014-11-07T14:37:03.000Z,valparaÃ­so,"",Escultora
289176421,2021-04-21T06:01:12.000Z,"@Grone69 @jcp_julio @izkia DeberÃ­a ponerle ""LA RED""
ğŸ¤£ğŸ¤£",1384749038503870468,es,0,0,0,0,FALSE,andres campillay,copiamaiden,2011-04-28T04:47:33.000Z,CopiapÃ³ ,"",""
297183735,2021-04-21T02:51:03.000Z,"@izkia Que pena, un maestro de la medicina al cual tuve el honor de conocer en un congreso de estudiantes compartiendo una cena y me autografiara mi librito de semiologÃ­a  . CuÃ¡nto aprendimosde el . Condolencias a la familia ğŸ˜”",1384701183978311681,es,0,0,0,0,FALSE,cesar alvarado,CesarAlvara,2011-05-12T02:35:41.000Z,"ValparaÃ­so, Chile","","De Puerto Montt, creo en la salud pÃºblica como derecho humano  universal casado con Jaqueline, pediatra HCVB ValparaÃ­so"
3016383015,2021-04-21T04:34:41.000Z,@izkia https://t.co/sVXPXsfAP0,1384727263451701249,und,0,0,0,0,FALSE,Claudia Connolly,sayen_aliwe,2015-02-04T05:32:29.000Z,"Villa Alemana, Chile","","Para mejorar el nivel de vida, los polÃ­ticos deben aumentar la productividad asegurÃ¡ndose de que los trabajadores estÃ©n bien educados. EDUQUEN"
31026227,2021-04-21T03:51:01.000Z,@izkia Perdon que me ria!!! ğŸ˜‚ğŸ˜‚ğŸ˜‚,1384716274102587393,es,0,0,0,0,FALSE,Karem Gajardo Pavez,karuchita,2009-04-14T01:57:36.000Z,"Santiago, Chile",https://t.co/PjGrGpH3uH,"CHILENA, EDUCADORA DE PARVULOS Y DIFERENCIAL, ESPECIALISTA EN TRASTORNOS DEL LENGUAJE, CON VOCACION POR LO Q REALIZO, AUN CREO EN DIOS Y SU TRIBU..."
3116963516,2021-04-21T04:31:45.000Z,@izkia Me cago csm,1384726525510041601,es,0,0,0,0,FALSE,jorge luis acuÃ±a,jorge_a01,2015-03-30T11:24:35.000Z,"","",""
312342813,2021-04-21T02:33:55.000Z,@izkia Que horrorğŸ¤¦â€â™€ï¸ğŸ¤¦â€â™€ï¸ğŸ¤¦â€â™€ï¸,1384696873718620163,es,0,0,0,0,FALSE,Carol,Carolfrancia,2011-06-06T23:57:18.000Z,"","",""
315546653,2021-04-21T02:52:06.000Z,@doctor911_cl Doctor ayude a convencer a @izkia que sea precidenciable por favor,1384701447586160641,es,0,0,2,0,FALSE,francisco prado,pradopere,2011-06-12T02:04:46.000Z,melipilla chile,"",""
350530119,2021-04-21T03:26:48.000Z,"@izkia El Dr. Alejandro Goic es una figura egregia de la Medicina chilena! Por sus aportes, trayectoria, personalidad y vocaciÃ³n acadÃ©mica ocupa un lugar destacado entre los mÃ¡s excelsos profesores de Medicina! Se merece un gigantesco reconocimiento y homenaje de la comunidad mÃ©dica!",1384710179959226373,es,0,0,2,0,FALSE,Valdiviano Federal,Wbrokering,2011-08-07T22:49:52.000Z,Noble y Leal Valdivia-Chile,"",Hincha de UniÃ³n EspaÃ±ola. MÃ©dico U de Chile. AcadÃ©mico UACh. Feliz Padre. Bien casado. Descendiente de inmigrantes.Progresista.VALDIVIANO Ferroviario.APRUEBOâ˜”â›ˆ
352777452,2021-04-21T04:54:10.000Z,"@mar_andrea87 @NegritoQMP Los doctores y demÃ¡s personal de salud no pueden parar,esto es contra el gobierno,no contra el pueblo que esta sufriendo esta pandemia,se imagina pararan los doc?seria mas terrible que no aprobaran el 10% ,cuantos morirÃ­an,la doc @izkia dijo que nunca harÃ­an eso.",1384732168014938112,es,0,1,0,0,FALSE,Alejandro,alejandropere83,2011-08-11T02:29:56.000Z,valdivia,"",trabajador azul
3676303635,2021-04-21T05:47:16.000Z,"@izkia ayuda.suya y del.colegio.medico por fa, mi suegro lo operaron en el inca ,.y nos llama a las 1:45 AM llorando por quÃ© funcionarios lo humillan , tratan de conflictivo y que de gracias de estar vivo x ellos..no serÃ¡ mucho , y @ministeriosalud no hace nada al informar",1384745528924250113,es,0,0,0,0,FALSE,Patricio Allendes Matus,Patricioalle,2015-09-16T16:04:37.000Z,"El Monte, Chile","",""
369924660,2021-04-21T02:45:01.000Z,@izkia https://t.co/gktSBIbShs,1384699664314912770,und,0,0,0,0,FALSE,Alberto Camus Rastello,_alcara_,2011-09-08T05:14:48.000Z,"","","Justo, Valiente, Honesto, Trabajador, Viajero, Gozador de Vino y Comidas, Leer para tener Opinion y Debatir."
404125091,2021-04-21T02:05:18.000Z,Sacan la â€œXâ€ y lo cambian por la tapa de la mujer mas bakan de estos tiempos @izkia @SII_Chile #3retiro #BonoClaseMediaRechazado https://t.co/Zv4YhUAFaZ,1384689669061943296,es,0,0,0,0,FALSE,CaroGarcia,corcaistegui,2011-11-03T13:46:43.000Z,"","",abogada....amante de la vida
441276632,2021-04-21T01:29:52.000Z,@izkia Que torpes..no entienden nada...ğŸ˜ ğŸ˜¡ğŸ˜¡ğŸ˜¡,1384680755507384328,es,0,0,0,0,FALSE,Sergio Riveros,keekhos,2011-12-19T22:49:27.000Z,"","",""
456077187,2021-04-21T03:42:38.000Z,"@izkia Izkia, Usted no debiÃ³ retractarse de sus dichos ....SON UNOS INFELICES.",1384714166951419906,es,0,0,0,0,FALSE,Roberto Catrillanca Patipelao Salvador Allende viv,RobertoVsquezCo,2012-01-05T21:08:34.000Z,A la chucha y en Chilito ,https://t.co/BKDhaG2bga,"Mi Amelia Celeste. Capo de Provincia 
Si es Facho siga en el 6% Allende Vive.. 
Gustavo Gatica el pueblo no te fallarÃ¡.
APRUEBO. ğŸ‘ğŸ’ª"
468753110,2021-04-21T04:01:49.000Z,"Vemos que tenÃ­a razÃ³n @izkia, estos weones son #infelices",1384718995291623424,es,4,0,4,0,FALSE,Cesar Fuentes,CesarFuentes15,2012-01-19T21:43:36.000Z,"","","AgnÃ³stico,  Historiador aficionado, pensamiento crÃ­tico,  siempre en busca de la justicia social,  ningÃºn hombre estÃ¡ sobre otro."
469457568,2021-04-21T03:21:54.000Z,@sebaloguercio @papo_78 @marioameyer @izkia Pero cachai que no le estÃ¡ respondiendo a la izkia? O eres mÃ¡s aweonao de lo que pensabas?,1384708947957985281,es,0,0,0,0,FALSE,roer,RobertoOsorio15,2012-01-20T16:27:17.000Z,"","",Que te importa lo que haga wn oh!
4817011766,2021-04-21T01:58:52.000Z,"#TerceRetiro10ciento
@izkia NO se equivocÃ³ para nada al calificar a este gobierno y sus integrantes d INFELICES!!! #Esonomastedigo 
#ElPeorGobiernoDeLaHistoria #cacerolazo #estallido2021",1384688053361553411,es,1,0,3,0,FALSE,VAMOS POR MÃS!!!! ğŸ’ªğŸ’ªğŸ’ªğŸ’ª,laraalvaro83,2016-01-26T14:26:26.000Z,"","","Gusto hablar de la vida, la polÃ­tica, deportes... de todo...."
48882346,2021-04-21T05:23:41.000Z,@izkia @IgnacioIriarte Ahora podremos dormir en paz...gudnait Queen Izkia,1384739595850592262,es,0,0,0,0,FALSE,Juan Antonio Paredes,juan_paredes75,2009-06-20T00:52:45.000Z,Chile - Concepcion,"",Padre y Marido por sobre todas las cosas.  MagallÃ¡nico de nacimiento y Penquista por gracia. #Apruebo la justicia social y la igualdad de oportunidades.
490827578,2021-04-21T03:11:43.000Z,"@izkia siempre tuvo razÃ³n, el @GobiernodeChile son unos infelices.
#Cacerolazo
#estallido2021
#TercerRetiroDel10MV #ElPeorPresidenteDeLaHistoria",1384706387129864192,es,0,0,4,0,FALSE,Pablo Andres,PabloAndres1981,2012-02-12T23:25:11.000Z,"Santiago, Chile","","Desarrollar y otorgar oportunidades es fundamental para un crecimiento digno
Hincha de Colocolo y viudo de Bielsaâš½ï¸
Steelers Fan ğŸˆ
Arica y Stgo."
4919845072,2021-04-21T03:41:59.000Z,@izkia Eso era lo que estÃ¡bamos esperando ğŸ¤·â€â™€ï¸ğŸ¤¡,1384714003876876288,es,0,0,0,0,FALSE,JoanğŸ¾ - Hagamos de esto un lugar mejor ğŸŒ ,kali_gutilop,2016-02-16T15:40:37.000Z,"","","Penquista con una hermosa familia. La vida me ha dado y quitado, pero sobre todo me ha enseÃ±ado. Catlover y casi Otaku. TÃ­a de Medio Menor. #Izquierdaforevaâ˜ï¸"
561514001,2021-04-21T02:26:09.000Z,@jany_apruebo @izkia Â¿Que tiene que ver esto con la medida del SII frente al bono de clase media que ironzo Izkia?,1384694917251874816,es,0,0,0,0,FALSE,FDOSOB,fdo_sob,2012-04-23T22:22:04.000Z,"Metropolitana de Santiago, Chi","","Ingeniero Civil Industrial, FanÃ¡tico de los RPG, Deportes, Lectura y Netflix."
562804384,2021-04-21T02:01:58.000Z,@LaChotix @cromanzzo @izkia Juajajajajajajajaja Juajajajajajajajaja Juajajajajajajajaja Juajajajajajajajaja,1384688830700298241,es,0,0,1,0,FALSE,"Bribus, patipelada#asambleaconstituyente",Bribusss,2012-04-25T11:26:59.000Z,Stgo,"",Una Zorra Patipelada masğŸ˜‚
59267334,2021-04-21T04:02:11.000Z,@izkia tenÃ­a razÃ³n ğŸ–¤,1384719085582356480,es,0,0,0,0,FALSE,Carla Magdalena (en honor a Risopatron Matte),carlaeme,2009-07-22T22:15:22.000Z,Chile,"",Adicta ASMR #putaama #tuesclava
598762545,2021-04-21T02:52:53.000Z,@marcoporchile Los #Infelices tal como lo dijo @izkia  sin lo peor son Infelices !! Deben dejar sus cargos #PineraSeAcabo  tendrÃ¡ q salir en MAYO helicÃ³ptero de la moneda ! ğŸ”¥ğŸ”¥ğŸ”¥,1384701646433931265,es,4,1,8,0,FALSE,#Fsl,FsantosL,2012-06-03T21:37:22.000Z,santiago de chile,"",@theclubxy. en Instagram
59946811,2021-04-21T02:15:36.000Z,"#cacerolazo #estallido2021 #ElPeorPresidenteDeLaHistoria #TercerRetiroYA 

cuanta razÃ³n tuvo @izkia cuando trato de INFELICES al gobierno en su momento @Mister_Wolf_0 ...el tiempo le dio la razÃ³n",1384692264157470727,es,8,0,13,0,FALSE,Geraald Allan,gerald_96,2009-07-25T01:44:36.000Z,"","",Melonino - 25 ğŸˆğŸŒ²
606694423,2021-04-21T01:49:21.000Z,@dedildo @marioameyer @izkia Ya pueâ€™ falta argumento: Norcorea; Norcorea; Norcorea...,1384685656362860544,es,0,0,0,0,FALSE,Hugo CatalÃ¡n Flores #APRUEBO,felixkof,2012-06-12T22:29:05.000Z,"Santiago, Chile",https://t.co/iO8m5c36YC,"Hugo CatalÃ¡n Flores, Revista Maestra Vida. Director @ODCchile Egresado de Derecho, casi AntropÃ³logo, columnista, poeta y fotÃ³grafo ocasional. Zurdo
votÃ©#APRUEBO"
615629120,2021-04-21T01:50:17.000Z,"@marioameyer @izkia Tan pitiado de la pensadora, para donde  miran encuentran comunista jaja jajajaja no da para mÃ¡s, es solo sentido comÃºn, no es necesario ser comunista, es solo ser sensato nada mÃ¡s, pero no se puede pedir mÃ¡s que el fanatismo polÃ­tico co es mayor.",1384685893622116353,es,0,0,0,0,FALSE,Jose,jtapiarod,2012-06-22T23:49:21.000Z,"","","Prevenconista de Riesgo, UAC"
70318525,2021-04-21T03:44:38.000Z,para pasar el trago amargo me puse a escuchar el Ãºltimo capÃ­tulo de @ESDH_cl con @izkia y me da mucha risa lo incÃ³modo que se sienten con los garabatos de cuando donan wajjaajajajaja @coronelvalverde @doncomedia,1384714669471014914,es,0,0,1,0,FALSE,Carlos Llanos,cfllm89,2009-08-31T05:29:55.000Z,"Santiago, Chile","","Cocinero frustrado, amante del cine y la mÃºsica, pero lamentablemente, Ingeniero Comercial."
71290695,2021-04-21T02:40:03.000Z,En efecto muere un maestro de la medicina chilena. @izkia . https://t.co/PK9qNniOvm,1384698414726791188,es,6,0,17,0,FALSE,Marta Lagos,mmlagoscc,2009-09-03T16:11:58.000Z,Santiago de Chile ,http://t.co/BhwEkOUrWX,"Encuestadora, fundadora de Latinobarometro y MORI Chile"
779819376325357568,2021-04-21T02:12:43.000Z,@Choroy_Traiguen @izkia https://t.co/mJvqMR1vPK,1384691535900459008,und,0,0,0,0,FALSE,ivette,Ivette71360912,2016-09-24T23:06:42.000Z,"","","ojos de loca no se equivocan. Carmina.
Mis ojos valen mas por lo que han visto que por su color. Ivette.
doglover."
802834631485784064,2021-04-21T03:13:55.000Z,@izkia Por diez lucas no califiquÃ© ğŸ˜©,1384706938785517577,es,0,0,0,0,FALSE,Albina Penaloza Vill,lapenaloza58,2016-11-27T11:21:06.000Z,"","",""
802834631485784064,2021-04-21T03:12:49.000Z,@izkia Jajajaja jajajaja jajajaja jajajaja jajajaja jajajaja jajajaja jajajaja jajajaja jajajaja jajajaja jajajaja,1384706663408488449,es,0,0,0,0,FALSE,Albina Penaloza Vill,lapenaloza58,2016-11-27T11:21:06.000Z,"","",""
80357437,2021-04-21T03:03:44.000Z,"@marioameyer @izkia CÃ¡llate conchetumare!!! No se aburren de repetir la misma cantaleta de cuba, de Venezuela, la urss.. babosos reqlos!",1384704374560206849,es,0,0,0,0,FALSE,Pepe..,pet_ardo,2009-10-06T17:37:34.000Z,Chile,"","Hasta que la DIGNIDAD se haga costumbre.. 

#RenunciaPiÃ±eraCTM"
811189390454169602,2021-04-21T04:07:47.000Z,"@izkia ERES UNA ABSURDA RIDÃCULA. QUIÃ‰N TE CREES ACASO?
LA GENTE SE MUERE DÃA A DÃA, Y TÃš HACIÃ‰NDOTE UN CUERPO PINTADO? QUÃ‰ LINDA OBRA DE ARTE CIERTO?RIDÃCULA TE VES, COMO UNA VERDADERA INDIA INFELIZ. ESO ES LO QUE ERES.
INSENSATA, IRRESPONSABLE, INDOLENTE, Y LUEGO PELAS AL RESTO",1384720493513748481,es,0,0,0,0,FALSE,Haciendo Justicia!!,gran_sultana,2016-12-20T12:39:56.000Z,"","","NO AL MALTRATO ANIMAL!
NO COMPRES, ADOPTA!"
816856040146894848,2021-04-21T05:45:52.000Z,"@izkia Este infeliz se rÃ­e de la gente , se rÃ­e del hambre de un pueblo ... este endÃ³gamico tiene que parar !!!! A La Moneda todos !!!!",1384745179735896065,es,0,0,0,0,FALSE,FER,fernandafr301,2017-01-05T03:57:11.000Z,"Vitacura, Chile","",""
837088341254352898,2021-04-21T03:01:38.000Z,"@TiaPikachu @izkia @colmedchile @LaListaPueblo @tv_monica @doctor911_cl @QuirogaCalama quede claro que ella es UDI, la ediciÃ³n del video da para confusiÃ³n",1384703847852032000,es,0,0,0,0,FALSE,Ramntor,Ramtoral,2017-03-01T23:53:07.000Z,"","",""
843163849561903105,2021-04-21T05:32:14.000Z,@izkia #Infelices,1384741746668625921,und,0,0,3,0,FALSE,ğŸŒ» Amara RodrÃ­guez. ğŸ’œâš˜,mara_villa_sol,2017-03-18T18:15:01.000Z,Peumayen,"","Usachina. Hija de Enrique Kirberg y de VÃ­ctor Jara. Historia. Por la izquierda. ""Yo me muero como vivÃ­"". ë¶ˆìˆœì¢…. â˜­ Promotora de la Agenda del ğŸ˜ˆ"
853760065916084224,2021-04-21T03:23:35.000Z,@FsantosL @marcoporchile @izkia CÃ³mo va todo creo que en Mayo de ESTE AÃ‘O !!,1384709372568379392,es,0,0,3,0,FALSE,Ana Maria,Anmary59644064,2017-04-17T00:00:36.000Z,"Punta Arenas, Chile","","MagallÃ¡nica, Progresista, Madre Esposa, melomana , deseosa de un CHILE mejor ğŸ™â¤ï¸â¤ï¸â¤ï¸."
882295261665648641,2021-04-21T01:49:00.000Z,@izkia Van colocar un cÃ­rculo rojo...ğŸ˜‚ğŸ˜‚ğŸ˜‚,1384685567963709443,es,0,0,0,0,FALSE,Jorhernamu,Jorhernamu1,2017-07-04T17:49:17.000Z,"","",""
883274978,2021-04-21T03:08:52.000Z,"@izkia Pucha, de verdad no piensas ser candidata???, Necesitamos tanto a alguien como tÃº!!!!",1384705668322668545,es,0,0,0,0,FALSE,Evelyn Torres Gayoso,ETGayoso,2012-10-15T22:51:33.000Z,"","",""
951890852879716352,2021-04-21T01:33:00.000Z,@izkia Al parecer algunos prefieren los eufemismos antes que la verdad desnuda.,1384681540291022853,es,1,0,1,0,FALSE,Mauricio Perrin,PerrinMauricio,2018-01-12T18:57:19.000Z,"Santiago, Chile","",SoÃ±ar con un mundo mejor
982045604443492352,2021-04-21T01:30:06.000Z,"@izkia A eso se refierÃ­an cuando se habla de ""cargar una cruz""??",1384680811727884298,es,0,0,0,0,FALSE,DEPLORABLE,J053LU1583N1T32,2018-04-06T00:01:32.000Z,"Entre Valpo/San Antonio, Chile","","No soy......pero me hago.
Wanderino hasta el contre...
PorteÃ±o de Valpo y SanAntonino de San Antonio
Padrino de Daniela e Ignacia..."
997292569150226432,2021-04-21T01:45:04.000Z,"@Cote0602 @marioameyer @izkia Mismo principio que los trolls de internet. Nadie los pesca por ser indeseables, asÃ­ que se alegran incluso por las interacciones negativas, que su mente traduce a ""los hice enojar! Significa que soy mejor y voy ganando"".
Triste material de estudio psiquiÃ¡trico",1384684578472857602,es,0,0,0,0,FALSE,Generic acc,PosterGeneric,2018-05-18T01:47:32.000Z,"","",.
