author_id,id,created_at.x,lang,text,public_metrics.retweet_count,public_metrics.reply_count,public_metrics.like_count,public_metrics.quote_count,name,description,url,created_at.y,username,location,verified
1024108214617612290,1384700230604578817,2021-04-21T02:47:16.000Z,es,"@jcoulon @KarolCariola Mate wea la Izquierda tiene mayor√≠a
Siempre gobern√≥ la concertaci√≥n ex oposici√≥n
@KarolCariola 
Quieres un gobierno de 
Jadue ?? Jiles ??? Heraldo
Con esos csm nos vamos a la  Z
Y tus fondos AFP
A repartir con weones que nunca an trabajado
Lindo j√∫bilo 
Jil QL",0,0,0,0,alex patrixüíö,"REMODULIN
necesidad que se incorpore a la ley RICARTE SOTO
pol√≠ticos ayudar por favor es URGENTE","",2018-07-31T01:43:20.000Z,ALEXISP20279408,"Santiago, Chile",FALSE
1024108214617612290,1384698658160009227,2021-04-21T02:41:01.000Z,es,"@KarolCariola Chile NO da m√°s 
Con su populismo
En el congreso 
Parlamentarios cagones",0,0,0,0,alex patrixüíö,"REMODULIN
necesidad que se incorpore a la ley RICARTE SOTO
pol√≠ticos ayudar por favor es URGENTE","",2018-07-31T01:43:20.000Z,ALEXISP20279408,"Santiago, Chile",FALSE
1042837099597193217,1384744556407791616,2021-04-21T05:43:24.000Z,es,@karina_ol @siliconvalle @ComunesCL @danielstingo @gabrielboric @GiorgioJackson @renenaranjo @Mister_Wolf_0 @elfrente_amplio @jjcc_chile @KarolCariola wuauuuu increible ...,0,0,0,0,neo,"","",2018-09-20T18:05:14.000Z,NNeeoO_OoeeNN,"",FALSE
106448403,1384723348245127168,2021-04-21T04:19:07.000Z,in,@KarolCariola Tongolele al pasillo,0,0,0,0,Cristian Farias,"trabajador y responsable, colo colino 100%","",2010-01-19T16:00:35.000Z,cristiancapo,Chile,FALSE
106558355,1384698361052385284,2021-04-21T02:39:50.000Z,es,@karina_ol @siliconvalle @ComunesCL @danielstingo @gabrielboric @GiorgioJackson @renenaranjo @Mister_Wolf_0 @elfrente_amplio @jjcc_chile @KarolCariola Tenemos al presidente... Que mas se puede pedir...,0,0,0,0,alejandro gonzalez,"Ingeniero mec√°nico inacap. 
Siempre de una linea. Acelero y luego existo!",https://t.co/t2TkYwZw9y,2010-01-19T23:28:07.000Z,jano_accent98,"",FALSE
111032669,1384707673493475329,2021-04-21T03:16:50.000Z,es,@delosquesobran @KarolCariola Desde mana√±a todos a acampar afuera del TC pac√≠ficamente a hacer presi√≥n ¬°¬°... No nos moveran¬° https://t.co/ve0XoYl1v9,0,0,0,0,APRUEBO,Resurrecci√≥n del pueblo?,"",2010-02-03T15:47:30.000Z,Guszalo,"",FALSE
111032669,1384706089950777347,2021-04-21T03:10:33.000Z,es,"@karina_ol @siliconvalle @ComunesCL @danielstingo @gabrielboric @GiorgioJackson @renenaranjo @Mister_Wolf_0 @elfrente_amplio @jjcc_chile @KarolCariola Desde mana√±a todos a acampar afuera del TC pac√≠ficamente a hacer presi√≥n ¬°¬°... No nos moveran¬°

Te esperamos https://t.co/RLcdsEHtHq",0,0,0,0,APRUEBO,Resurrecci√≥n del pueblo?,"",2010-02-03T15:47:30.000Z,Guszalo,"",FALSE
111032669,1384707159469010944,2021-04-21T03:14:48.000Z,es,"@mariseka @Diputados_PC @carmen_hertz @KarolCariola @luiscuellop @Mayafernandeza @jjcc_chile @ValeMirandaCC @PCdeChile @PrensaPCdeChile @RNuevoMundo Desde mana√±a todos a acampar afuera del TC pac√≠ficamente a hacer presi√≥n ¬°¬°... No nos moveran¬°

Te esperamos Maricel ¬° https://t.co/tDOKTsSdQS",0,0,0,0,APRUEBO,Resurrecci√≥n del pueblo?,"",2010-02-03T15:47:30.000Z,Guszalo,"",FALSE
111032669,1384704260869341186,2021-04-21T03:03:17.000Z,es,"@KarolCariola Desde mana√±a todos a acampar afuera del TC pac√≠ficamente a hacer presi√≥n ¬°¬°... No nos moveran¬°

Te esperamos KAROL¬° https://t.co/U8cvVTUACD",0,0,0,0,APRUEBO,Resurrecci√≥n del pueblo?,"",2010-02-03T15:47:30.000Z,Guszalo,"",FALSE
1125134869833580545,1384701999451721730,2021-04-21T02:54:17.000Z,es,@KarolCariola H√°gale golpe de estado si no lo.quiere,0,0,0,0,JUAN CARLOS,ciudadano de la Republica de Chile.Dios es mi copiloto #NoalNuevoOrdenMundial azul de coraz√≥n la derecha es mi camino ELVIS PRESLEY FOR EVER y patriota üá®üá± Q,"",2019-05-05T20:27:11.000Z,JCarlos1479,"Metropolitana de Santiago, Chi",FALSE
116455406,1384698173604642817,2021-04-21T02:39:05.000Z,es,@KarolCariola Y usted que a echo solo habla y habla,0,0,0,0,mako mulato,papa de cristobal y amante de la T_T de chile,"",2010-02-22T14:24:11.000Z,m2kko,chile,FALSE
118488849,1384706110205087746,2021-04-21T03:10:37.000Z,es,@KarolCariola Chile ya no da m√°s con #ElPeorCongresoDeLaHistoria traidores.,4,0,11,0,Mimi,"Dios y Patria, anticomunista. #Patriota hasta la m√©dula de los huesos.","",2010-02-28T21:09:25.000Z,nicolaevna,Santiago de Chile,FALSE
118525558,1384696749852401664,2021-04-21T02:33:26.000Z,es,@karina_ol @siliconvalle @ComunesCL @danielstingo @gabrielboric @GiorgioJackson @renenaranjo @Mister_Wolf_0 @elfrente_amplio @jjcc_chile @KarolCariola Estos son los verdaderos due√±os de chile,0,0,0,0,Enrique Guzman B.,"","",2010-02-28T23:42:54.000Z,eeguzmanb,osorno chile,FALSE
1187497684124520448,1384697745248772099,2021-04-21T02:37:23.000Z,es,"@FelipeNatri @jcoulon @KarolCariola Jajajaja me encanta ese argumento, suponiendo que la Concertaci√≥n solo aplic√≥ pol√≠ticas de izquierda y no profundiz√≥ el modelo, pareciera que durante esos a√±os no existi√≥ la derecha en el Congreso oponiendse a todo + el lobby empresarial",0,2,6,0,Marco,"","",2019-10-24T22:34:56.000Z,DeformusBlock,"",FALSE
1201123651896193024,1384695757354176512,2021-04-21T02:29:29.000Z,es,@KarolCariola Compa√±era. Puedo hacer una recomendaci√≥n sobre el tema Reforma tributaria y el proyecto a los mas ricos?,0,0,0,0,criverosg,Un humano en el planeta.,"",2019-12-01T12:59:36.000Z,criverosg1,"",FALSE
121617769,1384701176063610881,2021-04-21T02:51:01.000Z,es,"@KarolCariola Congreso de pesadilla , pol√≠ticas de pesadilla ! Todo un desastre gracias a uds! Son unos miserables! Todo se paga quer√≠da! Aqu√≠ o en la otra vida ! No te olvides !",0,0,0,0,Pepa,"profesional gracias al esfuerzo de mis padres! nadie les regalo nada! amante de los viajes, y de mi trabajo . Quiero un Chile libre de extrema izquierda!","",2010-03-10T02:12:31.000Z,drarogers,Santiago Chile,FALSE
1217456593438171137,1384722983319711749,2021-04-21T04:17:40.000Z,es,@SinFiltros67 @Cardena65406239 @IraciHassler @KarolCariola No es una falta de respeto porque seg√∫n yo he visto ella reclama algo que muchos queremos saber y es sobre el espionaje en el inba pero no le falta el respeto porque ella lo interpela cuando el termina de hablar adem√°s que el rol de los concejales es fiscalizar al alcalde,0,1,0,0,Ariel Alonso N√∫√±ez araya,Firme por @la_convergencia convergencia social lo mejor  pero para que los fachos  entiendan cada cosa que opino es opini√≥n m√≠a no de la convergencia,"",2020-01-15T14:40:57.000Z,ArielAlonsonuar,"",FALSE
1217456593438171137,1384716782036996099,2021-04-21T03:53:02.000Z,es,@SinFiltros67 @Cardena65406239 @IraciHassler @KarolCariola No hay porque faltarle el respeto a otro para debatir,0,1,0,0,Ariel Alonso N√∫√±ez araya,Firme por @la_convergencia convergencia social lo mejor  pero para que los fachos  entiendan cada cosa que opino es opini√≥n m√≠a no de la convergencia,"",2020-01-15T14:40:57.000Z,ArielAlonsonuar,"",FALSE
1217456593438171137,1384711482995249152,2021-04-21T03:31:58.000Z,es,@SinFiltros67 @Cardena65406239 @IraciHassler @KarolCariola Porque lo dijo alessandri de manera despectiva,0,1,0,0,Ariel Alonso N√∫√±ez araya,Firme por @la_convergencia convergencia social lo mejor  pero para que los fachos  entiendan cada cosa que opino es opini√≥n m√≠a no de la convergencia,"",2020-01-15T14:40:57.000Z,ArielAlonsonuar,"",FALSE
1241911036472627202,1384719383767961600,2021-04-21T04:03:22.000Z,es,@KarolCariola No damos m√°s de los PC (Perros Cu). Sabes algo de inflaci√≥n? Alguna propuesta distinta a retiros masivos que genera m√°s pobreza o necesitas explicaci√≥n con peras y manzanas? Entiendes que exceso de circulante y compras va a depreciar la moneda? Y despu√©s de un 3er retiro qu√©?,0,0,0,0,Informaci√≥nsocial,"Razonando en un mundo visceral.
Organizaci√≥n de Ciudadanos por el conocimiento sin ideolog√≠as de lucha.","",2020-03-23T02:14:27.000Z,Informacinsoci1,"",FALSE
1241911036472627202,1384718586007195648,2021-04-21T04:00:12.000Z,es,"@KarolCariola No da m√°s un congreso con personas mezquinas como t√∫. Un partido de ideolog√≠a fracasada hist√≥ricamente, de violaciones sistem√°ticas a los DDHH q dicen defender, el partido pol√≠tico millonario en inmuebles y acciones. Un lastre social que no merece cargos de representaci√≥n. Fuera!",0,0,0,0,Informaci√≥nsocial,"Razonando en un mundo visceral.
Organizaci√≥n de Ciudadanos por el conocimiento sin ideolog√≠as de lucha.","",2020-03-23T02:14:27.000Z,Informacinsoci1,"",FALSE
1243025455608987648,1384718985510465536,2021-04-21T04:01:47.000Z,es,@KarolCariola Con lo cara de raja que son estos comunistas capaz que pusieran su rut para ver si les tocaba porque ven plata y se les olvidan las directivas del partido del pueulo,0,0,1,0,RoccoMoya,"Una acci√≥n social no puede exigir el tributo de la gratitud porque ella no prodiga mercedes, sino que est√° destinada a restituir derechos","",2020-03-26T04:02:34.000Z,MoyaRocco,"",FALSE
1244645322,1384731684952813569,2021-04-21T04:52:15.000Z,und,@Caroarvas @sapsauil @Veroelenarojas @colibrisulfuric @Cecilia57762431 @Pilar07518865 @polletcilla @izaira6 @Beakobito1 @Fabyto15 @gigiapruebo @camila_vallejo @KarolCariola ü•∞ü•∞ü•∞ü•∞ü•∞,0,0,0,0,üåûSita P√≠a üíïüôä,"..üå∫ Si es Facho no me siga....
Yo no me enojo, a mi me da la weaüòé","",2013-03-05T21:32:38.000Z,Si_taPia_kona,Chile,FALSE
1246452998139793410,1384707373030416385,2021-04-21T03:15:39.000Z,es,@KarolCariola El de ustedes ser√≠a genial! üëèüèªüëèüèªüëèüèª,0,0,0,0,gentelibre,Por un Chile libre del adoctrinamiento zurdo voto RECHAZO!,"",2020-04-04T15:02:41.000Z,gentelibre6,"",FALSE
125336923,1384698863676690435,2021-04-21T02:41:50.000Z,es,@KarolCariola Yo si,0,0,0,0,mkresh üíöüá®üá±üáÆüá≥,"Vi√±amarimo, pero Iquique√±o de coraz√≥n. Mis opiniones en este mundillo virtual.","",2010-03-22T13:50:45.000Z,mkresh1972,"√úT: -33.0317913,-71.5693477",FALSE
1254543784173621248,1384699930787340291,2021-04-21T02:46:04.000Z,es,@KarolCariola Lo primero sacar a la escoria del congreso!!!,0,0,2,0,oliviapopeye,All communists are bastards.  Amo la libertad!,"",2020-04-26T22:52:16.000Z,oliviapopeye6,"",FALSE
1282775809028235269,1384735788005531649,2021-04-21T05:08:33.000Z,es,"@Luchn4 @Fevecris @KarolCariola Uff, parece que te estresaste donde no te respond√≠ al tiro, lo siento mijo.
La charla se rompe cuando comienzan los insultos lamentablemente, a compartir sus memes repetidos a otro ladoüñ§",0,0,0,0,‚í∂ Claude the Red üè¥,"√âl/He/Him/Comrade || GMT -3 || 26 || ES/EN || Monke
Anarchist VTuber
https://t.co/8QRmBH8fNa
https://t.co/uA200Jsbnw
#EsVTuber #VTuberES",https://t.co/Uh5tmskeEJ,2020-07-13T20:36:06.000Z,ClaudeTheRed,"",FALSE
1282775809028235269,1384720146086912000,2021-04-21T04:06:24.000Z,es,"@Luchn4 @Fevecris @KarolCariola Osea que si los recursos los tienen Mapuches y Bolivia es malo, pero si los tienen empresas de Estados Unidos es bueno, pero es malo si los tiene una empresa Chilena, gracias por la clarificaci√≥n.",0,1,0,0,‚í∂ Claude the Red üè¥,"√âl/He/Him/Comrade || GMT -3 || 26 || ES/EN || Monke
Anarchist VTuber
https://t.co/8QRmBH8fNa
https://t.co/uA200Jsbnw
#EsVTuber #VTuberES",https://t.co/Uh5tmskeEJ,2020-07-13T20:36:06.000Z,ClaudeTheRed,"",FALSE
1282775809028235269,1384721849255346177,2021-04-21T04:13:10.000Z,es,"@Luchn4 @Fevecris @KarolCariola Los trabajos no se fueron a ning√∫n lado genio, las minas se quedaron donde estaban, la diferencia es que eso que llamas robo benefici√≥ a todo Chile.",0,2,0,0,‚í∂ Claude the Red üè¥,"√âl/He/Him/Comrade || GMT -3 || 26 || ES/EN || Monke
Anarchist VTuber
https://t.co/8QRmBH8fNa
https://t.co/uA200Jsbnw
#EsVTuber #VTuberES",https://t.co/Uh5tmskeEJ,2020-07-13T20:36:06.000Z,ClaudeTheRed,"",FALSE
1282775809028235269,1384716150152499206,2021-04-21T03:50:31.000Z,es,@Luchn4 @Fevecris @KarolCariola Osea que sacar el cobre de las manos extranjeras que lo explotaban y dejarlo en manos de una empresa estatal para beneficiar al pa√≠s es un robo para ti? Uff,0,1,0,0,‚í∂ Claude the Red üè¥,"√âl/He/Him/Comrade || GMT -3 || 26 || ES/EN || Monke
Anarchist VTuber
https://t.co/8QRmBH8fNa
https://t.co/uA200Jsbnw
#EsVTuber #VTuberES",https://t.co/Uh5tmskeEJ,2020-07-13T20:36:06.000Z,ClaudeTheRed,"",FALSE
1283171511864614912,1384712500269223937,2021-04-21T03:36:01.000Z,es,@kingDaReloaded @KarolCariola wajajajaj la raja pa grande,0,0,0,0,guillermo antonio parra pavez,apruebo con todo si no pa que,"",2020-07-14T22:48:46.000Z,guiller79637581,"",FALSE
1298699523942952967,1384730620379766784,2021-04-21T04:48:01.000Z,es,@KarolCariola @connieachurra Te rechazam0s Pi√±er4! https://t.co/AFBwD6p6nq,0,0,0,0,Pamela Ramirez,Apruebo+CC+NC otra vez reciclando mi cuenta. Me bajaron otra vez pero me vuelvo a levantar!,"",2020-08-26T19:11:32.000Z,APRUEBO_CC_NC,"",FALSE
1302943560715599879,1384708604603809794,2021-04-21T03:20:32.000Z,es,@Ofernandez68 @alecitoazul1977 @KarolCariola Por las que ser√° juzgado internacionalmente el estafador üòò,0,0,1,0,Esto no prendio üëâüèªüì∫,Los fachos LOGRARON que en estas elecciones VOTE SIN MIEDO#Jadue Presidente el √∫nico capaz de realizar el cambio,"",2020-09-07T12:15:43.000Z,JaduePdte,"",FALSE
1313921998624624646,1384702431565602816,2021-04-21T02:56:00.000Z,es,@KarolCariola Acusaci√≥n constitucional ahora,0,0,1,0,Marco M.,"Amante de la libertad y la aventura viajar y luchar por lo justo
POR UNA CONSTITUCIONAL SIN LOS MISMOS DE SIEMPRE.","",2020-10-07T19:20:06.000Z,octubre35628748,"Concepci√≥n, Chile",FALSE
1315677201870868482,1384701899740418051,2021-04-21T02:53:54.000Z,es,@IraciHassler @KarolCariola Vamos Santiago ... el comunismo no puede llagar a la alcald√≠a... la rebeli√≥n de las masas... imag√≠nense liderando la municipalidad ....no a la #variantemarx,0,0,1,0,Public_Enemy_Chile,Enemigos P√∫blicos de Chile,"",2020-10-12T15:34:39.000Z,ChileEnemy,"",FALSE
1329631542046568449,1384706631070588930,2021-04-21T03:12:42.000Z,es,"@KarolCariola Queda poco, se lograr√° que partidos totalitarios no puedan existir en Chile y quedar√° escrito en la nueva Constituci√≥n.
Ya muchos constituyentes lo est√°n analizando, del apruebo y rechazo.",0,2,2,0,"El Constituyente Ilegal,","A decir las cosas como son.
Ingeniero √°reas forestales reducidas, Mag√≠ster en PVC, journalist, operador integral sistemas post.","",2020-11-20T03:44:14.000Z,ElConstituyent5,"",FALSE
1333222792507109377,1384703410210066432,2021-04-21T02:59:54.000Z,es,"@IsabelRocio3011 @KarolCariola Muy bien esa parada de carro 
A la zurda",2,0,6,0,Rolando Hern√°n,La honestidad y la falta de ortograf√≠a,"",2020-11-30T01:34:37.000Z,RolandoHernn1,"",FALSE
1346973605343621123,1384695658758778882,2021-04-21T02:29:06.000Z,es,@CarlosEMP2071 @KarolCariola Chupalo pajar√≥n culiao,0,0,0,0,Ale Moreno,satan es la cumbia,"",2021-01-07T00:15:36.000Z,AleMore33178666,"Maip√∫, Chile",FALSE
1351198852301385741,1384725588922011649,2021-04-21T04:28:02.000Z,es,@kattmiel @KarolCariola Esta mina es una verg√ºenza de persona,0,0,0,0,El Otro C√≥rdova,"","",2021-01-18T16:04:56.000Z,ElOtroCordova,"",FALSE
1351198852301385741,1384725162008981504,2021-04-21T04:26:20.000Z,es,@KarolCariola Parece que se van todos...,0,0,0,0,El Otro C√≥rdova,"","",2021-01-18T16:04:56.000Z,ElOtroCordova,"",FALSE
1353359402061934592,1384715729749090305,2021-04-21T03:48:51.000Z,und,@KarolCariola https://t.co/56BnNHcQRP,0,0,0,0,PoliticamenteIncorrectoChile,Cuando usted le dicen que usted decide... es porque usted no decide nada,"",2021-01-24T15:10:47.000Z,ChileIncorrecto,Santiago de Chile,FALSE
1367216259813752832,1384697308017827848,2021-04-21T02:35:39.000Z,und,@camila_vallejo @KarolCariola https://t.co/lEej2jROpA,0,0,0,0,"JUAN anticomunismo, antiprogre, antiayerüíöüíö,",no,"",2021-03-03T20:52:49.000Z,Jotajotadepre,"",FALSE
1367216259813752832,1384695052165914625,2021-04-21T02:26:41.000Z,und,@camila_vallejo @KarolCariola @GiorgioJackson @pablovidalrojas @ncastilo @paulanarvaezo @gonzalowinter @MaiteOrsini https://t.co/KcrKKjsE4t,0,0,1,0,"JUAN anticomunismo, antiprogre, antiayerüíöüíö,",no,"",2021-03-03T20:52:49.000Z,Jotajotadepre,"",FALSE
1367595270192717824,1384711751619411970,2021-04-21T03:33:02.000Z,es,@KarolCariola No da m√°s con esta üí©üí©üí©üí©de congreso,1,0,3,0,B√°rbaritaüá®üá±üá®üá±üá®üá±üá®üá±üá®üá±,"#NoMasONU
#TerceraCuenta","",2021-03-04T21:58:42.000Z,bmg0207,"Santiago, Metropolitana de San",FALSE
1500293430,1384716348094390273,2021-04-21T03:51:18.000Z,es,"@PCdeChile @KarolCariola @sebastianpinera el problema es que el presidente de Venezuela y de Cuba han demostrado que est√°n fuera de sus casillas, al permitir que j√≥venes se prostituyan para poder comer y piensan ustedes que mantener un pa√≠s as√≠ seguramente es bueno, o los venezolanos que esperan las basura para comer",0,0,0,0,Fathe,"Christian, Fotografhy, moto, guitarra, flauta traversa, leer, Quantum, Neuroscience, disfruto de la vida como viene en cada presente... Worship","",2013-06-11T04:41:41.000Z,leondelavictori,"Panguipulli, Chile",FALSE
151164058,1384708839992434690,2021-04-21T03:21:28.000Z,es,"@Valeska07995687 @KarolCariola @PrensaPCdeChile SATANAS. EN
    P E R S O N A
     COMPARTIR https://t.co/hLqq9WOwON",0,0,0,0,GUILLERMO MORALES JI,"","",2010-06-02T19:24:40.000Z,esdx,"",FALSE
155768740,1384716720426921984,2021-04-21T03:52:47.000Z,und,@KarolCariola #AcusacionConstitucionalAPi√±eraAhora,0,0,1,0,#AprueboNuevaC y #CCüëΩüëÅ,"so√±ando con un mundo mejor!!!! se puede...libertad, equidad, empat√≠a: s√≥lo humanidad y amor","",2010-06-15T01:36:27.000Z,MarielaSez,"Concepci√≥n, Chile",FALSE
174913483,1384706506839502849,2021-04-21T03:12:12.000Z,es,@karina_ol @siliconvalle @ComunesCL @danielstingo @gabrielboric @GiorgioJackson @renenaranjo @Mister_Wolf_0 @elfrente_amplio @jjcc_chile @KarolCariola El pensamiento del rico ac√° en chile por eso estamos como estamos con estos chupasangre,0,0,0,0,dante,Prefiero morir de pie antes de ser humillado y arrodillado toda la vida.,"",2010-08-05T03:50:50.000Z,danteandres32,"",FALSE
182429847,1384724155094929408,2021-04-21T04:22:20.000Z,es,"RETIRO DE RENTAS VITALICIAS NO SER√çA INCONSTITUCIONAL DICEN COMPA√ë√çAS DE SEGUROS.
ATENCI√ìN:
@ProvosteYasna
@Muletjaime
@_adrianamunoz
@camila_vallejo
@KarolCariola
@carmen_hertz
@raulsaldivarps
@aguillier12
@alejandramatus
@SenadoresPS
@PiensaPrensa
üëáüëá
https://t.co/pyb8YF6J1y",0,0,0,0,Solitudeüåû #Apruebo,"carpe diem igualdad, libertad, fraternidad, un mundo justo y solidario, alg√∫n d√≠a se lograr√°!","",2010-08-24T15:42:17.000Z,carpediem_dia,"",FALSE
183688484,1384696205184311298,2021-04-21T02:31:16.000Z,es,@KarolCariola Chile no da m√°s con este congreso!!! Uds son lo qu√© hay que cambiar!,0,0,2,0,Margarita üíöüíö üíÑüëóüë†üëô,"so√±adora aterrizada, luchadora incansable. Mam√° y abuela ultra feliz!!üê£Bloqueo al que insulta y carece de argumentos.","",2010-08-27T17:00:42.000Z,Margarita_rod,"",FALSE
194452831,1384726398514966529,2021-04-21T04:31:15.000Z,es,"Entonces firmen la #AcusacionConstitucionalAPi√±eraAhora @KarolCariola ahora, no ma√±ana ni pasado ma√±ana es ahoa https://t.co/5ShPklmnQF",0,0,0,0,Luis Gps üê±üá∑üá∫ (Koshachiy) üòºüá∑üá∫,"con sentido del humor, me gustan los felinos y los canes, #soydelapruebo, vamos @contodxs a una nueva Constituci√≥n, partido en formacion","",2010-09-24T04:27:39.000Z,luisgps2811,santiago de chile,FALSE
207663406,1384707516689489922,2021-04-21T03:16:13.000Z,es,@eldif2 @KarolCariola @sebastianpinera Me refiero a tu nivel para opinar del presidente. Se prudente para no quedar como un ridiculo. Tampoco entendiste,0,0,0,0,juliopcotapos,soy de River. Vivo feliz en Argentina. y soy chileno de la UC. lo m√°s importante: la libertad. Y se viene el 3eroüëçüëçüëç,"",2010-10-25T19:52:35.000Z,julespcl,"",FALSE
214114840,1384717472302084098,2021-04-21T03:55:46.000Z,es,@KarolCariola El comunismo siendo comunismo,0,0,0,0,Max,"","",2010-11-10T16:12:27.000Z,mgallardos,"",FALSE
234037423,1384712931523375104,2021-04-21T03:37:44.000Z,es,"Seria bueno que pidieran transparencia en la contrataci√≥n y funci√≥n q cumple el sr @clarroulet en el 2do piso, atribuciones y poder. Se podr√° @Contraloriacl @ContraloritoCGR @rodrigosepu @KarolCariola @camila_vallejo @LeoSotoChile",0,0,0,0,juan edo.,"Cambiar el mundo, amigo Sancho, no es ni utop√≠a ni locura, es justicia.
#yoapruebo
#paridad 
#constituyentes
#ganasdecambiarestepaisql","",2011-01-04T18:09:02.000Z,willyedo,"Valpara√≠so, LV",FALSE
2432877486,1384704362753236992,2021-04-21T03:03:41.000Z,es,Amplifica la voz de m√°s mujeres sigue la lista @Si_taPia_kona @sapsauil @Veroelenarojas @colibrisulfuric @Cecilia57762431 @Pilar07518865 @polletcilla @izaira6 @Beakobito1 @Fabyto15 @gigiapruebo @camila_vallejo @KarolCariola https://t.co/Y0lOoFkTyw,7,1,9,0,Caro Aü§∏‚Äç‚ôÄÔ∏è‚õπÔ∏è‚Äç‚ôÄÔ∏è,"Happycracia de @ecabanasd 
 #Jadue2022
Nos queremos vivas‚úäüíï!!","",2014-04-08T02:04:19.000Z,Caroarvas,Chile,FALSE
249384754,1384706026415566848,2021-04-21T03:10:17.000Z,es,"@FelipeNatri @jcoulon @KarolCariola No sabes nada,, nunca han sido izquierda son los amarillos que gobernaron por 30 a√±os ahora ser√° la izquierda ..",0,0,0,0,nelson enrique,"Me dicen comunista ,,.pero me gusta el buen vino ..nada que ver ..üò≥üò≥üò≥","",2011-02-08T23:09:45.000Z,narbiza,santiago,FALSE
249445600,1384720344309813250,2021-04-21T04:07:11.000Z,es,"@KarolCariola ... con esta clase pol√≠tica, con el Estado. Ustedes, transversalmente han demostrado que el Estado es la peor soluci√≥n a los problemas de la gente.",0,0,0,0,Ivan Whipple,"","",2011-02-09T02:03:42.000Z,iwhippleg,"Santiago, Chile",FALSE
26588263,1384712830016962560,2021-04-21T03:37:20.000Z,es,@KarolCariola @connieachurra Saquen al maldito de pi√±era ya!!!!!,0,0,0,0,#Fuerapi√±era,"Solo otra persona tratando de ser feliz. Tratando de mantenerme lejos de los fachos culiaos, mutantes inhumanos que solo desean y hacen el mal. #yoaprobe","",2009-03-25T20:53:03.000Z,ajubidx_ela,Rep√∫blica bananera de Chile,FALSE
2716349255,1384714708054417408,2021-04-21T03:44:47.000Z,es,"@Ofernandez68 @JaduePdte @KarolCariola Lo que se hace con los fachos sin cerebro, casados entre primos, seguidores de asesinos y corruptos, es simplemente bloquearlos, son una lacra de la sociedad..... bloqueado por facho imb√©cil!!",0,0,0,0,alex puentes,"Ni ah√≠ con los fachos, familia,hijos, U de Chile,","",2014-07-18T04:33:40.000Z,alecitoazul1977,"",FALSE
274153811,1384699186759835649,2021-04-21T02:43:07.000Z,es,"Gran logro de la compa√±era @KarolCariola, es una medida dif√≠cil pero requerida en ciertos casos y debe existir la libertad para ello. https://t.co/blq0IKPbLJ",0,0,0,0,Francisco Rojas,"De Santiago a la costa a la ecuatoriana, desde la verticalidad contribuyendo al desarrollo de las comunidades.

M√∫sica, pensamiento y movimiento","",2011-03-29T20:50:10.000Z,frojasfigueroa,"Manabi, Ecuador",FALSE
2744756205,1384695846751588354,2021-04-21T02:29:50.000Z,es,@KarolCariola Ni contigo tampoco perra !!,0,0,0,0,CanibalIronia,Solo estoy ac√° para criticar y buscar lo inesperado.,"",2014-08-16T21:36:06.000Z,Penkista1978,Concepcion - Chile,FALSE
277155434,1384741138741989382,2021-04-21T05:29:49.000Z,es,"@BlameyEvy @Gabhiitota @elhijodelteto @karina_ol @siliconvalle @ComunesCL @danielstingo @gabrielboric @GiorgioJackson @renenaranjo @Mister_Wolf_0 @elfrente_amplio @jjcc_chile @KarolCariola La industria se aprovecha del contratista ya que, se fija un precio, quien toma ese riesgo es √©l y, si no cumple, la empresa mandante se busca a otro y chao. El costo de edificaci√≥n seguir√° siendo el mismo teniendo A, B o C contratista.",0,0,0,0,–°–µ–±–∞—Å—Ç—å—è–Ω,"Sebasti√°n.
San Miguel Stgo CL Represent!","",2011-04-04T20:18:24.000Z,SJARG,"",FALSE
277155434,1384740407884591104,2021-04-21T05:26:55.000Z,es,@BlameyEvy @Gabhiitota @elhijodelteto @karina_ol @siliconvalle @ComunesCL @danielstingo @gabrielboric @GiorgioJackson @renenaranjo @Mister_Wolf_0 @elfrente_amplio @jjcc_chile @KarolCariola Es por eso que la ley de subcontrataci√≥n debe ser modificada para que ese trabajador tenga un contrato como corresponde. El problema es que eso encarece a√∫n m√°s la mano de obra y la evaluaci√≥n del proyecto es econ√≥micamente inviable ya que el costo de edificaci√≥n ser√≠a alt√≠simo.,0,1,0,0,–°–µ–±–∞—Å—Ç—å—è–Ω,"Sebasti√°n.
San Miguel Stgo CL Represent!","",2011-04-04T20:18:24.000Z,SJARG,"",FALSE
277155434,1384737798394109954,2021-04-21T05:16:32.000Z,es,"@BlameyEvy @Gabhiitota @elhijodelteto @karina_ol @siliconvalle @ComunesCL @danielstingo @gabrielboric @GiorgioJackson @renenaranjo @Mister_Wolf_0 @elfrente_amplio @jjcc_chile @KarolCariola Eso se cumple s√≠ s√≥lo s√≠, el contrato es bajo una remuneraci√≥n fija mensual. Que, no aplica para enfierradores, carpinenteros de moldaje, ceramistas, yeseros, alba√±il de maquillaje de muros y fachadas, instalaci√≥n de sistema EIFS, entre otros.",0,0,0,0,–°–µ–±–∞—Å—Ç—å—è–Ω,"Sebasti√°n.
San Miguel Stgo CL Represent!","",2011-04-04T20:18:24.000Z,SJARG,"",FALSE
277155434,1384736604145729536,2021-04-21T05:11:48.000Z,es,"@BlameyEvy @Gabhiitota @elhijodelteto @karina_ol @siliconvalle @ComunesCL @danielstingo @gabrielboric @GiorgioJackson @renenaranjo @Mister_Wolf_0 @elfrente_amplio @jjcc_chile @KarolCariola Esa condici√≥n se cumple faenas asociadas a rendimientos por M2 y por Kg principalmente. 
En gasfiteria y electricidad los contratos son normales en el caso de que sea empresa externa.",0,0,0,0,–°–µ–±–∞—Å—Ç—å—è–Ω,"Sebasti√°n.
San Miguel Stgo CL Represent!","",2011-04-04T20:18:24.000Z,SJARG,"",FALSE
277155434,1384735860558548993,2021-04-21T05:08:50.000Z,es,"@BlameyEvy @Gabhiitota @elhijodelteto @karina_ol @siliconvalle @ComunesCL @danielstingo @gabrielboric @GiorgioJackson @renenaranjo @Mister_Wolf_0 @elfrente_amplio @jjcc_chile @KarolCariola Y, la bonificaci√≥n tiene un tope; es por eso que se le llama ""trato"" por que se llega un acuerdo de palabra entre el trabajador y el contratista. 
Le hacen un contrato por el m√≠nimo pero, en la interna completan el sueldo ""por debajo"". 
""haber no imponible"".",0,1,0,0,–°–µ–±–∞—Å—Ç—å—è–Ω,"Sebasti√°n.
San Miguel Stgo CL Represent!","",2011-04-04T20:18:24.000Z,SJARG,"",FALSE
277155434,1384732208485658633,2021-04-21T04:54:20.000Z,es,"@BlameyEvy @Gabhiitota @elhijodelteto @karina_ol @siliconvalle @ComunesCL @danielstingo @gabrielboric @GiorgioJackson @renenaranjo @Mister_Wolf_0 @elfrente_amplio @jjcc_chile @KarolCariola No se√±or, la bonificaci√≥n no es un ""haber imponible"". Ej. Un ceramista, en obra gana $3.000 m/2 aprox. Al mes hace 270 m/2 llegando aprox a los 800 mil. Su imposici√≥n en su liquidaci√≥n es por el m√≠nimo de eso el 19% ya que ese es su haber imponible. $450.000 restant no imponen.",0,1,0,0,–°–µ–±–∞—Å—Ç—å—è–Ω,"Sebasti√°n.
San Miguel Stgo CL Represent!","",2011-04-04T20:18:24.000Z,SJARG,"",FALSE
277155434,1384734649595875329,2021-04-21T05:04:02.000Z,es,"@BlameyEvy @Gabhiitota @elhijodelteto @karina_ol @siliconvalle @ComunesCL @danielstingo @gabrielboric @GiorgioJackson @renenaranjo @Mister_Wolf_0 @elfrente_amplio @jjcc_chile @KarolCariola Un maestro de primera contratado por la casa, gana $700.000 l√≠quidos. Por lo que su sueldo bruto es de $700.000 + 19% en donde su sueldo bruto es $833.000 y sus imposiciones son pagadas de acuerdo a ese monto y no al m√≠nimo. 

Es por eso que la ley de subcontrataci√≥n est√° mal.",0,1,0,0,–°–µ–±–∞—Å—Ç—å—è–Ω,"Sebasti√°n.
San Miguel Stgo CL Represent!","",2011-04-04T20:18:24.000Z,SJARG,"",FALSE
277155434,1384733599434432512,2021-04-21T04:59:51.000Z,es,@BlameyEvy @Gabhiitota @elhijodelteto @karina_ol @siliconvalle @ComunesCL @danielstingo @gabrielboric @GiorgioJackson @renenaranjo @Mister_Wolf_0 @elfrente_amplio @jjcc_chile @KarolCariola Ejemplo de enfierrador. Gana $250 pesos el Kg de fierro instalado. Completa un sueldo de $850.000 aprox. Imponen por el m√≠nimo. $500.000 que no tributan.,0,2,0,0,–°–µ–±–∞—Å—Ç—å—è–Ω,"Sebasti√°n.
San Miguel Stgo CL Represent!","",2011-04-04T20:18:24.000Z,SJARG,"",FALSE
277155434,1384733051528351744,2021-04-21T04:57:41.000Z,es,"@BlameyEvy @Gabhiitota @elhijodelteto @karina_ol @siliconvalle @ComunesCL @danielstingo @gabrielboric @GiorgioJackson @renenaranjo @Mister_Wolf_0 @elfrente_amplio @jjcc_chile @KarolCariola Mismo caso para un carpintero de moldaje. Remuneraci√≥n fija mensual $1.200.000. Impone por el m√≠nimo. 
De $350.000 se saca el 19% de salud, AFP y AFC. Los restantes $850.000 son para el bolsillo, pero no es un haber imponible.",0,1,0,0,–°–µ–±–∞—Å—Ç—å—è–Ω,"Sebasti√°n.
San Miguel Stgo CL Represent!","",2011-04-04T20:18:24.000Z,SJARG,"",FALSE
277155434,1384722362713755649,2021-04-21T04:15:12.000Z,es,"@BlameyEvy @Gabhiitota @elhijodelteto @karina_ol @siliconvalle @ComunesCL @danielstingo @gabrielboric @GiorgioJackson @renenaranjo @Mister_Wolf_0 @elfrente_amplio @jjcc_chile @KarolCariola En cambio el maestro de la ""casa"" con un contrato con suelto fijo y no a trato, se le impone el proporcional de su sueldo. Hoy perfectamente puede estar dentro del bono sin inconveniente. 
Creo que tiene una mala percepci√≥n de qui√©n verdaderamente respeta los derechos del obrero",0,2,0,0,–°–µ–±–∞—Å—Ç—å—è–Ω,"Sebasti√°n.
San Miguel Stgo CL Represent!","",2011-04-04T20:18:24.000Z,SJARG,"",FALSE
277155434,1384720291121844226,2021-04-21T04:06:58.000Z,es,"@BlameyEvy @Gabhiitota @elhijodelteto @karina_ol @siliconvalle @ComunesCL @danielstingo @gabrielboric @GiorgioJackson @renenaranjo @Mister_Wolf_0 @elfrente_amplio @jjcc_chile @KarolCariola Tiene raz√≥n, sin embargo recuerde q bajo √©sa modalidad, se impone por el m√≠nimo y se completa la remuneraci√≥n mediante el ""trato"".
Hoy ese maestro quiz√° no tenga pega y va al bono y no aplica por q impuso por el m√≠nimo y va al IFE y no aplica por que quiz√° no tuvo ingreso formal",0,3,0,0,–°–µ–±–∞—Å—Ç—å—è–Ω,"Sebasti√°n.
San Miguel Stgo CL Represent!","",2011-04-04T20:18:24.000Z,SJARG,"",FALSE
277155434,1384723129633808385,2021-04-21T04:18:15.000Z,es,"@BlameyEvy @Gabhiitota @elhijodelteto @karina_ol @siliconvalle @ComunesCL @danielstingo @gabrielboric @GiorgioJackson @renenaranjo @Mister_Wolf_0 @elfrente_amplio @jjcc_chile @KarolCariola Es m√°s, en la gran empresa constructora, se tienen que cumplir todos los derechos del trabajador tanto de la casa como contratista ya que, por temas de direcci√≥n del trabajo, √©sto debe ser ecu√°nime ya que no se acepta un contratista demandado ante la direcci√≥n del trabajo, por ej",0,0,0,0,–°–µ–±–∞—Å—Ç—å—è–Ω,"Sebasti√°n.
San Miguel Stgo CL Represent!","",2011-04-04T20:18:24.000Z,SJARG,"",FALSE
2806888695,1384701652184313856,2021-04-21T02:52:55.000Z,es,@24HorasTVN @T13 @meganoticiascl @CHVNoticias @vagoilustrado @camila_vallejo @KarolCariola @Cooperativa esto no da para m√°s #fuerapi√±era ya basta ma√±ana todo el pueblo estar√° en las calles esto ser√° la l√°pida para este @GobiernodeChile nefasto que gobierna para los ricos https://t.co/mDgyJNcmcB,0,0,0,0,Mauricio Gomez,"","",2014-10-05T06:38:23.000Z,nino73mga,"",FALSE
3039216725,1384746195168473089,2021-04-21T05:49:54.000Z,es,"@KarolCariola No con los comunistas.
Fuera!!",0,0,1,0,Pedro Guti√©rrez,"Amante del campo,sus √°rboles,r√≠os y monta√±as.
Adoro a mis hijos e hija.
Patriota y anticomunista.
La belleza en todas sus expresiones.","",2015-02-15T15:37:20.000Z,Gutierrez14P,"",FALSE
32159476,1384697914648416257,2021-04-21T02:38:03.000Z,und,@KarolCariola https://t.co/eZbCPyMFLF,3,0,11,0,Manuel Luis Rodr√≠guez U.,"Pienso, luego escribo.",https://t.co/kY6dkzTSlN,2009-04-16T21:26:15.000Z,RodriguezManuel,"Punta Arenas, Magallanes,Chile",FALSE
3346018367,1384730005729595392,2021-04-21T04:45:35.000Z,es,"@karina_ol @siliconvalle @ComunesCL @danielstingo @gabrielboric @GiorgioJackson @renenaranjo @Mister_Wolf_0 @elfrente_amplio @jjcc_chile @KarolCariola No s√©, pero no lo desafiar√≠a a wue lo sea, porque estos tipejos de esfuerzan en ello",0,0,0,0,M.Consuelo G√≥mez M.,"Esta cuenta naci√≥ para promover las adopciones de animales rescatados, y, ahora, √±o√±er√≠as por mayor.
Lo dem√°s... solamente porque soy humana y no unidimensional","",2015-06-25T22:10:36.000Z,ConsueloMGM,"Santiago, Chile",FALSE
3346148073,1384707409147539462,2021-04-21T03:15:47.000Z,es,@mariseka @Diputados_PC @daniel_nunez_a @PCdeChile @ValeMirandaCC @KarolCariola @carmen_hertz @jjcc_chile @DiputadoMoraga @luiscuellop @PrensaPCdeChile Cuando se sabe si el TC lo aprueba o Rechaza...,0,0,0,0,F.Casanhova10,El que tenga Hijas sabe que las Princesas existen...,"",2015-06-26T02:19:13.000Z,casanhova,"Valpara√≠so, Quilpue",FALSE
3403664619,1384717212859211779,2021-04-21T03:54:45.000Z,es,"@KarolCariola T C: El Pi√±erismo de nuevo provoca a la Ciudadan√≠a; Pudo m√°s la soberbia, la indolencia y el desprecio al dolor de los que m√°s sufren los estragos sociales de la Pandemia... 
¬°Chile no se merece esta tragedia! https://t.co/UvOBijTcEa",1,0,1,0,Reflexi√≥nyLiberaci√≥n,Portal Pensamiento Liberador Latinoamericano #Sociedad #IglesiaCat√≥lica #Teolog√≠aLiberaci√≥n #Neoliberalismo  #JusticiaSocial #Chile  reflexylib@hotmail.com,http://t.co/4cw0dh04NS,2015-08-05T04:20:13.000Z,Reflex_Lib,"Santiago, Chile",FALSE
3403664619,1384711202874564610,2021-04-21T03:30:52.000Z,es,"@mariseka @cositaxrica @Diputados_PC @daniel_nunez_a @PCdeChile @ValeMirandaCC @KarolCariola @carmen_hertz @jjcc_chile @DiputadoMoraga @luiscuellop @PrensaPCdeChile T C: El Pi√±erismo de nuevo provoca a la Ciudadan√≠a; Pudo m√°s la soberbia, la indolencia y el desprecio al dolor de los que m√°s sufren los estragos sociales de la Pandemia... 
¬°Chile no se merece esta tragedia! https://t.co/UvOBijTcEa",0,0,0,0,Reflexi√≥nyLiberaci√≥n,Portal Pensamiento Liberador Latinoamericano #Sociedad #IglesiaCat√≥lica #Teolog√≠aLiberaci√≥n #Neoliberalismo  #JusticiaSocial #Chile  reflexylib@hotmail.com,http://t.co/4cw0dh04NS,2015-08-05T04:20:13.000Z,Reflex_Lib,"Santiago, Chile",FALSE
3554367556,1384697545558011904,2021-04-21T02:36:35.000Z,fr,@KarolCariola ‚≠êAllendeVive‚≠ê1973 /2021. https://t.co/ekuIQorHcu,0,0,0,0,Morales Klartextüá©üá™Catilloüá®üá±)üíìAllendeViveüíì,üëÅNo Confundes Mi Calma Con Sumision)(Im FolterLager ExKolDig Fast im Blutbad Geendet)Ab 6Jahren Actuando bajo Mis Instintos. Mis Luchas Siguen üíìAllendeViveüíì.,"",2015-09-05T10:05:15.000Z,WedderWeuhoff,Chile. ,FALSE
401845864,1384743156298797058,2021-04-21T05:37:50.000Z,es,"@NamelessKingx @gabrielboric @camila_vallejo @KarolCariola @GiorgioJackson Porque as√≠ no se combate po weon ajajja seguro se acab√≥ la desigualdad, eso no significa que no vote a favor de la rebaja parlamentaria üò™  ella la impuls√≥, as√≠ que Chao",0,1,0,0,Javiera Mora,"Colocolina, de Izquierda, Feminista y Futura Odont√≥loga. #ABORTOLIBRE üíö #APRUEBO","",2011-10-31T05:26:26.000Z,JaavieraMora,"",FALSE
401845864,1384740887800991744,2021-04-21T05:28:49.000Z,es,"@NamelessKingx @gabrielboric @camila_vallejo @KarolCariola @GiorgioJackson Que hablai weta si ellos impulsaron la rebaja de la dieta parlamentaria, y han presentado todos los proyectos para ir en ayuda de la gente, son otros a los que no les conviene y todos sabemos quienes son",0,2,0,0,Javiera Mora,"Colocolina, de Izquierda, Feminista y Futura Odont√≥loga. #ABORTOLIBRE üíö #APRUEBO","",2011-10-31T05:26:26.000Z,JaavieraMora,"",FALSE
41814472,1384714714903633922,2021-04-21T03:44:49.000Z,fi,@kingDaReloaded @KarolCariola Mansa raja.,0,0,0,0,Chiqui,Nortina/Guerrera y chucheta. El Presidente @sebastianPi√±era es un Dictador. #Antofagasta.,"",2009-05-22T13:48:24.000Z,Chiqui_Antofa,Chile,FALSE
50284043,1384696771910279170,2021-04-21T02:33:31.000Z,es,@paulalbornozm @jcoulon @KarolCariola pero si el tercer retiro es lo m√°s liberal q hay xd,0,0,1,0,Sebasti√°n Opazo.,Odontolog√≠a UDD.  MGS UDD (c). Fan del tenis y el golf. Life is good :),"",2009-06-24T11:53:49.000Z,sebaopaa,Concepci√≥n.,FALSE
51183232,1384731541591449600,2021-04-21T04:51:41.000Z,es,Bueno y que vamos a hacer? Con la intransigencia de oficialismo? #Pi√±era vamos a tocar solo las ollas? #DesobedienciaCivilYa #ChaoPi√±era #TerceroRetiro10xCiento acusaci√≥n constitucional a Pi√±era ya! @PamJiles @ProvosteYasna @KarolCariola @rodrigosepu @ximerincon @tv_monica #rt,0,0,0,0,Anti-patica,"#antifa, detesto a los coterr√°neos de la Rep√∫blica de Fashistan. No soy comunista, es m√°s los detesto. Soy pro justicia social, y no le creo a los pol√≠ticos.","",2009-06-26T19:10:28.000Z,Rebelmisstake,"Las Condes, Chile",FALSE
549400071,1384702685488861184,2021-04-21T02:57:01.000Z,und,@Postnataldeeme1 @MaiteOrsini @KarolCariola @Nora_Cuevas @Mayafernandeza @MarcelaHernando @PepaHoffmann @aracelyleuquen @erikaoliverad @joannaperezolea @Camila_RojasV @PattyRubio13 @nonaossandon @vtroncosoh #ExtensionPostnatalDeEmergencia,0,0,0,0,Darin Osswald,"","",2012-04-09T15:33:11.000Z,darinosswald,Maipu. Chile,FALSE
56206011,1384695128057683968,2021-04-21T02:26:59.000Z,es,@Fevecris @KarolCariola Te han robado todo en tus narices sacowuea! Y adivina uno de tu ladito se va preso!!,0,0,0,0,Nelson,"""Libros!, Libros!, He aqu√≠ una palabra m√°gica que equivale a decir amor, amor, y que deb√≠an los pueblos pedir como piden pan...""","",2009-07-12T22:11:06.000Z,nmaureir,"",FALSE
63994633,1384719451816349697,2021-04-21T04:03:38.000Z,es,"@KarolCariola Chile no da m√°s con este Congreso, que de honorables, nada.",0,0,1,0,Ignacio Roa üá®üá±,"Familia, Libertad y Progreso. Inagotable buscador de lo divino entre nosotros. Vincit Qui Se Vincit.","",2009-08-08T16:29:13.000Z,IgnacioRoa,Chile,FALSE
66154855,1384712462948241412,2021-04-21T03:35:52.000Z,es,"@KarolCariola Chile con los que realmente no da m√°s es con ustedes, ni√±itos irresponsables jugando al pol√≠tico chanta y corrupto, y para peor aprendices de tiranuelos de baja estofa.",0,0,0,0,Eduardo F Figueroa S,"Ingeniero Agr√≥nomo Economista Agrario, Abogado,
Gerente de Agroproyectos, Computaci√≥n y Asesor√≠as Limitada","",2009-08-16T17:40:13.000Z,efigueroasalas,"Cabrero, Chile",FALSE
706847091,1384746556272807936,2021-04-21T05:51:21.000Z,es,"@DeformusBlock @FelipeNatri @jcoulon @KarolCariola Jajajajaja me encanta ese argumento de la izquierda de decir que la Concert√°ci√≥n era mayor√≠a de derecha, pareciera que estos a√±os no existi√≥ la izquierda como mayor√≠a en el congreso tb, la izquierda siendo negacionista de s√≠ misma, hasta en eso culpan a otros ü§£ü§£ü§£ü§£",0,0,0,0,RedGionalista üá®üá±,A veces opino contrario a lo que creo para que me encuentren la raz√≥n...,https://t.co/A6OlMvCui2,2013-10-09T19:59:50.000Z,RedGionalista,otro Chile,FALSE
717168050,1384698138800398337,2021-04-21T02:38:57.000Z,und,@KarolCariola #ElPeorCongresoDeLaHistoria,0,0,1,0,hector Contreras,"refundar el congreso y la justicia,","",2012-07-26T01:50:55.000Z,titin20000,"Coihueco, Chile",FALSE
721867619716964352,1384709794716598272,2021-04-21T03:25:16.000Z,es,"@KarolCariola Yo pienso que  no damos mas de uds.
Comunistas de mierda.",0,0,0,0,MoNo CoN GiLLeTTe,"Australopithecus con 4 millones de a√±os de experiencia,  con la esperanza de evolucionar alg√∫n d√≠a a Homo-Habilis","",2016-04-18T01:07:07.000Z,uribegajardo,"",FALSE
892646658626007041,1384726115139391489,2021-04-21T04:30:07.000Z,es,@KarolCariola Chile no da m√°s por estos marxistas... https://t.co/KkOpE43hhb,0,0,1,0,Orwellista Bot but free.,"F√∫tbol. Pol√≠tica y Gobierno. 
Justicia, cordura, excelencia, ‚òÆÔ∏è y amor. No a la violencia.  Anticomunista ac√©rrimo.     
            No bullshit.","",2017-08-02T07:22:02.000Z,JohnBidwell10,"",FALSE
898672451294552064,1384716228930023425,2021-04-21T03:50:50.000Z,es,"@KarolCariola No te creo el discurso, te quieres apernar en la pol√≠tica solamente presentando posturas polarizadas, tambi√©n ustedes son parte del problema",0,0,0,0,Pablo Alvarez,"Seguir el camino, no te asegura llegar a destino...","",2017-08-18T22:26:23.000Z,pabloimpeesa,Sodor Island,FALSE
900200617,1384700469889601536,2021-04-21T02:48:13.000Z,es,@KarolCariola @connieachurra Y que esperan? Debe ser destituido. Chile no tolera mas a este gobierno fracasado.,0,0,0,0,Nicolas Ya√±ez Leiva,"Papa de 2, Matron de profesi√≥n y coraz√≥n, APS. Salubrista, Mg en Salud Publica y Planificaci√≥n Sanitaria. Docente universitario. APROBAMOS.","",2012-10-23T16:40:29.000Z,nicoyanezmatron,"",FALSE
914875734346346502,1384716204158459905,2021-04-21T03:50:44.000Z,es,@CNNChile @KarolCariola @tv_monica Clarito...lento y tono alto ...para que se escuche...Carmen te har√≠a un queque...,0,0,0,0,jesus fernando diaz,"","",2017-10-02T15:32:27.000Z,JesusdiazUE,"",FALSE
928424094151868416,1384695157811974147,2021-04-21T02:27:06.000Z,es,@KarolCariola Bien dicho una X para  la Pira√±a .,0,0,0,0,Galo Sep√∫lveda E,Noticias Noticias Internacionales Pol√≠tica y Gobierno,"",2017-11-09T00:48:48.000Z,GaloSeplvedaE1,Santiago Chile ,FALSE
972967412596445190,1384706128043466753,2021-04-21T03:10:42.000Z,und,@KarolCariola üôèüëèüëèüëè,0,0,0,0,Vero Herreros Infante,TAROTISTA,"",2018-03-11T22:48:02.000Z,VeroHerreros,"",FALSE
981703340445716480,1384699536724033541,2021-04-21T02:44:30.000Z,es,Que tal? Cosas est√°n pasando... a quien pueda interesar ... @mangozurdak @KarolCariola @PedroKonductaz @OscarFigueraPCV @pcv_apure https://t.co/4jVL9pxImI,2,0,1,0,JusticiaVzla,"","",2018-04-05T01:21:30.000Z,1Justiciavzla,En algun lugar del planeta,FALSE
