author_id,lang,created_at.x,id,text,public_metrics.retweet_count,public_metrics.reply_count,public_metrics.like_count,public_metrics.quote_count,username,verified,created_at.y,name,description,url
100797694,es,2021-04-21T05:41:06.000Z,1384743977673502720,"@mbachelet Aaaah, ahora entiendo... Por eso fue  la importacion no tradicional de haitianos que hicieron con el Sr Mu√±oz creando la aerolinea Law, q cuando dejaron de traerlos misteriosamente quebro.
Era para eliminar el racismo de chile. Que ingenioso...",0,0,0,0,AleAstorgaFink,FALSE,2009-12-31T16:23:52.000Z,Ale Astorga Fink,"Dise√±adora de profesi√≥n, productora de coraz√≥n, perfeccionista y pr√°ctica por la raz√≥n o la fuerza... banquetesyflores.cl / https://t.co/MaRfDv3Nt8",https://t.co/Ji6l6mduMA
1073160530695725057,und,2021-04-21T05:49:54.000Z,1384746193121550336,#TigrayGenocide @freweinimebraht @MichelleObama @VOADirector @VP @Sally_Keeble @michellenichols @Oprah @ElsaChyrum @Malala @IlhanMN @HalimaGikandi @SJEastAfrica @mbachelet @BWoodward_UN @USAmbUN @hodgesjoanne @HabenGirma @AmbassadorRice @timnitGebru @SJEastAfrica @vonderleyen https://t.co/y1axsFywUU,0,0,0,0,AlajeYeha,FALSE,2018-12-13T10:19:43.000Z,Alaje Yeha,be  frank,""
1073160530695725057,und,2021-04-21T05:55:14.000Z,1384747535105814529,#TigrayGenocide @freweinimebraht @MichelleObama @VOADirector @VP @Sally_Keeble @michellenichols @Oprah @ElsaChyrum @Malala @IlhanMN @HalimaGikandi @SJEastAfrica @mbachelet @BWoodward_UN @USAmbUN @hodgesjoanne @HabenGirma @AmbassadorRice @timnitGebru @SJEastAfrica @vonderleyen https://t.co/8y2AWLwGyu,0,0,0,0,AlajeYeha,FALSE,2018-12-13T10:19:43.000Z,Alaje Yeha,be  frank,""
1076911037717405696,es,2021-04-21T05:40:41.000Z,1384743872300003328,"@mbachelet Osea sra Bachelet que usted va a pedirle disculpa a todas las familias que perdieron a un ser querido para el 27 F, por negligencia suya y de sus colaboradores, o lo que dice es solo para los dem√°s y a usted no la toca? ü§îüò°",2,0,4,0,botdekast,FALSE,2018-12-23T18:42:54.000Z,Deby.botde(YO RECHAZO),"Amo a Dios, mi familia y a mi patria Soy pro-vida no a la ideolog√≠a de G√©nero y ESI, yo educ√≥ a mis hijos, soy patriota y creo q solo el esfuerzo engendra √©xito",""
1240345959613202432,es,2021-04-21T05:47:26.000Z,1384745572289089536,"@mbachelet Soa @mbachelet , Fe de erratas:

Detr√°s del comunismo -al igual que otras formas de odio y discriminaci√≥n- se esconde la incapacidad de reconocer y afrontar el legado del pasado, lo cual es fundamental para lograr una verdadera inclusi√≥n, reconciliaci√≥n y cohesi√≥n social.",0,0,0,0,Artillero1973,FALSE,2020-03-18T18:35:08.000Z,Francisco Javier,"Psic√≥logo y Oficial de Ejercito (Retirado); Paracaidista, Nacionalista, Patriota, Republicano. Orgulloso de pertenecer al 22%. üíö üëÆ‚Äç‚ôÇÔ∏è#ApagaEl13",""
1244100119848349698,en,2021-04-21T05:53:05.000Z,1384746993046544387,"#ReleaseTheDetainees
3300civilians are still in detention 
#WhatsHappeningInMyanmar
@mbachelet @NadiraKourt @oslow99 @Reaproy @antonioguterres @SchranerBurgen1 @UN_Spokesperson @RapporteurUn @JTBC_news @KBSnews @UN_HRC @OHCHRAsia @SAdamsR2P @StateDeptSpox @YangheeLeeSKKU @Reuters https://t.co/H2q2eDfEQu",0,0,0,0,phyothiriwai,FALSE,2020-03-29T03:12:55.000Z,PT Wai,üçØ,""
1244100119848349698,und,2021-04-21T05:43:18.000Z,1384744530931421185,"#ReleaseTheDetainees
#WhatsHappeningInMyanmar
@mbachelet @NadiraKourt @oslow99 @Reaproy @cape_diamond @antonioguterres @SchranerBurgen1 @UN_Spokesperson @RapporteurUn @JTBC_news @KBSnews @UN_HRC @OHCHRAsia @SAdamsR2P @StateDeptSpox @YangheeLeeSKKU @eAsiaMediaHub @USEmbassyBurma https://t.co/K51ih2IyEr",0,0,0,0,phyothiriwai,FALSE,2020-03-29T03:12:55.000Z,PT Wai,üçØ,""
1244100119848349698,en,2021-04-21T05:55:29.000Z,1384747598523736065,"No privacy and basic human rights under military regime. #WhatsHappeninglnMyanmar #Apr21Coup
#CrimesAgainstHumanity
@mbachelet @NadiraKourt @oslow99 @Reaproy @SAdamsR2P @StateDeptSpox @YangheeLeeSKKU @DrSasa22222 @KenRoth @poppymcp @TostevinM @UN_HRC https://t.co/1LEN96GfDE",0,0,0,0,phyothiriwai,FALSE,2020-03-29T03:12:55.000Z,PT Wai,üçØ,""
1244100119848349698,und,2021-04-21T05:53:57.000Z,1384747212882644992,"#ReleaseTheDetainees
#WhatsHappeningInMyanmar
@mbachelet @NadiraKourt @oslow99 @Reaproy @cape_diamond @antonioguterres @SchranerBurgen1 @UN_Spokesperson @RapporteurUn @JTBC_news @KBSnews @UN_HRC @OHCHRAsia @SAdamsR2P @StateDeptSpox @YangheeLeeSKKU @eAsiaMediaHub @USEmbassyBurma https://t.co/nrqmR7aeX6",0,0,0,1,phyothiriwai,FALSE,2020-03-29T03:12:55.000Z,PT Wai,üçØ,""
1244100119848349698,und,2021-04-21T05:44:20.000Z,1384744791108243461,"#ReleaseTheDetainees
#WhatsHappeningInMyanmar
@mbachelet @NadiraKourt @oslow99 @Reaproy @cape_diamond @antonioguterres @SchranerBurgen1 @UN_Spokesperson @RapporteurUn @JTBC_news @KBSnews @UN_HRC @OHCHRAsia @SAdamsR2P @StateDeptSpox @YangheeLeeSKKU @eAsiaMediaHub @USEmbassyBurma https://t.co/l09HU3YUad",0,0,0,0,phyothiriwai,FALSE,2020-03-29T03:12:55.000Z,PT Wai,üçØ,""
1256111090548654091,en,2021-04-21T06:15:48.000Z,1384752712709902336,"Blue Shirt Campaign in KanPauk village for the release of more than 3000 detainees during the two months under dictatorship.
#Apr21Coup
#WhatsHappeningInMyanmar
#ReleaseTheDetainees @poppymcp @antonioguterres @mbachelet https://t.co/ah6G1EevPq",0,0,0,0,Erikakim98,FALSE,2020-05-01T06:40:32.000Z,#SaveMyanmar,You can donate our elected government. https://t.co/5ch6DZ4T2K,""
1256111090548654091,en,2021-04-21T06:12:49.000Z,1384751958460833794,"Terrorists disguised in a civilian's car and brutally abducted 2 youths- Ko ThanAungSoe &amp; Ko MyatThuraAung at the corner of AungYadanar &amp; Mingyi Road, Pathein Tsp at around 8:30 am. 
#Apr21Coup
#WhatsHappeningInMyanmar
#ReleaseTheDetainees @poppymcp @antonioguterres @mbachelet https://t.co/pcbtojTJzS",0,0,0,0,Erikakim98,FALSE,2020-05-01T06:40:32.000Z,#SaveMyanmar,You can donate our elected government. https://t.co/5ch6DZ4T2K,""
1256111090548654091,en,2021-04-21T06:06:56.000Z,1384750478001545218,"Daw Nang Yin Yin Aye, a teacher from B.E.H.S (3), Hpa-an was abducted by military terrorists around 10:00 pm on Apr 20 for participating in CDM.
#ReleaseTheDetainees
#Apr21Coup
#WhatsHappeningInMyanmar @poppymcp @antonioguterres @mbachelet @UN_HRC @UN @UNinMyanmar https://t.co/XTkDflhqd6",0,0,0,0,Erikakim98,FALSE,2020-05-01T06:40:32.000Z,#SaveMyanmar,You can donate our elected government. https://t.co/5ch6DZ4T2K,""
1256111090548654091,en,2021-04-21T06:08:44.000Z,1384750931233841153,"Junta forces raided a house by shattering the door and destroyed the properties inside the house at KyaukKyeeSu ward, Bago on Apr20 night. 
#Apr21Coup
#WhatsHappeningInMyanmar
#ReleaseTheDetainees @poppymcp @antonioguterres @mbachelet @UN @UN_HRC @UNinMyanmar https://t.co/72HSbr7Wkq",0,0,0,0,Erikakim98,FALSE,2020-05-01T06:40:32.000Z,#SaveMyanmar,You can donate our elected government. https://t.co/5ch6DZ4T2K,""
1256111090548654091,en,2021-04-21T06:14:56.000Z,1384752494857789449,"Ko Myo Htet Naing Lin, a student from Myitkyina university was unlawfully abducted by terrorist junta at around 6:30 am this morning in Myitkyina.
#Apr21Coup
#WhatsHappeningInMyanmar
#ReleaseTheDetainees @poppymcp @antonioguterres @mbachelet https://t.co/S0gdxFANZ3",0,0,0,0,Erikakim98,FALSE,2020-05-01T06:40:32.000Z,#SaveMyanmar,You can donate our elected government. https://t.co/5ch6DZ4T2K,""
1256111090548654091,en,2021-04-21T06:00:29.000Z,1384748857649602564,"The man in the photo was forcibly abducted by massive force of terrorists without any reason in ThanByuZaYat Tsp at around 10:30 pm on Apr 20 night. 
#Apr21Coup
#WhatsHappeningInMyanmar
#ReleaseTheDetainees @poppymcp  @antonioguterres @mbachelet https://t.co/04qYJWm3kb",0,0,0,0,Erikakim98,FALSE,2020-05-01T06:40:32.000Z,#SaveMyanmar,You can donate our elected government. https://t.co/5ch6DZ4T2K,""
1281027012174512128,es,2021-04-21T06:03:08.000Z,1384749522367262721,@mbachelet Endemoniada ü§°ü§°ü§° busca de Dios mejor,0,0,0,0,Alejand16675042,FALSE,2020-07-09T00:47:05.000Z,jxnithxh (FueraONU) üá®üá±,"üá®üá±Patriota hasta la muerte üá®üá±
#anticomunista
Dios es mi pastor y nada me faltara üôè
#FueraOnu
#plandemiaSanitaria",""
1313678351744335874,es,2021-04-21T05:45:00.000Z,1384744961053282306,@char1234ch @stebanet77 @sebastianpinera https://t.co/RgRkS2OeOF DISCHNIDAD DISCHNIDAD. AS√ç üí© @mbachelet A SU AMADO PUEULO. IMPORTACI√ìN DE POBREZA EXTREMA X EL PUESTITO EN LA @ONU_es,0,0,0,0,juanher37841433,FALSE,2020-10-07T03:11:54.000Z,juan hernandez,"",""
1313678351744335874,es,2021-04-21T05:39:48.000Z,1384743652719841281,@marcoporchile https://t.co/RgRkS2OeOF  OYE CDR. La que import√≥ la mano de obra barata fue tu pdta @mbachelet  con el coyote @HeraldoMunoz .+ los @jesuitaschile para sus inmobiliarias d @TECHOChile .,0,0,0,0,juanher37841433,FALSE,2020-10-07T03:11:54.000Z,juan hernandez,"",""
1313935797582811145,es,2021-04-21T05:39:26.000Z,1384743561342619649,@mbachelet @Giovann56636968 QU√â HICISTE? https://t.co/hjryvtStdy,0,0,0,0,Auddio2,FALSE,2020-10-07T20:14:54.000Z,Auddio en GAB.COM,"CRISTIANO
PATRIOTA
LIBERTARIO/CONSERVADOR
Enemigo del marxismo y el pantano estatal",""
1323814766205231104,und,2021-04-21T05:40:16.000Z,1384743770445402114,@SecBlinken @mbachelet @RussiaUN @Chinamission2un #TigrayCantWait #TigrayGenocide https://t.co/Gg9cqPDv1I,0,0,0,0,Hida07288676,FALSE,2020-11-04T02:30:22.000Z,Hid@t,"",""
1323953794703675392,en,2021-04-21T06:02:01.000Z,1384749241277599745,"Mounting reports about rape being used as a weapon of war. Yet, for 170 days you‚Äôre postponing the problem instead of solving it. Women are continuously being raped because of your inactions.  #TigrayCantWait @EU_Commission @mbachelet @StateDept 
https://t.co/Xg0IYaH6Uf",1,0,1,0,Yitbare73181471,FALSE,2020-11-04T11:42:48.000Z,Yitbarek,I stand with tigray,""
1323953794703675392,en,2021-04-21T06:00:19.000Z,1384748815161434113,"Ethiopian and Eritrean troops are using #SGBV against Tigrayans to undermine individuals, families, communities, and the entire cultural group. It is an insidious avenue of #TigrayGenocide. Demand @UN-led independent investigations. @mbachelet @GBVAoR1 
https://t.co/ZOil47CzNP",1,0,0,0,Yitbare73181471,FALSE,2020-11-04T11:42:48.000Z,Yitbarek,I stand with tigray,""
1323953794703675392,en,2021-04-21T06:00:33.000Z,1384748873088913408,"""There she was kept for eleven days, during which time she was raped repeatedly by 23 men. A group of Eritrean soldiers came to the hospital with the intention of killing the victim."" Weaponized rape must stop.
@mbachelet @franceonu
#TigrayCantWait 
https://t.co/Xg0IYaH6Uf",1,0,0,0,Yitbare73181471,FALSE,2020-11-04T11:42:48.000Z,Yitbarek,I stand with tigray,""
1323953794703675392,fr,2021-04-21T05:50:55.000Z,1384746447841673216,"La violence sexuelle est utilis√©e dans ce conflit comme une arme de guerre. Les vies africaines ne comptent-elles pas pour les autres pays? Pendant 170 jours, vous repoussez le probl√®me au lieu de le r√©soudre. #TigrayCantWait @franceonu @mbachelet @UN
https://t.co/hDkmFzJnri",1,0,0,0,Yitbare73181471,FALSE,2020-11-04T11:42:48.000Z,Yitbarek,I stand with tigray,""
1323953794703675392,es,2021-04-21T05:48:28.000Z,1384745833497829380,El #TigrayGenocide se est√° haciendo no solo massacrando a los hombres y ni√±os pero tambi√©n utilizaron la violaci√≥n de mujeres y ni√±a como arma de guerra. @salmahayek @AOC @mbachelet @JosepBorrellF @MexOnu @SusanaMalcorra @MAECgob #TigrayCantWait https://t.co/wQTHEaiIiU,1,0,1,0,Yitbare73181471,FALSE,2020-11-04T11:42:48.000Z,Yitbarek,I stand with tigray,""
1324130252008816640,en,2021-04-21T06:08:06.000Z,1384750773376933890,Concern without action means nothing. Millions are on the verge of dying. Concrete actions that produce results will save our families. When will you INTERVENE? @EstoniaUN @mbachelet @KenyaMissionUN @USAmbUN @SecYellen #StopStarvingTigray #TigrayGenocide https://t.co/8xupS0ATad,0,0,0,0,AbbyH06586436,FALSE,2020-11-04T23:24:06.000Z,Abeba Kahsay,"‚ÄúThey want Tigrayans to denounce their Tigrayan roots. Tigrayan response: ‚ÄúWatch me protect it
with all I have!‚Äù",https://t.co/lHeASDywoX
1324130252008816640,en,2021-04-21T06:07:19.000Z,1384750575972085763,How can the @UN commemorate the horrific #RwandaGenocide but at the same time let atrocities continue in Tigray? International community must act now before more people die! #StopStarvingTigray #TigrayGenocide @mbachelet @antonioguterres @JosepBorrellF https://t.co/rzuHmxrIYs,0,0,0,0,AbbyH06586436,FALSE,2020-11-04T23:24:06.000Z,Abeba Kahsay,"‚ÄúThey want Tigrayans to denounce their Tigrayan roots. Tigrayan response: ‚ÄúWatch me protect it
with all I have!‚Äù",https://t.co/lHeASDywoX
1324130252008816640,en,2021-04-21T06:04:37.000Z,1384749898675806212,"""@UNReliefChief told the @UN Security Council that... 91% of the population (in Tigray) needed emergency food, as per government estimates."" @mbachelet @Haavisto @JosepBorrellF act now to prevent further starvation! #StopStarvingTigray #TigrayGenocide https://t.co/xkKZrczQct",0,0,0,0,AbbyH06586436,FALSE,2020-11-04T23:24:06.000Z,Abeba Kahsay,"‚ÄúThey want Tigrayans to denounce their Tigrayan roots. Tigrayan response: ‚ÄúWatch me protect it
with all I have!‚Äù",https://t.co/lHeASDywoX
1324130252008816640,en,2021-04-21T06:05:03.000Z,1384750004200361992,Humanitarian aid to the region of Tigray has been blocked by @AbiyAhmedAli. We demand an end to man-made starvation crimes. The @UN must also lead an investigation into #TigrayGenocide. #StopStarvingTigray @HouseForeign @PmTunisia @MexOnu @mbachelet https://t.co/h0wF0dlphf,0,0,0,0,AbbyH06586436,FALSE,2020-11-04T23:24:06.000Z,Abeba Kahsay,"‚ÄúThey want Tigrayans to denounce their Tigrayan roots. Tigrayan response: ‚ÄúWatch me protect it
with all I have!‚Äù",https://t.co/lHeASDywoX
1324130252008816640,en,2021-04-21T06:03:47.000Z,1384749689094893568,"""@UNReliefChief told the @UN Security Council that... 91% of the population (in Tigray) needed emergency food, as per government estimates."" @mbachelet @Haavisto @JosepBorrellF act now to prevent further starvation! #StopStarvingTigray #TigrayGenocide
https://t.co/xkKZrczQct",0,0,0,0,AbbyH06586436,FALSE,2020-11-04T23:24:06.000Z,Abeba Kahsay,"‚ÄúThey want Tigrayans to denounce their Tigrayan roots. Tigrayan response: ‚ÄúWatch me protect it
with all I have!‚Äù",https://t.co/lHeASDywoX
1324130252008816640,en,2021-04-21T06:07:42.000Z,1384750673305116673,4.5 million Tigrayans are being forcibly &amp; systematically starved to death by the Ethiopian &amp; Eritrean governments.  Accountability for mass starvation crimes must follow! @JosepBorrellF @Haavisto @USAmbUN @mbachelet  #StopStarvingTigray #TigrayGenocide https://t.co/9gyILhelZC,0,0,0,0,AbbyH06586436,FALSE,2020-11-04T23:24:06.000Z,Abeba Kahsay,"‚ÄúThey want Tigrayans to denounce their Tigrayan roots. Tigrayan response: ‚ÄúWatch me protect it
with all I have!‚Äù",https://t.co/lHeASDywoX
1324130252008816640,en,2021-04-21T06:06:19.000Z,1384750326675243014,"As Tigrayans are killed by starvation, @UNReliefChief states, ""It is a sign of what lies ahead if more action is not taken. Starvation as a weapon of war is a violation.""  Action must start TODAY! #StopStarvingTigray @antonioguterres @mbachelet https://t.co/xkKZrczQct",0,0,0,0,AbbyH06586436,FALSE,2020-11-04T23:24:06.000Z,Abeba Kahsay,"‚ÄúThey want Tigrayans to denounce their Tigrayan roots. Tigrayan response: ‚ÄúWatch me protect it
with all I have!‚Äù",https://t.co/lHeASDywoX
1324425719972352003,en,2021-04-21T06:07:03.000Z,1384750510348066816,"""@UNReliefChief told the @UN Security Council that... 91% of the population (in Tigray) needed emergency food, as per government estimates."" @mbachelet @Haavisto @JosepBorrellF act now to prevent further starvation! #StopStarvingTigray #TigrayGenocide https://t.co/0zUHg2Gpxi",0,0,0,0,ISTANDWITHTIGR1,FALSE,2020-11-05T18:58:20.000Z,ISTANDWITHTIGRAY,"",""
1324425719972352003,en,2021-04-21T05:44:24.000Z,1384744809089339395,"""@UNReliefChief told the @UN Security Council that... 91% of the population (in Tigray) needed emergency food, as per government estimates."" @mbachelet @Haavisto @JosepBorrellF act now to prevent further starvation! #StopStarvingTigray #TigrayGenocide
https://t.co/0zUHg2Gpxi",0,0,0,0,ISTANDWITHTIGR1,FALSE,2020-11-05T18:58:20.000Z,ISTANDWITHTIGRAY,"",""
1324652589707862016,und,2021-04-21T05:41:25.000Z,1384744058585849856,#TigrayGenocide #TigrayEthnicCleansing #WarCrimesOnTigray @BBCAfrica @BBCWorld @CNNAfrica @cnni @AP_Africa @AP @AFP @AFPAfrica @washingtonpost @nytimesworld @ABCPolitics @AJEnglish @AJENews @irishmissionun @mbachelet @USAmbUN @eu_eeas @euobs @EU_Commission @eu_echo https://t.co/3km6ozxvmS,0,0,0,0,cjsul,FALSE,2020-11-06T09:59:37.000Z,#TIGRAY GENOCIDE CJSUL HAMER,TIGRAY WILL PREVAIL,""
1324652589707862016,und,2021-04-21T05:40:35.000Z,1384743846823747584,#TigrayGenocide #TigrayEthnicCleansing #WarCrimesOnTigray @BBCAfrica @BBCWorld @CNNAfrica @cnni @AP_Africa @AP @AFP @AFPAfrica @washingtonpost @nytimesworld @ABCPolitics @AJEnglish @AJENews @irishmissionun @mbachelet @USAmbUN @eu_eeas @euobs @EU_Commission @eu_echo https://t.co/vtuowdpGLf,1,0,1,0,cjsul,FALSE,2020-11-06T09:59:37.000Z,#TIGRAY GENOCIDE CJSUL HAMER,TIGRAY WILL PREVAIL,""
1325048643636879360,und,2021-04-21T06:07:57.000Z,1384750735397642242,"#TigrayGenocide @antonioguterres @FilippoGrandi @SecBlinken @JosepBorrellF @USAmbUN @mbachelet @drtedros @EUinEthiopia @UNOCHA @UNReliefChief @StateDeptSpox @USIP @UNPeacekeeping @EUtoAU @eu_echo @wallacemick
@GermanyUN @EUCouncil @franceonu @USUN @UN @CanadaUN  @UNHCREthiopia https://t.co/4roklzjOt5",0,0,0,0,YonasKifle9,FALSE,2020-11-07T12:13:34.000Z,Yonas Kifle,All war is a symptom of man's failure as a thinking animal,https://t.co/5mqAOEGcEP
1329266028967235584,en,2021-04-21T06:13:16.000Z,1384752073426808834,"Mass rape &amp; sexual violence is being used as a weapon of war in Tigray, amongst other atrocities. We must learn the lessons of genocide &amp; hold perpetrators accountable. We can‚Äôt let history repeat. #TigrayCantWait
@IntlCrimCourt @mbachelet @UNOSAPG @USIP
https://t.co/4ceVj26A5H",0,0,0,0,GualTib,FALSE,2020-11-19T03:31:52.000Z,tib gual selemuney,God is good all the time. #tigraweyti üíØüíä#stop the war on tigray,""
1330148495278403585,en,2021-04-21T05:54:12.000Z,1384747276325859330,"Mass rape &amp; sexual violence is being used as a weapon of war in Tigray, amongst other atrocities. We must learn the lessons of genocide &amp; hold perpetrators accountable. We can‚Äôt let history repeat. #TigrayCantWait
@IntlCrimCourt @mbachelet @UNOSAPG @USIP
https://t.co/BTeoT6CJ5L",0,0,0,0,yitbarek1111,FALSE,2020-11-21T13:58:18.000Z,Yitbarek,"",""
1330220654076039172,en,2021-04-21T06:15:32.000Z,1384752644590379009,"@antonioguterres @UN @mbachelet @UNHumanRights @JosepBorrellF @EU_Commission 
Criminals can not govern Tigray https://t.co/30DS9RCYs0",0,0,0,0,MogusZeyo,FALSE,2020-11-21T18:45:23.000Z,Zeyo Mogus,"",""
1330220654076039172,ca,2021-04-21T06:08:23.000Z,1384750846672621568,@antonioguterres @mbachelet @UNHumanRights @UN @JosepBorrellF @EU_Commission @Europarl_EN  Abiy is criminal https://t.co/GRoD94qDRq,0,0,0,0,MogusZeyo,FALSE,2020-11-21T18:45:23.000Z,Zeyo Mogus,"",""
1330742115387621376,en,2021-04-21T05:44:12.000Z,1384744760527659008,"Mass rape &amp; sexual violence is being used as a weapon of war in Tigray, amongst other atrocities. We must learn the lessons of genocide &amp; hold perpetrators accountable. We can‚Äôt let history repeat. #TigrayCantWait
@IntlCrimCourt @mbachelet @UNOSAPG @USIP
https://t.co/9cBr4UI11e",0,0,0,0,tberhe4,FALSE,2020-11-23T05:17:19.000Z,TBerhe,"",""
1334657774941298694,en,2021-04-21T06:04:24.000Z,1384749841369026560,"Mass rape &amp; sexual violence is being used as a weapon of war in Tigray, amongst other atrocities. We must learn the lessons of genocide &amp; hold perpetrators accountable. We can‚Äôt let history repeat. #TigrayCantWait
@IntlCrimCourt @mbachelet @UNOSAPG @USIP
https://t.co/EzDvpkDWQl",0,0,1,0,ZerayKidanu,FALSE,2020-12-04T00:36:58.000Z,zeray wedi tigray,"From TIGRAY, spiritual homeland of Queen of Sheba,Nejashi! god is always by my sideüôèengineer at Zamra construction P.L.C Mekelle #tigraywillprevail",""
1342237660446740480,en,2021-04-21T05:46:08.000Z,1384745243581419520,Concern without action means nothing. Millions are on the verge of dying. Concrete actions that produce results will save our families. When will you INTERVENE? @EstoniaUN @mbachelet @KenyaMissionUN @USAmbUN @SecYellen #StopStarvingTigray #TigrayGenocide https://t.co/QOyKe8B9wV,0,0,0,0,gidey_s,FALSE,2020-12-24T22:39:05.000Z,S Gidey,"#standwithtigray.com
stand against war,rape,using hunger as a weapon, ethnic cleansing (Genocide).",""
1342269343053225984,fr,2021-04-21T06:15:44.000Z,1384752695639035909,"La violence sexuelle est utilis√©e dans ce conflit comme une arme de guerre. Les vies africaines ne comptent-elles pas pour les autres pays? Pendant 170 jours, vous repoussez le probl√®me au lieu de le r√©soudre. #TigrayCantWait @franceonu @mbachelet @UN
https://t.co/kAYvsS2i2Y",0,0,0,0,bahta_hagos,FALSE,2020-12-25T00:43:26.000Z,hagos bahta,"",""
1342269343053225984,en,2021-04-21T06:02:13.000Z,1384749293253271554,"Mass rape &amp; sexual violence is being used as a weapon of war in Tigray, amongst other atrocities. We must learn the lessons of genocide &amp; hold perpetrators accountable. We can‚Äôt let history repeat. #TigrayCantWait
@IntlCrimCourt @mbachelet @UNOSAPG @USIP
https://t.co/inhMp4Nq30",0,0,0,0,bahta_hagos,FALSE,2020-12-25T00:43:26.000Z,hagos bahta,"",""
1342269343053225984,es,2021-04-21T06:12:41.000Z,1384751924952518661,El #TigrayGenocide se est√° haciendo no solo massacrando a los hombres y ni√±os pero tambi√©n utilizaron la violaci√≥n de mujeres y ni√±a como arma de guerra. @salmahayek @AOC @mbachelet @JosepBorrellF @MexOnu @SusanaMalcorra @MAECgob #TigrayCantWait https://t.co/3Ajya5F8W0,0,0,0,0,bahta_hagos,FALSE,2020-12-25T00:43:26.000Z,hagos bahta,"",""
1345396145481277442,en,2021-04-21T06:03:57.000Z,1384749727636463618,"@iWCym92ZQE2NEjG @UN @UzraZeya @jrsusa @BelgiumUN @ItalyUN_NY @NorwayUN @EstoniaUN @UnKenya @MexOnu @Denmark_UN @Denmark_UN @NLatUN @StateDept @antonioguterres @SecBlinken @POTUS @mbachelet 
You have the power to help stop genocide happening in #Tigray. #TigrayGenocide",0,0,0,0,Tigray_almaz,FALSE,2021-01-02T15:47:25.000Z,Almaz,"Beloved daughter of the Almighty God. 
Proud Tigraweyti!",""
1345396145481277442,en,2021-04-21T06:11:36.000Z,1384751655728594947,"‚ÄúSome reported walking for two weeks. Some were reportedly killed, particularly youngsters. People were reportedly beaten. Women were subject to rape. Some were pregnant &amp; delivered on the way losing their babies.‚Äù #TigrayCantWait @mbachelet @POTUS @VP 
https://t.co/sHjdRUXv6j",0,0,0,0,Tigray_almaz,FALSE,2021-01-02T15:47:25.000Z,Almaz,"Beloved daughter of the Almighty God. 
Proud Tigraweyti!",""
1347518468493479936,und,2021-04-21T06:03:54.000Z,1384749717091799041,"#StopGenocideOnTigray 
#StopEritreanSoldierWarOnTigray 
#stopAmharaMiltiaKillingCivilians
@MichelleObama 
@Oprah 
@KamalaHarris 
@Beyonce 
@UNReliefChief @mbachelet 
@katie_polglase 
@nimaelbagir 
@USAmbUN 
@JFCrisp 
@JeffBezos 
@BillGates 
@jimmyfallon 
@jimmykimmel 
@Cristiano https://t.co/ThfjswFsiY",0,0,0,0,Adisulucy,FALSE,2021-01-08T12:21:12.000Z,Adisulucy,"",""
1351914061324292098,en,2021-04-21T05:52:04.000Z,1384746737542311936,4.5 million Tigrayans being forcibly &amp; systematically starved to death by Ethiopia &amp; Eritrea. Accountability for mass starvation crimes must follow! @JosepBorrellF @Haavisto @USAmbUN @mbachelet @IntlCrimCourt #StopStarvingTigray #TigrayGenocide #AbiyToICC https://t.co/G4O5UIIrMd,0,0,0,0,FrewTekle,FALSE,2021-01-20T15:27:14.000Z,Frew Tekle,@SayNotoWar,""
1358453278258782213,und,2021-04-21T05:54:17.000Z,1384747296118775808,#WhatsHappeningInMyanmar #Apr21Coup @RapporteurUn @savita_pawnday @NilsMelzer  @LLakhdhir @Alex_J_Bellamy @lvandenassum @Kim_Jolliffe @JulietteM87 @NadiraKourt @loucharbon @SAdamsR2P @SZarifi @mbachelet @matthewfsmith @Ronan_Lee @RobinsonBKK @Reaproy @rshorsey @AbbottKingsley https://t.co/OT1Pl3MzB6,0,0,0,0,VungSanBoi1,FALSE,2021-02-07T16:31:29.000Z,VungBoi,üïä my GOD is an awesome Godüïä,""
1358453278258782213,und,2021-04-21T05:53:11.000Z,1384747017977597952,#WhatsHappeningInMyanmar #Apr21Coup @AbbottKingsley @SchranerBurgen1 @NilsMelzer  @LLakhdhir @Alex_J_Bellamy @lvandenassum @maxfrigo @JulietteM87 @NadiraKourt @loucharbon @SAdamsR2P @SZarifi @USAmbUN @matthewfsmith @SecBlinken @Reaproy @rshorsey @savita_pawnday @mbachelet @SecDef https://t.co/fCrbNvpeOM,0,0,0,0,VungSanBoi1,FALSE,2021-02-07T16:31:29.000Z,VungBoi,üïä my GOD is an awesome Godüïä,""
1361706337919373312,en,2021-04-21T05:55:48.000Z,1384747677909340163,@amnesty @ICRC @BWoodward_UN @USAmbUN @eAsiaMediaHub @antonioguterres @UN_PGA @SecBlinken @DominicRaab @mbachelet @hrw @SAdamsR2P @SZarifi How long will @UN @UNGeneva &amp; Int‚Äôl community let these ruthless Myanmar military GENERALS keep violating civilians? #WhatsHappeningInMyanmar https://t.co/XKLWOpO2rS,0,0,0,0,Yuanqiuyue,FALSE,2021-02-16T15:57:56.000Z,YT2-GenY,Freedom From Fear,""
1361706337919373312,und,2021-04-21T06:10:13.000Z,1384751307110580224,"@AbbottKingsley @mbachelet @RapporteurUn @SchranerBurgen1 @SCRtweets @SAdamsR2P @antonioguterres @UN_Spokesperson @UN_PGA @volkan_bozkir @POTUS @SecBlinken @DominicRaab @SZarifi @USAmbUN @BWoodward_UN @UNOSAPG @ICRC @amnesty #WhatsHappeningInMyanmar #WeSupportNUG 
#Apr21Coup https://t.co/kItMEW7Z3x",0,0,0,0,Yuanqiuyue,FALSE,2021-02-16T15:57:56.000Z,YT2-GenY,Freedom From Fear,""
1361813623711158276,en,2021-04-21T06:03:43.000Z,1384749669641867264,"The weaponization of food to control innocent citizens is a war crime @IntlCrimCourt @mbachelet @WFP @EU_Commission in the absence of international intervention, we are likely to see the continued demise of men, women, and children.#AbiyToICC #TigrayGenocide",0,0,0,0,KhasayMeseret,FALSE,2021-02-16T23:04:27.000Z,Meseret Khasay,Reading book,""
1363516285540323332,en,2021-04-21T05:56:20.000Z,1384747811065970690,Concern without action means nothing. Millions are on the verge of dying. Concrete actions that produce results will save our families. When will you INTERVENE? @EstoniaUN @mbachelet @KenyaMissionUN @USAmbUN @SecYellen #StopStarvingTigray #TigrayGenocide https://t.co/J6RwWfHnJJ,0,0,0,0,AntiFascism20,FALSE,2021-02-21T15:50:13.000Z,Des Tigraway,Stop Tigray Genocide,""
1363516285540323332,en,2021-04-21T05:48:25.000Z,1384745818121453570,How can @UN commemorate horrific #RwandaGenocide but at the same time let atrocities continue in Tigray? Int'l community must act now before more ppl die! #StopStarvingTigray #TigrayGenocide #AbiyToICC @mbachelet @antonioguterres @WFP @hrw @JosepBorrellF https://t.co/bpS4UEElyd,0,0,0,0,AntiFascism20,FALSE,2021-02-21T15:50:13.000Z,Des Tigraway,Stop Tigray Genocide,""
1364395451982573572,en,2021-04-21T05:52:52.000Z,1384746939254640643,"""There she was kept for eleven days, during which time she was raped repeatedly by 23 men. A group of Eritrean soldiers came to the hospital with the intention of killing the victim."" Weaponized rape must stop.
@mbachelet @franceonu
#TigrayCantWait 
https://t.co/iOLL6wRicJ",0,0,0,0,TesfaySolomon3,FALSE,2021-02-24T02:03:34.000Z,Tesfay Solomon,"",""
1364395451982573572,es,2021-04-21T05:51:31.000Z,1384746598559739911,El #TigrayGenocide se est√° haciendo no solo massacrando a los hombres y ni√±os pero tambi√©n utilizaron la violaci√≥n de mujeres y ni√±a como arma de guerra. @salmahayek @AOC @mbachelet @JosepBorrellF @MexOnu @SusanaMalcorra @MAECgob #TigrayCantWait https://t.co/JhF2TK55rt,0,0,0,0,TesfaySolomon3,FALSE,2021-02-24T02:03:34.000Z,Tesfay Solomon,"",""
1364395451982573572,en,2021-04-21T05:48:33.000Z,1384745851638018048,"Mass rape &amp; sexual violence is being used as a weapon of war in Tigray, amongst other atrocities. We must learn the lessons of genocide &amp; hold perpetrators accountable. We can‚Äôt let history repeat. #TigrayCantWait
@IntlCrimCourt @mbachelet @UNOSAPG @USIP
https://t.co/vNaPVGAWvB",0,0,0,0,TesfaySolomon3,FALSE,2021-02-24T02:03:34.000Z,Tesfay Solomon,"",""
1364395451982573572,en,2021-04-21T05:52:42.000Z,1384746899974983682,"Ethiopian and Eritrean troops are using #SGBV against Tigrayans to undermine individuals, families, communities, and the entire cultural group. It is an insidious avenue of #TigrayGenocide. Demand @UN-led independent investigations. @mbachelet @GBVAoR1 
https://t.co/HlEDwiJspA",0,0,0,0,TesfaySolomon3,FALSE,2021-02-24T02:03:34.000Z,Tesfay Solomon,"",""
1364395451982573572,en,2021-04-21T05:53:29.000Z,1384747095622492161,"Mounting reports about rape being used as a weapon of war. Yet, for 170 days you‚Äôre postponing the problem instead of solving it. Women are continuously being raped because of your inactions.  #TigrayCantWait @EU_Commission @mbachelet @StateDept 
https://t.co/iOLL6wRicJ",0,0,0,0,TesfaySolomon3,FALSE,2021-02-24T02:03:34.000Z,Tesfay Solomon,"",""
1366225939772932097,en,2021-04-21T06:11:24.000Z,1384751604625195008,"Mass rape &amp; sexual violence is being used as a weapon of war in Tigray, amongst other atrocities. We must learn the lessons of genocide &amp; hold perpetrators accountable. We can‚Äôt let history repeat. #TigrayCantWait
@IntlCrimCourt @mbachelet @UNOSAPG @USIP
https://t.co/6BijYHr5Jx",0,0,0,0,iWCym92ZQE2NEjG,FALSE,2021-03-01T03:17:18.000Z,Abrahim Abu Beshir,"·âµ·åç·à´·ã≠ ·â•·ã∞·âÉ ·â∞·ä∏·â¢·à´·äï ·âµ·àì·çä·à´·äï ·ä≠·âµ·äê·â•·à≠ ·ä•·ã´!‚ù§üáªüá≥ 
#TigrayGenocide https://t.co/ycA36VanjO
http://
https://t.co/QkScdEXfSD",""
1366357433396903939,und,2021-04-21T05:49:24.000Z,1384746066122362880,@mbachelet https://t.co/AHedWbLL2L,0,0,0,0,Mlena02005779,FALSE,2021-03-01T12:00:07.000Z,Milena üíö,AMO MI BELLO CHILEüíö,""
1366687649893912582,und,2021-04-21T05:39:20.000Z,1384743533102477312,"@HailuKebede_ @BBCAfrica @washingtonpost @Telegraph @AJEnglish @Reuters @guardian @CNNAfrica @AFP @SomaliGuardian @IrishTimes 
@SecBlinken @POTUS @VP @LindaT_G @NATO @USNATO @freweinimebraht @JosepBorrellF @Haavisto @mbachelet @ChrisCoons @NickKristof @wdavison10 @hrw 

#TigrayGenocide",0,0,0,0,FreeTigray15,FALSE,2021-03-02T09:52:08.000Z,·âµ·åç·à´·ãã·ã≠ ‚ù§üíõ,"Born In Addis Ababa From #Tigrayan family, stand for humanity and truth that's why I'm voice for voiceless people of #Tigray. #TigrayWillPrevail",""
1376943199889989635,en,2021-04-21T05:44:19.000Z,1384744788407111682,"Ethiopian and Eritrean troops are using #SGBV against Tigrayans to undermine individuals, families, communities, and the entire cultural group. It is an insidious avenue of #TigrayGenocide. Demand @UN-led independent investigations. @mbachelet @GBVAoR1 
https://t.co/FEUAwd2s6s",0,0,0,0,samyanweit,FALSE,2021-03-30T17:04:38.000Z,samyanweit,"",""
1376943199889989635,en,2021-04-21T05:44:30.000Z,1384744832493514754,"""There she was kept for eleven days, during which time she was raped repeatedly by 23 men. A group of Eritrean soldiers came to the hospital with the intention of killing the victim."" Weaponized rape must stop.
@mbachelet @franceonu
#TigrayCantWait 
https://t.co/XBFy4K1u4B",0,0,0,0,samyanweit,FALSE,2021-03-30T17:04:38.000Z,samyanweit,"",""
1376943199889989635,en,2021-04-21T05:45:03.000Z,1384744970913939456,"Mounting reports about rape being used as a weapon of war. Yet, for 170 days you‚Äôre postponing the problem instead of solving it. Women are continuously being raped because of your inactions.  #TigrayCantWait @EU_Commission @mbachelet @StateDept 
https://t.co/XBFy4K1u4B",0,0,0,0,samyanweit,FALSE,2021-03-30T17:04:38.000Z,samyanweit,"",""
1376943199889989635,es,2021-04-21T05:43:26.000Z,1384744566729756674,El #TigrayGenocide se est√° haciendo no solo massacrando a los hombres y ni√±os pero tambi√©n utilizaron la violaci√≥n de mujeres y ni√±a como arma de guerra. @salmahayek @AOC @mbachelet @JosepBorrellF @MexOnu @SusanaMalcorra @MAECgob #TigrayCantWait https://t.co/vddvoPFRJg,0,0,0,0,samyanweit,FALSE,2021-03-30T17:04:38.000Z,samyanweit,"",""
1376943199889989635,en,2021-04-21T05:41:39.000Z,1384744116873924611,"Mass rape &amp; sexual violence is being used as a weapon of war in Tigray, amongst other atrocities. We must learn the lessons of genocide &amp; hold perpetrators accountable. We can‚Äôt let history repeat. #TigrayCantWait
@IntlCrimCourt @mbachelet @UNOSAPG @USIP
https://t.co/DQTwwMGWQ7",0,0,0,0,samyanweit,FALSE,2021-03-30T17:04:38.000Z,samyanweit,"",""
1376943199889989635,fr,2021-04-21T05:44:01.000Z,1384744711794003971,"La violence sexuelle est utilis√©e dans ce conflit comme une arme de guerre. Les vies africaines ne comptent-elles pas pour les autres pays? Pendant 170 jours, vous repoussez le probl√®me au lieu de le r√©soudre. #TigrayCantWait @franceonu @mbachelet @UN
https://t.co/WcdHnOnA0T",0,0,0,0,samyanweit,FALSE,2021-03-30T17:04:38.000Z,samyanweit,"",""
1377506191404847105,en,2021-04-21T06:14:21.000Z,1384752347478384643,Relentless and discriminate shelling and bombardment of civilian settlements in #Tigray is destroying every creature. #UNSCActNow #BidenActNow @POTUS @JustinTrudeau @JosepBorrellF @SecBlinken @USAmbUN @Haavisto @mbachelet @martinplaut @GerrySimpsonHRW @getachew_temare https://t.co/DcexlGbVeS,0,0,0,0,TzegaiWoldeten1,FALSE,2021-04-01T06:21:14.000Z,Tzegai #StopTigrayGenocide,"#Ethiopian, #Eritrean and #Amhara forces are massacring, raping, looting, humiliating and abducting #Tigrayans. Stop #TigrayGenocide!",""
1378554841841037321,und,2021-04-21T05:43:54.000Z,1384744684463878154,#TigrayGenocide #TigrayEthnicCleansing #WarCrimesOnTigray @BBCAfrica @BBCWorld @CNNAfrica @cnni @AP_Africa @AP @AFP @AFPAfrica @washingtonpost @nytimesworld @ABCPolitics @AJEnglish @AJENews @irishmissionun @mbachelet @USAmbUN @eu_eeas @euobs @EU_Commission @eu_echo https://t.co/B39Ri0N264,0,0,0,0,KbraTigray,FALSE,2021-04-04T03:49:06.000Z,Kbra,Stop the Genocidal War on the People of Tigray. #TigrayGenocide #StandWithTigray,""
1380703640403406852,en,2021-04-21T06:00:30.000Z,1384748860300353536,"Mass rape &amp; sexual violence is being used as a weapon of war in Tigray, amongst other atrocities. We must learn the lessons of genocide &amp; hold perpetrators accountable. We can‚Äôt let history repeat. #TigrayCantWait
@IntlCrimCourt @mbachelet @UNOSAPG @USIP
https://t.co/ak1l8qStA8",0,0,0,0,Aster20211,FALSE,2021-04-10T02:06:40.000Z,Aster Irob,I am who I am because I do what I do,""
1381519865236881409,fr,2021-04-21T05:50:27.000Z,1384746330967392256,"La violence sexuelle est utilis√©e dans ce conflit comme une arme de guerre. Les vies africaines ne comptent-elles pas pour les autres pays? Pendant 170 jours, vous repoussez le probl√®me au lieu de le r√©soudre. #TigrayCantWait @franceonu @mbachelet @UN
https://t.co/rlQy5HMmIh",0,0,1,0,senaitgideyy,FALSE,2021-04-12T08:09:47.000Z,Senait,#TIGRAYGENOCIDE #STANDWITHTIGRAY üíõ‚ù§Ô∏èüëáüèæ üö®https://t.co/92xWb2nz8C,https://t.co/18WX6zzC1q
1381519865236881409,es,2021-04-21T05:49:28.000Z,1384746084996628483,El #TigrayGenocide se est√° haciendo no solo massacrando a los hombres y ni√±os pero tambi√©n utilizaron la violaci√≥n de mujeres y ni√±a como arma de guerra. @salmahayek @AOC @mbachelet @JosepBorrellF @MexOnu @SusanaMalcorra @MAECgob #TigrayCantWait https://t.co/Xwqv8VMOIi,0,0,0,0,senaitgideyy,FALSE,2021-04-12T08:09:47.000Z,Senait,#TIGRAYGENOCIDE #STANDWITHTIGRAY üíõ‚ù§Ô∏èüëáüèæ üö®https://t.co/92xWb2nz8C,https://t.co/18WX6zzC1q
1381519865236881409,en,2021-04-21T05:46:12.000Z,1384745262845997056,"Mass rape &amp; sexual violence is being used as a weapon of war in Tigray, amongst other atrocities. We must learn the lessons of genocide &amp; hold perpetrators accountable. We can‚Äôt let history repeat. #TigrayCantWait
@IntlCrimCourt @mbachelet @UNOSAPG @USIP
https://t.co/X3M0XxDzy2",0,0,0,0,senaitgideyy,FALSE,2021-04-12T08:09:47.000Z,Senait,#TIGRAYGENOCIDE #STANDWITHTIGRAY üíõ‚ù§Ô∏èüëáüèæ üö®https://t.co/92xWb2nz8C,https://t.co/18WX6zzC1q
138215791,es,2021-04-21T05:40:45.000Z,1384743888993280000,"@mbachelet Incluir√° en la ronda de preguntas a las familias que perdieron padres hijos madres en el 27F, a los ni√±os del SENAME?",0,0,0,0,piluiggi,FALSE,2010-04-28T23:25:39.000Z,Piera Cariola L,"Esposa,mam√° de tres maravillosos hijos, y lo mejor que me dado la vida mis cuatro nietos que adoro, por ellos por mi y por mi pa√≠s , soy de derecha üôã‚Äç‚ôÄÔ∏èüôã‚Äç‚ôÄÔ∏è",""
1382571330227306496,en,2021-04-21T06:10:03.000Z,1384751264437768194,"""@UNReliefChief told the @UN Security Council that... 91% of the population (in Tigray) needed emergency food, as per government estimates."" @mbachelet @Haavisto @JosepBorrellF act now to prevent further starvation! #StopStarvingTigray #TigrayGenocide https://t.co/bREdmSOoa4",0,0,0,0,MehariHailekir1,FALSE,2021-04-15T05:48:04.000Z,Mehari H.,Student,""
1382571330227306496,en,2021-04-21T06:08:55.000Z,1384750980860895232,"""@UNReliefChief told the @UN Security Council that... 91% of the population (in Tigray) needed emergency food, as per government estimates."" @mbachelet @Haavisto @JosepBorrellF act now to prevent further starvation! #StopStarvingTigray #TigrayGenocide
https://t.co/bREdmSOoa4",0,0,0,0,MehariHailekir1,FALSE,2021-04-15T05:48:04.000Z,Mehari H.,Student,""
1382781469941243912,en,2021-04-21T05:53:51.000Z,1384747189281382401,@CletusNwafor @dj_switchaholic @jidesanwoolu @LagosSarsPanel @MBuhari @HQNigerianArmy @mbachelet Sorry about your mother death,0,0,0,0,Tunde11217387,FALSE,2021-04-15T19:43:29.000Z,Tunde,"lover of football, Arsenal fan.
 30k BMC and ponmo FC  
APC Change.",""
1382948690491416582,en,2021-04-21T05:39:01.000Z,1384743454941409282,"Mass rape &amp; sexual violence is being used as a weapon of war in Tigray, amongst other atrocities. We must learn the lessons of genocide &amp; hold perpetrators accountable. We can‚Äôt let history repeat. #TigrayCantWait
@IntlCrimCourt @mbachelet @UNOSAPG @USIP
https://t.co/cR6ibzPExt",0,0,0,0,Esayas88479464,FALSE,2021-04-16T06:47:40.000Z,Esayas,"",""
1384007795381477381,en,2021-04-21T06:14:03.000Z,1384752269778771968,"Mass rape &amp; sexual violence is being used as a weapon of war in Tigray, amongst other atrocities. We must learn the lessons of genocide &amp; hold perpetrators accountable. We can‚Äôt let history repeat. #TigrayCantWait
@IntlCrimCourt @mbachelet @UNOSAPG @USIP
https://t.co/mr4ZVzzH1S",0,0,0,0,Semrat95336758,FALSE,2021-04-19T04:56:20.000Z,Semrat,house wife,""
1426161822,es,2021-04-21T05:52:34.000Z,1384746865623719938,El #TigrayGenocide se est√° haciendo no solo massacrando a los hombres y ni√±os pero tambi√©n utilizaron la violaci√≥n de mujeres y ni√±a como arma de guerra. @salmahayek @AOC @mbachelet @JosepBorrellF @MexOnu @SusanaMalcorra @MAECgob #TigrayCantWait https://t.co/PxaKd8oGiZ,0,0,0,0,azebtes40,FALSE,2013-05-13T19:07:42.000Z,Azeb tes,"",""
1426161822,fr,2021-04-21T05:53:17.000Z,1384747043697184768,"La violence sexuelle est utilis√©e dans ce conflit comme une arme de guerre. Les vies africaines ne comptent-elles pas pour les autres pays? Pendant 170 jours, vous repoussez le probl√®me au lieu de le r√©soudre. #TigrayCantWait @franceonu @mbachelet @UN
https://t.co/YLEMuWvDDt",0,0,0,0,azebtes40,FALSE,2013-05-13T19:07:42.000Z,Azeb tes,"",""
1426161822,en,2021-04-21T05:51:19.000Z,1384746549167669249,"""There she was kept for eleven days, during which time she was raped repeatedly by 23 men. A group of Eritrean soldiers came to the hospital with the intention of killing the victim."" Weaponized rape must stop.
@mbachelet @franceonu
#TigrayCantWait 
https://t.co/YJ49YxQuHv",0,0,0,0,azebtes40,FALSE,2013-05-13T19:07:42.000Z,Azeb tes,"",""
1426161822,en,2021-04-21T05:51:07.000Z,1384746499515506688,"Ethiopian and Eritrean troops are using #SGBV against Tigrayans to undermine individuals, families, communities, and the entire cultural group. It is an insidious avenue of #TigrayGenocide. Demand @UN-led independent investigations. @mbachelet @GBVAoR1 
https://t.co/10PC48CecZ",0,0,0,0,azebtes40,FALSE,2013-05-13T19:07:42.000Z,Azeb tes,"",""
1426161822,en,2021-04-21T05:48:32.000Z,1384745848446324737,"Mass rape &amp; sexual violence is being used as a weapon of war in Tigray, amongst other atrocities. We must learn the lessons of genocide &amp; hold perpetrators accountable. We can‚Äôt let history repeat. #TigrayCantWait
@IntlCrimCourt @mbachelet @UNOSAPG @USIP
https://t.co/H3jWBEPQu2",0,0,0,0,azebtes40,FALSE,2013-05-13T19:07:42.000Z,Azeb tes,"",""
247475758,und,2021-04-21T05:46:03.000Z,1384745223889186821,@EU_Commission @EUCouncil @EUCouncilPress @SecBlinken @ABlinken @mbachelet @StateDept @ForeignPolicy @ForeignAffairs @CanadaFP @HouseForeign @IsraelMFA @GermanyDiplo @IliaVolkova @SpeakerPelosi @AdamSchiff  @RepAdamSchiff @IsraeliPM @antonioguterres https://t.co/5DSldFtXeA,0,0,0,0,AbeZn1,FALSE,2011-02-04T21:48:29.000Z,Abe ZN,"",""
3344269043,es,2021-04-21T06:13:20.000Z,1384752090958999553,@cata_1933 @mbachelet Muchos/as lo ten√≠an olvidado.,0,0,0,0,Elmas2011Angel,FALSE,2015-06-24T16:31:54.000Z,Miguel A,"Patriota antes que nada !!!
Lema: Chile, para los/las Chilenos/as !!!",""
336021172,es,2021-04-21T05:41:34.000Z,1384744097790021632,@MICHILEQUERIDO3 @SirenaSolcito @mbachelet Par de viejos de mierda criminales.,0,0,0,0,CristianSilvaC,FALSE,2011-07-15T16:32:33.000Z,Cristian Silva C,"",""
541394481,und,2021-04-21T05:43:25.000Z,1384744559771635713,@ONU_es @ONU_derechos @NoticiasONU @OEA_oficial @AmnistiaOnline @hrw_espanol @CIDH @CorteIDH @IntlCrimCourt @mbachelet @opsoms @CICR_es https://t.co/JLEqZKS4Qe,0,0,0,0,aichoron,FALSE,2012-03-31T02:55:38.000Z,Mar√≠a Degli Angeli,"Una metalhead venezolana orgullosa de su terru√±o. Descendiente de ind√≠genas pemones, futura bi√≥loga y enamorada de la naturaleza üåüüåª‚ù§üíÄü§òüå±",""
58660015,es,2021-04-21T06:15:23.000Z,1384752607546183681,@mbachelet Que chucha esta vieja delirante jajaja,0,0,0,0,felipeden,FALSE,2009-07-21T01:31:37.000Z,Felipe üá®üá±,"",""
840686479307333633,en,2021-04-21T05:47:48.000Z,1384745666828771328,"#Iran
    In the latest news, the family of political prisoner ""Mohammad Nourizad"" says that prison officials forcibly injected him with eight vials containing unknown substances into his body.
This crime must be condemned
#StopExecutioninIran @StateDept @MBachelet @eu_eeas https://t.co/cUBeD016Fg",0,0,0,0,arashcaviani,FALSE,2017-03-11T22:10:50.000Z,Arash,"Opposition to the Dictatorial Regime of Iran | Pro #Resistance of Iran
Defender of a #FreeIran led by @Maryam_Rajavi
Human Rights Defender
No War | No Terrorism",https://t.co/SmbKpPCISa
87329627,und,2021-04-21T05:36:39.000Z,1384742857706283008,"@sebastian_gray @ceciliacheco @TarquinoPaspala @ActualidadRT @XHespanol @dw_espanol @carreragonzalo @AldoDuqueSantos @gabrielboric @cgajardop @Chile_Alerta @freddy_stock @rfantuzzih @mbachelet @bbcmundo @CHVNoticias @ValdebenitoNata @teleSURtv @arayamas @lucyanaah @JusticiaFatal @TANACHILE, @cwernerw",0,0,1,0,SIMPSONELECTRON,FALSE,2009-11-04T01:04:00.000Z,SERGIO VILLEGAS,"Del d√©bil el protector,Cat√≥lico,
Antipolitico$$.
Prefiero ser cabeza de Rat√≥n que cola de Le√≥n.",""
890386358656696320,es,2021-04-21T05:49:10.000Z,1384746007867633665,"@Almagro_OEA2015 @LassoGuillermo @ecuarauz @OEA_oficial @LulaOficial @alferdez @MashiRafael @LuchoXBolivia @lopezobrador_ @JosepBorrellF @IntlCrimCourt @mbachelet @NoticiasONU @DEAHQ @StateDept @DeptofDefense @KarimKhanQC @NicolasMaduro https://t.co/48E2ae4EPl
Narco Castro chavismo criminal tiene injerencia y conspiraci√≥n en todos los procesos electorales de Am√©rica con la llamada brisa bolivariana. Alerta Per√∫ no caigan en la tragedia de Venezuela Argentina Bolivia.",0,0,0,0,TIAR2P,FALSE,2017-07-27T01:40:25.000Z,Rep√∫blica de Venezuela,"Profesional de la Ingenier√≠a. Firme defensor de la libertad humana, libre mercado, libre competencia y garantizar seguridad alimentaria, salud y educaci√≥n.",""
916287255492399104,en,2021-04-21T05:45:21.000Z,1384745048974274560,#TigrayGenocide stop. Today. @mbachelet @DominicRaab @HeikoMaas @erna_solberg @Haavisto @JosepBorrellF @JuttaUrpilainen @SecBlinken @JoeBiden @USAmbUN https://t.co/d0UefdsaWP,0,0,0,0,RenaissanceCou1,FALSE,2017-10-06T13:01:20.000Z,Agitate | Agitate | Agitate |,"New Moderator | Tigrai is a Nation | African |
Community Culture | Justice | Scholarship |
Science| Technology | Self-reliance |
 Ethiopia was born in Tigrai |",""
975869821,en,2021-04-21T05:46:18.000Z,1384745286900142081,Concern without action means nothing. Millions are on the verge of dying. Concrete actions that produce results will save our families. When will you INTERVENE? @EstoniaUN @mbachelet @KenyaMissionUN @USAmbUN @SecYellen #StopStarvingTigray #TigrayGenocide https://t.co/LZM1Fd1P3N,0,0,0,0,yohanes25711861,FALSE,2012-11-28T10:49:55.000Z,yohanes tesfa,"Entrepreneur, labtechnology, transportation and delivery software.",https://t.co/YE3vkwxHQa
