author_id,text,id,created_at.x,lang,public_metrics.retweet_count,public_metrics.reply_count,public_metrics.like_count,public_metrics.quote_count,name,description,verified,username,url,created_at.y
10519662,@isabelpla @PepaHoffmann @MujeresUpla @Red_UPLA https://t.co/Wp8fx5AppZ,1381944515993464837,2021-04-13T12:17:02.000Z,und,0,0,0,0,Lorca,Que los corruptos paguen con Pena de muerte,FALSE,carolalorca,"",2007-11-24T13:31:51.000Z
1058460782667710464,"@isabelpla @PepaHoffmann @MujeresUpla @Red_UPLA Se abstuvo,obvio po, si le pueden abrir el caso de violaciÃ³n que tiene su caga de hijo delincuente!",1381707294401044489,2021-04-12T20:34:24.000Z,es,0,0,0,0,Cesar Andres Alvarado Alvarado,"",FALSE,CesarAndresAlv8,"",2018-11-02T20:48:10.000Z
1058460782667710464,"@isabelpla @PepaHoffmann @MujeresUpla @Red_UPLA Enferma de mierda esta mina wn,se abstiene,seguramente es igual de enferma que los pedÃ³filos! Que rabia wn!!",1381706538776150024,2021-04-12T20:31:24.000Z,es,0,0,0,0,Cesar Andres Alvarado Alvarado,"",FALSE,CesarAndresAlv8,"",2018-11-02T20:48:10.000Z
1064250390,"@isabelpla @PepaHoffmann @MujeresUpla @Red_UPLA 1 sola abstenciÃ³n de @PepaHoffmann
En la comisiÃ³n de mujeres y equidad de gÃ©nero en proyecto de ley q busca, una vez mÃ¡s, la imprescriptibilidad d los delitos sexuales. SerÃ¡ que no votaste por que sabes que tu violador hijo podrÃ­a terminar preso como el delincuente que es",1381697416659886083,2021-04-12T19:55:09.000Z,es,1,0,2,0,lexcoy,"",FALSE,LexMillacoy,"",2013-01-05T23:21:31.000Z
111813087,@isabelpla @PepaHoffmann @MujeresUpla @Red_UPLA https://t.co/hbPmz3z2Gw,1381755691912822784,2021-04-12T23:46:43.000Z,und,1,0,0,0,â™¡,Nortina en Santiago,FALSE,akgyom,"",2010-02-06T06:15:43.000Z
111813087,@isabelpla @PepaHoffmann @MujeresUpla @Red_UPLA https://t.co/xSFaJhFYq3,1381755654742892544,2021-04-12T23:46:34.000Z,und,0,0,0,0,â™¡,Nortina en Santiago,FALSE,akgyom,"",2010-02-06T06:15:43.000Z
118785442,@isabelpla @PepaHoffmann @MujeresUpla @Red_UPLA Para proteger al hijo VOLADOR..... https://t.co/lhjtFkK05C,1382159151506292739,2021-04-14T02:29:55.000Z,es,0,0,0,0,EN EL OASIS,ğŸ‡¨ğŸ‡±ğŸ‡¨ğŸ‡±ğŸ‡¨ğŸ‡±ğŸ‡¨ğŸ‡±ğŸ’ªğŸ’ªğŸ’ªğŸ’ª,FALSE,TORO30,"",2010-03-01T19:00:57.000Z
1188167698125086720,@FlorenciaRE @CamiMartinez @jaimeflores_s @PepaHoffmann @jalessandri @javiermacaya @FridaSiKahlo @sergioulloa1 @MMReivindica @siemprexlavida @udipopular @isabelpla https://t.co/wBSrq43rCy,1381946562943795203,2021-04-13T12:25:10.000Z,und,0,0,0,0,YO APRUEBO NUEVA CONSTITUCIÃ“N ğŸ’ğŸ’,Feliz Dignidad Y  PrÃ³spera Nueva ConstituciÃ³nğŸ’ğŸŒ»,FALSE,norasansur62,"",2019-10-26T18:57:27.000Z
1188167698125086720,"@CamiMartinez @PepaHoffmann @jaimeflores_s @jalessandri @javiermacaya @FridaSiKahlo @sergioulloa1 @MMReivindica @siemprexlavida @udipopular @isabelpla Mentirosa deierda, defienden la vida solo hasta que nacen y despuÃ©s que?, Son una lacras",1381946294218985473,2021-04-13T12:24:06.000Z,es,0,0,0,0,YO APRUEBO NUEVA CONSTITUCIÃ“N ğŸ’ğŸ’,Feliz Dignidad Y  PrÃ³spera Nueva ConstituciÃ³nğŸ’ğŸŒ»,FALSE,norasansur62,"",2019-10-26T18:57:27.000Z
1188167698125086720,@isabelpla @PepaHoffmann @MujeresUpla @Red_UPLA Que vergÃ¼enza sus vidas Indecentes de mierda. https://t.co/L9eKmBRzTz,1381940232635957250,2021-04-13T12:00:01.000Z,es,0,0,1,0,YO APRUEBO NUEVA CONSTITUCIÃ“N ğŸ’ğŸ’,Feliz Dignidad Y  PrÃ³spera Nueva ConstituciÃ³nğŸ’ğŸŒ»,FALSE,norasansur62,"",2019-10-26T18:57:27.000Z
1191609421375426560,"@isabelpla @PepaHoffmann @MujeresUpla @Red_UPLA ""Impunidad para violadores"" dice madre de uno! https://t.co/4pshLRKJE2",1381862213254799362,2021-04-13T06:50:00.000Z,es,0,0,0,0,Paula Adams #Apruebo,"#apruebo #renunciapiÃ±era #Conociendomundos #fuerafachos&derecha
#Chile/Sweden #Soy Hija, Hermana, tÃ­a, esposa/marida , Profe educaciÃ³n diferencial.",FALSE,PaulaAd12310921,"",2019-11-05T06:53:30.000Z
1201692826997809152,@negachacon @GitanoTongoyino @isabelpla Lo borraremos y serÃ¡ hermoso!!!!,1382160837318676480,2021-04-14T02:36:37.000Z,es,0,0,0,0,Voly1967 Violeta Beraud Zurita,"PorteÃ±a, PsicÃ³loga, Magister en EducaciÃ³n IDI, Feminista, zurda, #yovotoporJADUEğŸ’œ, gatera 1000%, no acepto fachos ni nazis qls no insistan",FALSE,Voly1967,"",2019-12-03T02:41:27.000Z
1201692826997809152,@JFMack @isabelpla ğŸ™„ğŸ™„ğŸ™„ğŸ¤£ğŸ¤£ğŸ¤£ğŸ¤£ğŸ¤£ğŸ¤£,1382159224113926147,2021-04-14T02:30:12.000Z,und,0,0,0,0,Voly1967 Violeta Beraud Zurita,"PorteÃ±a, PsicÃ³loga, Magister en EducaciÃ³n IDI, Feminista, zurda, #yovotoporJADUEğŸ’œ, gatera 1000%, no acepto fachos ni nazis qls no insistan",FALSE,Voly1967,"",2019-12-03T02:41:27.000Z
122134652,"@IvanValenzuelaU @cgajardop @kikemujica @isabelpla quizÃ¡ podrÃ­amos criticar con la misma vehemencia al gobierno y a los irresponsables... a los 30 mil q devolvieron para Semana Santa, a los q siguen haciendo fiestas, a los 700 q detienen por transitar siendo COVID +.",1380303857708802048,2021-04-08T23:37:39.000Z,es,0,0,0,0,Carolina Albers,"",FALSE,caroalbers,"",2010-03-11T18:14:31.000Z
1224367758978297858,"@isabelpla El gobierno no tiene gente que  quiera asumir cargos debe recurrir a viejos parlamentarios, que saben  que no tienen futuro polÃ­tico  alguno",1379948164388679689,2021-04-08T00:04:15.000Z,es,1,0,6,0,javiercito,Rechazo rechazo rechazo. Anti zurdos,FALSE,javierc38692119,"",2020-02-03T16:23:53.000Z
1230120445694881792,"@isabelpla @PepaHoffmann @MujeresUpla @Red_UPLA MÃ¡s mujeres y mejor polÃ­ticaâ“
Punto 1: eres una pÃ©sima polÃ­tica, de lo peor que ha pasado en cuanto a mujeres en el Congreso. Mejor dedicate a tus paseos por San Antonio ğŸ¤­ğŸ¤­â€¼ï¸
Punto 2:""mÃ¡s mujeres""... incluye a la que tÃº ""HIJO VIOLO"" o te haces la weona.
#pepahoffmann #Chile",1381767062863896576,2021-04-13T00:31:54.000Z,es,0,0,0,0,thecash77,"Chileno,profesional, #YoApruebo orgulloso de lo que soy y de los que me rodean, mi pasion es la cocina y el rock...trabajador y emprendedor gastronomico",FALSE,thecash77,"",2020-02-19T13:22:39.000Z
1239969911356551170,@isabelpla @PepaHoffmann @MujeresUpla @Red_UPLA Y cuando legislar en contra de violadores como su hijo? Hoffmann cerda sin vergÃ¼enza,1381721505453735941,2021-04-12T21:30:52.000Z,es,0,0,0,0,Moni.Mu,ğŸŒğŸ’ğŸ¶,FALSE,MoniMu15,"",2020-03-17T17:40:48.000Z
1253773930835390464,@isabelpla @PepaHoffmann @MujeresUpla @Red_UPLA https://t.co/X1j13LIAnv,1382022037829529602,2021-04-13T17:25:05.000Z,und,0,0,0,0,Chimango,"M   A   R   I   C   H   I   W   E   U


Libertad a TODOS los PRESOS POLÃTICOS !",FALSE,milvagochimango,"",2020-04-24T19:53:07.000Z
125426817,@kokehead @isabelpla Ahh finito. No soy ningÃºn bot.,1379952129721401346,2021-04-08T00:20:00.000Z,es,0,0,0,0,Mago de Oz,Chileno de CorazÃ³n,FALSE,JFMack,"",2010-03-22T19:39:19.000Z
1262110981641175040,@isabelpla @PepaHoffmann @MujeresUpla @Red_UPLA CARAS DE RAJA,1381693858933792773,2021-04-12T19:41:01.000Z,es,0,0,0,0,JJ jĞ´qĞ½aĞ¿Ğ°,"se me marchita el corazÃ³n
























































mi pelo tiene a los fachos con tragedia",FALSE,JAqhana,"",2020-05-17T20:01:28.000Z
1262110981641175040,@isabelpla @PepaHoffmann @MujeresUpla @Red_UPLA WAJAJAJAJA la udi puro que da la cacha,1381693798896521219,2021-04-12T19:40:46.000Z,es,0,0,0,0,JJ jĞ´qĞ½aĞ¿Ğ°,"se me marchita el corazÃ³n
























































mi pelo tiene a los fachos con tragedia",FALSE,JAqhana,"",2020-05-17T20:01:28.000Z
1263536846455398403,"@isabelpla @PepaHoffmann @MujeresUpla @Red_UPLA MÃ¡ndaselo a tu hijo violador, estÃºpida de mierda.",1381660806522286080,2021-04-12T17:29:40.000Z,es,0,0,0,0,Javier Aros,Nones,FALSE,JavierA69547715,"",2020-05-21T18:27:22.000Z
1263865904229646337,@udisantiago @udipopular @Moreno_Fco @crissbastidas @Girealaderecha @jaimeflores_s @dercolto @tatayastarikoff @juanortiz076 @Tono_Coloma @isabelpla @LavinJoaquin https://t.co/13vmrpfvWD,1380021151309631488,2021-04-08T04:54:16.000Z,und,0,0,0,0,Marcelo 192,Amante de los animales y el deporte!!!,FALSE,Marcelo99836418,"",2020-05-22T16:14:57.000Z
1263865904229646337,@isabelpla @PepaHoffmann @MujeresUpla @Red_UPLA https://t.co/HSogfR8sfJ,1380619107016585221,2021-04-09T20:30:20.000Z,und,0,0,0,0,Marcelo 192,Amante de los animales y el deporte!!!,FALSE,Marcelo99836418,"",2020-05-22T16:14:57.000Z
127391899,@isabelpla @PepaHoffmann @MujeresUpla @Red_UPLA Miserable ser humano para proteger a un violador... Ojo para que nunca mÃ¡s se vote a esta basura de la hoffmann,1381716790451920897,2021-04-12T21:12:08.000Z,es,0,0,0,0,claudio andres soto,nacido 1984,FALSE,saez24,"",2010-03-29T02:04:07.000Z
1277372434438651905,@isabelpla @PepaHoffmann @MujeresUpla @Red_UPLA Asquerosa,1381968465406271495,2021-04-13T13:52:12.000Z,es,0,0,0,0,Nehuen Rebolledo,ğŸ‡¨ğŸ‡±,FALSE,NehuenRebolledo,"",2020-06-28T22:45:07.000Z
1278496938711752704,@stylexx @isabelpla Mish apareciÃ³ la que renunciÃ³ tambiÃ©n porque estaba cansada ğŸ¤£ğŸ¤£ğŸ¤£ğŸ¤£ğŸ¤£ğŸ¤£ğŸ¤£,1379952905357246465,2021-04-08T00:23:05.000Z,es,0,0,5,0,Pipo Ed ğŸ³ï¸â€ğŸŒˆ #QuÃ©dateEnCasa,"SureÃ±o ğŸ—», Viajero âœˆï¸ğŸŒ, Estudiante de Ing. En RRHH ğŸ“@la_convergencia ğŸ³ï¸â€ğŸŒˆ #NiUnaMenos ğŸŸ£ #QuÃ©dateEnCasa ğŸ˜ï¸ #AprueboDignidad #FreedomOfExpression",FALSE,EduFelipe_C,"",2020-07-02T01:13:47.000Z
1284968304352923651,@isabelpla estÃ¡n bueno que cuida al viejito de la foto https://t.co/LRLztxak1I,1380215458847203333,2021-04-08T17:46:23.000Z,es,0,0,0,0,roberto lara,piÃ±era #ElPeorGobiernoDeLaHistoriapiÃ±era,FALSE,Robertoanibal82,"",2020-07-19T21:53:59.000Z
128560528,"@javiermacaya @isabelpla Todo se anula al recordar que eres udi, bÃ¡sicamente un delincuente qlio",1380843684070064130,2021-04-10T11:22:43.000Z,es,0,0,0,0,Rodrigo Leon,"",FALSE,ble_leon,"",2010-04-01T13:46:50.000Z
128560528,@jschaulsohn @isabelpla Awww cosita,1380843344041975813,2021-04-10T11:21:22.000Z,es,0,0,0,0,Rodrigo Leon,"",FALSE,ble_leon,"",2010-04-01T13:46:50.000Z
128560528,"@isabelpla Un ministro del trabajo que no ha trabajado jamÃ¡s, un puto parÃ¡sito. CÃ³mo todo udi. La udi es la peor wea que le ha pasado a chile y puta que nos han pasado weas malas, pero de todas nos levantamos, uds son como las callampas despuÃ©s de la lluvia. Pudranse",1380292640596500487,2021-04-08T22:53:04.000Z,es,0,0,0,0,Rodrigo Leon,"",FALSE,ble_leon,"",2010-04-01T13:46:50.000Z
128560528,@isabelpla Otro perro malnacido de la udi,1380136907414372356,2021-04-08T12:34:15.000Z,es,0,0,1,0,Rodrigo Leon,"",FALSE,ble_leon,"",2010-04-01T13:46:50.000Z
1287756628423520261,"@udisantiago @udipopular @Moreno_Fco @crissbastidas @Girealaderecha @jaimeflores_s @dercolto @tatayastarikoff @juanortiz076 @Tono_Coloma @isabelpla @LavinJoaquin #RetiroDel10xCiento 
#TercerReriroAhora
@Senado_Chile @Camara_cl @ProvosteYasna",1379950331669458947,2021-04-08T00:12:51.000Z,und,0,0,1,0,Lale... mÃ¡s ğŸ„ menos ğŸ’Š,"Escribamos nuestra historia..
El desarrollo de la consciencia es la evoluciÃ³n de la sociedad.

#VibraAlto
#18Oct
#Resistencia
#Informatica
#Python
#Web",FALSE,Lale_fk,"",2020-07-27T14:28:51.000Z
129289203,@isabelpla Es broma?? Indolentes!! Son lo peor que le ha pasado a Chile despuÃ©s de pinochet!,1380196675390558210,2021-04-08T16:31:44.000Z,es,0,0,1,0,La vieja confiable. #APRUEBO,La sangre es roja y el â¤ï¸ estÃ¡ a la izquierda. Madre de 2 maravillas ğŸ‘¨â€âš–ï¸ğŸ‘©â€ğŸ”¬ y 2 ğŸ•ğŸ•. Mi objetivo? Luchar hasta que la dignidad se haga costumbre.AgnÃ³stica,FALSE,yoapruebo__,"",2010-04-03T20:19:24.000Z
1299340009112309760,"@isabelpla @PepaHoffmann @MujeresUpla @Red_UPLA Â¿Como es posible que le den tribuna a la miserable de la @PepaHoffmann? La desgraciada ni siquiera cree en justicia para las victimas de violacion, claro, su propio hijo es un violador.",1382041800471363585,2021-04-13T18:43:36.000Z,es,0,0,0,0,Waste Evo,#eth,FALSE,EvoWaste,"",2020-08-28T13:36:24.000Z
132231005,@Tele13_Radio @isabelpla SerÃ­a interesante saber si esa â€œrecomendaciÃ³nâ€ era para paÃ­ses que estaban en un contexto de descontrol del contagio.,1380304089397952518,2021-04-08T23:38:34.000Z,es,2,1,8,0,Michel De L'Herbe,"Emergency Management - DRR Consulting. Formado en US Certificaciones en estado de VA,Chesterfield,FEMA. De regreso en Chile ğŸ‡¨ğŸ‡± Instagram @micheldelherbe",FALSE,MichelDeLHerbe,https://t.co/xm7zwwkPZq,2010-04-12T17:14:18.000Z
1340325670010953729,@isabelpla @PepaHoffmann @MujeresUpla @Red_UPLA Protegiendo los intereses de un hijo VIOLADOR y no de la gente.,1381722178299777027,2021-04-12T21:33:33.000Z,es,1,0,14,0,No se que pija poner,Mi amor por ti arde con la intensidad de mil soles #SEVENTEEN,FALSE,meanie1717,"",2020-12-19T15:59:00.000Z
1359463094704082947,@Tele13_Radio @isabelpla Â¿SerÃ¡ verdad que la @opsomschile recomendÃ³ los permisos de vacaciones y el regreso a clases?,1380307573195345925,2021-04-08T23:52:24.000Z,es,0,0,0,0,Andres Merari Gonzalez,"Emprendedor digital, MBA, Ciudadano de Puerto Varas; admirador de las nuevas TecnologÃ­as InformÃ¡ticas.",FALSE,Andres_Merari_G,"",2021-02-10T11:24:46.000Z
1371854337555763209,@isabelpla @PepaHoffmann @MujeresUpla @Red_UPLA https://t.co/ftLsefME0O,1381778831464411138,2021-04-13T01:18:40.000Z,und,0,0,0,0,Thatboy,"Â Me cago en les fachxs sin pudor.


â€œLa desvalorizaciÃ³n del mundo humano crece en razÃ³n directa de la valorizaciÃ³n del mundo de las cosasâ€.",FALSE,Thatboy27225928,"",2021-03-16T16:02:29.000Z
1381789998,@IvanValenzuelaU @jorgenavarretep @JoignantAlfredo @kikemujica @matiasdelrio @paulaescobarch @CristianValdivi @cbofillr @isabelpla @PANCHOSAAVEDRA @panchovidal @KevinFelgueras @alejandramatus @mirnaschindler @yasnalewin @rafa_cavada @PiensaPrensa @oscarcaceres @gonzalomuller https://t.co/s2pEkplYsA,1383785704807825409,2021-04-18T14:13:16.000Z,und,2,0,2,0,#PamelaJilesDiputada,"Diputada electa x mis sinmonea, mis abuelas sexys, mi fleto-power para terminarles la fiesta y el robo a los poderosos, y revelar todo lo que oculta la Ã©lite.",TRUE,PamJiles,https://t.co/0zNU9FxLRD,2013-04-26T12:31:39.000Z
1381789998,@maxcolodro @MarcoMorenoP @mirkomacari @jorgenavarretep @tomasmosciatti @jananeme @mirnaschindler @negrominay @matiasdelrio @yasnalewin @isabelpla @gonzalomuller @paulaescobarch @mpazepelman @alejandramatus @consuelosaav @alvarez_monse @IvanValenzuelaU @rafa_cavada @cbofillr https://t.co/6WFhN0yOVZ,1383101049137983495,2021-04-16T16:52:41.000Z,und,0,0,1,0,#PamelaJilesDiputada,"Diputada electa x mis sinmonea, mis abuelas sexys, mi fleto-power para terminarles la fiesta y el robo a los poderosos, y revelar todo lo que oculta la Ã©lite.",TRUE,PamJiles,https://t.co/0zNU9FxLRD,2013-04-26T12:31:39.000Z
1436340060,"@isabelpla @PepaHoffmann @MujeresUpla @Red_UPLA https://t.co/rEjP409hTd Vota, deja de abstenerte rucia chanta, pa eso se te paga",1381688529961562117,2021-04-12T19:19:50.000Z,es,0,1,4,0,Diego Machuca,"",FALSE,diego_machuca_f,"",2013-05-17T18:25:15.000Z
149183191,"Los @udipopular 
@javiermacaya @LavinJoaquin @evelynmatthei @isabelpla @PepaHoffmann 

Quieren mandar al TC el tercer retiro 
Hay que ser muy cara de raja cuando es nuestra plata 
Uss han vivido del estado dÃ©cadas y cual a sido su aporte CERO NADA",1380143803894497283,2021-04-08T13:01:39.000Z,es,0,0,0,0,Orlando,No todo lo que lea es cierto,FALSE,orlandoeriveros,"",2010-05-28T16:40:52.000Z
171203675,"@isabelpla @PepaHoffmann @MujeresUpla @Red_UPLA @PepaHoffmann SUCIA !!!! queriendo cubrir lo que es de conocimiento pÃºblico acerca de lo que engendra votando en contra de un proyecto que prescribe las violaciones, una vez + pensando en ella y no en la gente . Sucia !",1381738465096839168,2021-04-12T22:38:16.000Z,es,0,0,10,0,Rogert...!!!,Cada dÃ­a me doy cuenta que hay personas falsas con las que lamentablemente debes lidiar por ello amo a mi perrita que es incondicional â¤ï¸,FALSE,rloncon,"",2010-07-26T20:23:26.000Z
172750415,"@isabelpla JA!
#ParensuWebeo
#EstamosChatos",1380085755977072642,2021-04-08T09:10:59.000Z,und,0,0,0,0,I'm MeloMan,"Chileno de ğŸ’™
Hombre Ãštil y Feliz. Votante, Colaborador Social, Opinante, Participativo y Alegador. 
Ser Feliz es mi Color de Identidad",FALSE,MatusPabloS,"",2010-07-30T14:26:42.000Z
176264313,@isabelpla Otro rufiÃ¡n mÃ¡s ? CaerÃ¡n todos hijos de puta.,1380152698675326982,2021-04-08T13:37:00.000Z,es,0,0,1,0,Diego_Viajero ğŸ‘½ âœŠ,"100% humanista
Apasionao 
Cuequero de corazÃ³n
Amor y respeto a los buenos Musicos 
Encantado de la diversidad.
Contador pÃºblico y auditor de profesiÃ³n",FALSE,DiegoMunoz1105,"",2010-08-09T01:53:17.000Z
181832176,"@Tele13_Radio @isabelpla Mi abuela decÃ­a... ""nadie, nadie mejor que la dueÃ±a de casa, sabe lo que pasa en la casa..."" Solo lo recordÃ©.",1380307327048372231,2021-04-08T23:51:26.000Z,es,0,0,0,0,Alejandra Donoso â¤ï¸ğŸŒµğŸŒ¸ğŸ’®ğŸµï¸ğŸŒ¹ğŸ¥€ğŸŒºğŸŒ»ğŸŒ¼ğŸŒ·ğŸŒµâ¤ï¸,"â¤ï¸Mi familia, mi jardÃ­n y Hercai...â¤ï¸",FALSE,kital2004,"",2010-08-23T04:34:28.000Z
185664926,"@javiermacaya @isabelpla Pero tÃº partido estÃ¡ en contra del tercer retiro %????
No entiendo la lÃ³gica",1380711840582397952,2021-04-10T02:38:49.000Z,es,0,0,0,0,SÃºper YOğŸ”¥,"Una vez aparecÃ­ en las pÃ¡ginas Sociales del Mercurio

voy por la izquierda â†™ï¸

ğŸ¶ğŸ§",FALSE,super_yoo,"",2010-09-01T14:56:38.000Z
185664926,@isabelpla Lo mÃ¡s seguro que con sus convicciones lo haga pÃ©simo es un mal nombramiento de parte de SebastiÃ¡n PiÃ±era,1379949767346765826,2021-04-08T00:10:37.000Z,es,0,0,3,0,SÃºper YOğŸ”¥,"Una vez aparecÃ­ en las pÃ¡ginas Sociales del Mercurio

voy por la izquierda â†™ï¸

ğŸ¶ğŸ§",FALSE,super_yoo,"",2010-09-01T14:56:38.000Z
196847109,@isabelpla @PepaHoffmann @MujeresUpla @Red_UPLA https://t.co/Zi32fEc9sz,1381744976074248193,2021-04-12T23:04:08.000Z,und,2,0,0,0,Â¡Oye!... Â¿y?,"Si no hay justicia para el pueblo, que no haya paz para el gobierno.",FALSE,Yo_Flacuchento,"",2010-09-30T01:33:43.000Z
205002358,@isabelpla @PepaHoffmann @MujeresUpla @Red_UPLA Protegiendo al hijo violador estÃ¡ Cerda ojalÃ¡ nÃºnca mas la gente te vote Ya estamos harto de ti.,1381700132668809216,2021-04-12T20:05:57.000Z,es,1,0,57,0,ramiro muÃ±oz  jara,"Apruebo convenciÃ³n constitucionalâœŠâœŠ
Anti FachoğŸš«
padre de una princesa y marido  de mi amor eterno. simplemente una persona feliz.",FALSE,Ramiro_83_,"",2010-10-19T23:18:56.000Z
216006544,@isabelpla @PepaHoffmann @MujeresUpla @Red_UPLA Violador es y serÃ¡ siempre... ğŸ‘Œ tu voto no lo liberara de la culpa ğŸ˜˜,1381724005460283396,2021-04-12T21:40:48.000Z,es,0,0,23,0,Ale_CD ğŸ’™ğŸ˜‰,"Sufro cierto grado d locura, pero no existe genio q no lo tenga. Tengo un desordenado amor x la mÃºsica. Vivo rodeado d gente y amo mi actual trabajo.",FALSE,Alecuevasdonoso,"",2010-11-15T14:59:47.000Z
245385350,@Rolivar42739438 @isabelpla Cero conexion con la realidad de la gente comÃºn y corriente.,1381462041064579075,2021-04-12T04:19:51.000Z,es,0,0,0,0,Bolton de Derecha y punto nada de cuentos.ğŸ‡¨ğŸ‡±ğŸ‡ªğŸ‡¸,De Derecha y no medios tintes! asÃ­ son mis comentarios le guste o No. Muy de DERECHA Ãºltimamente a veces no Tanto. Voy y apaÃ±o a los Amigos.  ğŸ‡¨ğŸ‡± ğŸ‡ªğŸ‡¸,FALSE,boltonjorquera,"",2011-01-31T15:39:07.000Z
245385350,"#EstadoNacional @isabelpla sin renunciar a como pensamos! Ud para poder ser Ministra renunciÃ³ a cada valor polÃ­tico, Ã©tico, moral valores, que sostuvo hasta antes de tener poder.",1381459449676726276,2021-04-12T04:09:33.000Z,es,0,1,0,0,Bolton de Derecha y punto nada de cuentos.ğŸ‡¨ğŸ‡±ğŸ‡ªğŸ‡¸,De Derecha y no medios tintes! asÃ­ son mis comentarios le guste o No. Muy de DERECHA Ãºltimamente a veces no Tanto. Voy y apaÃ±o a los Amigos.  ğŸ‡¨ğŸ‡± ğŸ‡ªğŸ‡¸,FALSE,boltonjorquera,"",2011-01-31T15:39:07.000Z
245385350,#EstadoNacional que asertivo #Eyzaguirre para explicar lo que pasa en #Chile y como lee la politiquerÃ­a existente. La Sra.   @isabelpla con la papa aun cuando habla... me carga por que mierda existe gente asÃ­ aÃºn.,1381455514631077890,2021-04-12T03:53:55.000Z,es,0,0,1,0,Bolton de Derecha y punto nada de cuentos.ğŸ‡¨ğŸ‡±ğŸ‡ªğŸ‡¸,De Derecha y no medios tintes! asÃ­ son mis comentarios le guste o No. Muy de DERECHA Ãºltimamente a veces no Tanto. Voy y apaÃ±o a los Amigos.  ğŸ‡¨ğŸ‡± ğŸ‡ªğŸ‡¸,FALSE,boltonjorquera,"",2011-01-31T15:39:07.000Z
252260750,"@isabelpla Nooooooooo
Que mal todo!!!!!",1379979059724230657,2021-04-08T02:07:01.000Z,es,0,0,1,0,MarÃ­a Teresa Lorca,"",FALSE,mtlcocker,"",2011-02-14T20:51:17.000Z
263020442,Chile aprende de este grito de ayuda!! @latercera @biobio @meganoticiascl @melnicksergio @JMilei @joseantoniokast @hiranechecho @pepe_auth @maylwino @evopoli @RNchile @AgriculturaFM @sergioulloa1 @nachopereza74 @ipoduje @isabelpla @ignaciobriones_ @IvanValenzuelaU https://t.co/MNIqA8ihNq,1384322453787271170,2021-04-20T01:46:07.000Z,es,1,0,1,0,Paulina Rocha,"Por un paÃ­s libre de terrorismo y narcotrÃ¡fico,lejos de PC y los progres",FALSE,polyrocha,"",2011-03-09T06:12:13.000Z
2699217710,"""PolÃ­tica tambiÃ©n ha sido responsable del populismo, tenemos una polÃ­tica ensimismada, hablando de sus propias preocupaciones, y postergando decisiones en temas que le duelen al paÃ­s, como el Sename, pensiones y muchos mas"", dice @isabelpla en #MiradaLiberoenAgricultura",1382340226803175424,2021-04-14T14:29:27.000Z,es,0,0,0,0,El LÃ­bero,La realidad como no la habÃ­as visto.,TRUE,elliberocl,https://t.co/zm86Ph4Wui,2014-08-01T21:39:51.000Z
2699217710,"""La ex ConcertaciÃ³n, en vez de defender su obra y de lo que significaron 25 aÃ±os de gobierno, prefiriÃ³ ceder esa interpretaciÃ³n al partido comunista. Me parece importante no frivolizar un posible gobierno del PC o del FA"", dice @isabelpla en #MiradaLiberoenAgricultura",1382337152021884928,2021-04-14T14:17:14.000Z,es,1,1,1,0,El LÃ­bero,La realidad como no la habÃ­as visto.,TRUE,elliberocl,https://t.co/zm86Ph4Wui,2014-08-01T21:39:51.000Z
2699217710,"Comenzamos una nueva ediciÃ³n de #MiradaLiberoenAgricultura. Hoy @MaidaOlea conversa con @michelelabbe e @isabelpla sobre el escenario polÃ­tico y econÃ³mico. Luego, junto a @ErnestoSilvaM conversa del proyecto del 10%. MÃ­ranos x streaming en https://t.co/r5Sf3dPhcU y @AgriculturaFM https://t.co/mh7h7l2WzB",1382335383346802689,2021-04-14T14:10:12.000Z,es,1,8,10,1,El LÃ­bero,La realidad como no la habÃ­as visto.,TRUE,elliberocl,https://t.co/zm86Ph4Wui,2014-08-01T21:39:51.000Z
2883507543,@isabelpla @PepaHoffmann @MujeresUpla @Red_UPLA Das asco @PepaHoffmann ğŸ¤®,1381688125303484419,2021-04-12T19:18:14.000Z,pt,0,0,0,0,Criss,Cocinero Chileno.,FALSE,crisskuuk,"",2014-11-19T02:29:57.000Z
2970469689,"@isabelpla Chuuuuuuuuta, parece que se te oxigenaron las neuronas!   Este lame fusiles y adorador del psicÃ³pata de Pinochet es serio polÃ­ticamente?   Su trayectoria de sanguijuelas del estado dices tu?   Te sale mejor el quedarte calladita parece!",1380164344424624136,2021-04-08T14:23:16.000Z,es,0,0,0,0,Viviana Valenzuela Lira,Zurda roja intensa y feliz,FALSE,vivivalira56,"",2015-01-09T22:15:27.000Z
300545390,@isabelpla @jmanuelbengolea Jajajajjajajajsjsjsj,1379963200171565056,2021-04-08T01:04:00.000Z,it,0,0,1,0,Carlos Romero H.,Ingeniero forestal,FALSE,CarlosRomeroH,"",2011-05-17T23:17:38.000Z
305379758,@isabelpla Cual seria el aporte para el trabajador?,1380349451005530123,2021-04-09T02:38:49.000Z,es,0,0,1,0,Luis CASTILLO,"â€œServirse de un cargo pÃºblico para enriquecimiento personal resulta no ya inmoral, sino criminal y abominable.â€",FALSE,lugacastillo,"",2011-05-26T03:26:00.000Z
3098153638,@isabelpla @PepaHoffmann @MujeresUpla @Red_UPLA Eres una vergÃ¼enza al igual que tÃº hijo VIOLADOR,1381720888513605635,2021-04-12T21:28:25.000Z,es,0,0,0,0,Mtbiker,"",FALSE,mtbikerxc,"",2015-03-20T01:07:15.000Z
3129768538,"ğŸ“»La Ãºltima conversaciÃ³n del dÃ­a comienza en #PÃ¡gina13 junto a @IvanValenzuelaU, @kikemujica, @isabelpla y @cgajardop.

#EsHoraDeEscucharnos â–¶ï¸https://t.co/sxtxAeHO4e https://t.co/8VEOIsVr3Y",1380296176021426183,2021-04-08T23:07:07.000Z,es,0,0,0,0,Tele13 Radio,"#EsHoraDeEscucharnos. Facebook: Tele13Radio. ğŸ“·https://t.co/BATyzqIDFE ğŸ¥ Youtube: https://t.co/cx4sVBvUhg
InscrÃ­bete a #NotaDeVoz en https://t.co/q8o3g1xcyO",TRUE,Tele13_Radio,https://t.co/jjr7zBynVs,2015-03-30T19:30:32.000Z
3129768538,"ğŸ“»#PÃ¡gina13 | @isabelpla: â€œÂ¿Hasta cuÃ¡ndo vamos a vivir con medidas excepcionales? O definitivamente nos readaptamos y empezamos a vivir una nueva normalidad, entendiendo que tenemos que convivir con el virus, pero que no podemos detener nuestras vidasâ€.

ğŸ”´https://t.co/sxtxAeHO4e https://t.co/7QHjBpaQqN",1380300975358013441,2021-04-08T23:26:11.000Z,es,0,0,2,0,Tele13 Radio,"#EsHoraDeEscucharnos. Facebook: Tele13Radio. ğŸ“·https://t.co/BATyzqIDFE ğŸ¥ Youtube: https://t.co/cx4sVBvUhg
InscrÃ­bete a #NotaDeVoz en https://t.co/q8o3g1xcyO",TRUE,Tele13_Radio,https://t.co/jjr7zBynVs,2015-03-30T19:30:32.000Z
3129768538,"ğŸ“»#PÃ¡gina13 | Manejo de la pandemia

@isabelpla: â€œEl gobierno ha hecho su mejor esfuerzo y ha reconocido cuando ha cometido errores y los ha enmendado. El permiso de vacaciones fue una recomendaciÃ³n de la OMS, lo mismo el regreso a clasesâ€.

ğŸ”´https://t.co/sxtxAeqcFE https://t.co/tffoV9JwaS",1380302948429754372,2021-04-08T23:34:02.000Z,es,2,4,2,0,Tele13 Radio,"#EsHoraDeEscucharnos. Facebook: Tele13Radio. ğŸ“·https://t.co/BATyzqIDFE ğŸ¥ Youtube: https://t.co/cx4sVBvUhg
InscrÃ­bete a #NotaDeVoz en https://t.co/q8o3g1xcyO",TRUE,Tele13_Radio,https://t.co/jjr7zBynVs,2015-03-30T19:30:32.000Z
3129768538,"ğŸ“»#PÃ¡gina13 | Manejo de la pandemia

@isabelpla: â€œEl gobierno ha hecho su mejor esfuerzo y ha reconocido cuando ha cometido errores y los ha enmendado. El permiso de vacaciones fue una recomendaciÃ³n de la OMS, lo mismo el regreso a clasesâ€.

â–¶ï¸https://t.co/eUR4yzR36U https://t.co/tJdTbNSXVM",1380620280737972228,2021-04-09T20:35:00.000Z,es,0,0,0,0,Tele13 Radio,"#EsHoraDeEscucharnos. Facebook: Tele13Radio. ğŸ“·https://t.co/BATyzqIDFE ğŸ¥ Youtube: https://t.co/cx4sVBvUhg
InscrÃ­bete a #NotaDeVoz en https://t.co/q8o3g1xcyO",TRUE,Tele13_Radio,https://t.co/jjr7zBynVs,2015-03-30T19:30:32.000Z
319423927,@isabelpla CÃ¡llate weona!,1380014566009143298,2021-04-08T04:28:06.000Z,es,0,0,2,0,adriana rojas,"#PrimeraLineaJadue 
Fanatica de The Beatles, Macca y los gatos ğŸ˜»ğŸ˜»ğŸ˜»",FALSE,adriana_rojas5,"",2011-06-18T02:59:35.000Z
3198920555,"@isabelpla  buenos dÃ­as, la escucho en la radio, la campaÃ±a del terror es una estrategia aÃ±eja para estos tiempos, es culpa de la mala polÃ­tica el surgimiento de los populista, que autÃ³critica realiza usted, como ex ministra tendrÃ¡ alguna responsabilidad !!!",1382339958707531782,2021-04-14T14:28:23.000Z,es,0,0,0,0,jorge valdes,"Logistica y Transportes, el trato si importa !!!",FALSE,jorgeval71,"",2015-04-23T19:10:36.000Z
331257093,"@elliberocl @MaidaOlea @michelelabbe @isabelpla @ErnestoSilvaM @AgriculturaFM Muy entretenido el programa, gracias.",1382346249140113414,2021-04-14T14:53:23.000Z,es,0,0,0,0,Una nueva consciencia,"Strategic weapons engineer. Us navy Seal. Verdad, Honor y Dignidad. Buenas ideas, por sobre ideologÃ­as. Mi amor y felicidad no dependen de nada y nadie. NamastÃ©",FALSE,sergioulloa1,"",2011-07-07T22:02:50.000Z
34307503,@isabelpla @PepaHoffmann @MujeresUpla @Red_UPLA https://t.co/V8uL3Q0xUi,1382031745084764161,2021-04-13T18:03:39.000Z,und,0,0,2,0,Serenafilms,"Creando historias, contando sueÃ±os.",FALSE,serenafilms,http://t.co/yL0Zb0i8D8,2009-04-22T15:49:36.000Z
38055717,@isabelpla @PepaHoffmann @MujeresUpla @Red_UPLA Te abstuviste de votar por algo necesario pero para subirte el sueldo saltas altiro maldita zÃ¡ngana del estado!!!! Ojala caigas pronto tu y tu hijo violador,1381720533000204288,2021-04-12T21:27:00.000Z,es,0,0,20,0,the dark cat,"abeja obrera de corazÃ³n , esperando que el mundo mejore algÃºn dÃ­a, por mientras empezamos por uno mismo, Namaste ğŸ™ğŸ»",FALSE,tabimom,"",2009-05-05T23:45:51.000Z
407778732,@isabelpla @PepaHoffmann @MujeresUpla @Red_UPLA Pateticas y nefastas!,1381947822581354496,2021-04-13T12:30:10.000Z,es,0,0,0,0,la venenito,"directa y sin filtro, no me responsabilizo por tus emocioneh peazo de m4ric0n, lo que digan de mi... serÃ¡ sereno pa mi coÃ±o!",FALSE,laVnenito,"",2011-11-08T14:55:31.000Z
44766781,"@isabelpla @PepaHoffmann @MujeresUpla @Red_UPLA Creo q te queda grande el lema MÃ¡s mujeres ... ya que no votaste por el proyecto de equidad de gÃ©nero que declara la imprescriptibilidad de los delitos sexuales,  aunque no sea contra menores de edad. Por que serÃ¡ que no votaste ? Algun familiar a quien cuidar ??",1381726763764613124,2021-04-12T21:51:46.000Z,es,2,0,29,0,Carlita,"ğŸ”¬Estudiante  ğŸ‘©ğŸ»â€âš•ï¸ğŸ™‹ğŸ»â€â™€ï¸voluntaria en Cruz roja EspaÃ±ola ğŸ‡ªğŸ‡¸ Cuidadora de la tierra, niÃ±os y sus animales.",FALSE,carlilu,"",2009-06-04T23:56:28.000Z
4863987988,@isabelpla Seriedad polÃ­tica???? Me estas web...???,1379954990429712384,2021-04-08T00:31:22.000Z,es,0,0,1,0,Jorge Espinoza,"Bacheletista Furioso
#nomasafp
#yoapruebo ğŸ‡¨ğŸ‡±",FALSE,Jorgeesval,"",2016-01-30T14:27:03.000Z
52484425,"@pdvn Los csm de la oposicion cuando bachellet fue presidenta la hicieron cagar en un caso q no era ni ella, me imagino como hubieren sido ahora si son unos csm q no quieren q la gente saque su propia plata de las afp para salvarse o no @isabelpla?",1380991789528649730,2021-04-10T21:11:14.000Z,es,0,0,0,0,fernando bustos,"Alma, corazÃ³n y paz ğŸ˜‰â™¥ï¸",FALSE,3ck_one,"",2009-06-30T19:01:03.000Z
538771425,@isabelpla @PepaHoffmann @MujeresUpla @Red_UPLA https://t.co/NSl3FoxWFA,1382433548758609921,2021-04-14T20:40:17.000Z,und,0,0,0,0,carloswladimir,"",FALSE,xwokitokix,"",2012-03-28T03:24:29.000Z
557307664,@isabelpla @PepaHoffmann @MujeresUpla @Red_UPLA https://t.co/X7YArzHfvk,1383082843669200899,2021-04-16T15:40:21.000Z,und,0,0,0,0,Rulo Roco,yo,FALSE,RUDITOLOY,"",2012-04-18T23:27:32.000Z
58211113,@MichelDeLHerbe @Tele13_Radio @isabelpla Y no ha reconocido los errores y mucho menos los ha enmendado. Todo lo contrario. Han sido las cifras abrumadoras las que obligan a tomar nuevas decisiones apresuradad,1380323549026607108,2021-04-09T00:55:53.000Z,es,0,0,0,0,RSR,"Si quieres que las cosas cambien, porquÃ© sigues haciendo lo mismo?",FALSE,UMrenegade,"",2009-07-19T14:50:54.000Z
64254430,@isabelpla @javiermacaya @MujeresUpla @Red_UPLA Como pueden andar tranquilo por la vida HDPsabiendo que muchos padres estanpasando miserias junto a.sus hijosyustedes zanganos esta encontradesacarnuestra plataparapoder darleunmejor pasar a nuestros hijos en esta pandemiamuchos sin trabajo y ustedes trabajando gracias a nosotros,1381461259191775233,2021-04-12T04:16:45.000Z,es,0,0,0,0,jorge garcia,"Cada segundo de tu vida es un minuto de tu Historia!....pero sencillo y alegre....toda mala vibra, pasa de largo por estos lados..!!!!",FALSE,cokegarcia,"",2009-08-09T21:07:18.000Z
725700033362989056,@isabelpla Trayectoria polÃ­tica ?adulador y Perkin del dictador.,1379967983381004288,2021-04-08T01:23:00.000Z,es,0,0,1,0,HernÃ¡n GonzÃ¡lez C.,Padre- amante del fÃºtbol- crÃ­tico social- insoportablemente vivo- Colocolino- trabajador- rockero. #YOAPRUEBO #NUEVACONSTITUCIÃ“N,FALSE,nanogonzalezpro,"",2016-04-28T14:55:45.000Z
741861760093806592,@isabelpla @PepaHoffmann @MujeresUpla @Red_UPLA Cuidado que lo handan buscando jaja masacre con los violadores https://t.co/wPbjFX3YxA,1383373853506695168,2021-04-17T10:56:43.000Z,es,0,0,0,0,Mauricio carrion,"",FALSE,Maurici02077139,"",2016-06-12T05:16:41.000Z
781373150,"@elliberocl @RobinsonRR2456 @isabelpla Isabel Pla Jarufe.
1er gobierno PiÃ±era: ""los protocolos de aborto se mantendrÃ¡n"".

Abortista como PiÃ±era.

Lobos con piel de oveja.

Libero, gracias por mostrar su verdadera cara. PiÃ±eristas",1382341155753488387,2021-04-14T14:33:08.000Z,es,0,0,0,0,Roberto Finat DÃ­az RECHAZO tiranÃ­a ONU que avanza.,"Chile Libre.
CatÃ³lico. Chileno. 1953.
Por una Barrera contra el Comunismo.",FALSE,RobertoFinat,https://t.co/0euqeixNpt,2012-08-26T00:27:49.000Z
804054739,"@isabelpla @PepaHoffmann @MujeresUpla @Red_UPLA Protegiendo al violador de tu hijo? que asco das, ğŸ¤® ğŸ¤® ğŸ¤®! #PepaTuHijoEsViolador",1381707128575033346,2021-04-12T20:33:44.000Z,es,0,0,1,0,GaBrieL,tengo insomnio gran parte de las veces y me considero una persona feliz ğŸ˜Œ pese a todo ğŸ¤·ğŸ»â€â™‚ï¸ #ACAB âš«ï¸âšªï¸âš«ï¸âšªï¸,FALSE,gtblazy,"",2012-09-05T07:12:25.000Z
834605006494040066,"@arieldianich @isabelpla @PepaHoffmann @MujeresUpla @Red_UPLA @PepaHoffmann  me quedo clarito su argumento para su abstencion, saludos cordiales",1382112650780409856,2021-04-13T23:25:09.000Z,es,0,0,1,0,Mariana.andrea,"",FALSE,Mariana04567290,"",2017-02-23T03:25:14.000Z
834605006494040066,"@isabelpla @PepaHoffmann @MujeresUpla @Red_UPLA Nunca llegarÃ¡s a un cargo de nuevo, jamÃ¡s se olvidarÃ¡ esta traiciÃ³n, porque serÃ¡ que apoya violadores ? Hay que investigar de manera profunda ğŸ¤”",1382112348975009793,2021-04-13T23:23:57.000Z,es,0,0,1,0,Mariana.andrea,"",FALSE,Mariana04567290,"",2017-02-23T03:25:14.000Z
876169885537140738,@isabelpla @PepaHoffmann @MujeresUpla @Red_UPLA Madre de violador,1381739633843769347,2021-04-12T22:42:54.000Z,es,0,0,0,0,Sebastian Lopez,"fan idols
fan lucha libre
fan de la vida",FALSE,sebastianwota,"",2017-06-17T20:09:13.000Z
87740966,"@isabelpla @PepaHoffmann @MujeresUpla @Red_UPLA Es la mamÃ¡ de un violador, que mÃ¡s se puede pedir. Le queda grande el cargo",1381729484827680769,2021-04-12T22:02:35.000Z,es,0,0,1,0,Poo,"MamÃ¡, esposa, marketera, gozadora, amante del sur.

Cuando cierro los ojos. Despierte donde despierte, si tengo a mi familia, soy inmensamente feliz â¤",FALSE,ZEIGEP01,"",2009-11-05T17:46:15.000Z
887403153695571973,@isabelpla ğŸ¤£,1379966477378404359,2021-04-08T01:17:01.000Z,und,0,0,1,0,Alexis Ceballos.'.,"Twitter Oficial Alexis Ceballos. Empresario, Ignaciano y PolÃ­tico. Fundador @democratas_cl. Palma de Mallorca. #YoMeVacuno",FALSE,aceballospdc,https://t.co/c1W0gqltH5,2017-07-18T20:06:13.000Z
892653330152947713,@isabelpla @javiermacaya @MujeresUpla @Red_UPLA Sale patuda,1380627595130236934,2021-04-09T21:04:04.000Z,es,0,0,3,0,Yolandagalazt,pintora brocha gorda y flaca,FALSE,yolandagalazt,"",2017-08-02T07:48:33.000Z
892653330152947713,"@isabelpla @PepaHoffmann @MujeresUpla @Red_UPLA NO PANDEMIA ES GENOCIDIO
X MALAS DECISIONES D DERECHA
CHILE ESTA SOLO
CHILE SIN PRESIDENTE
NO BONO HOGARES ES BONO CASAS NO IMPORTA SI ERES ARRENDATARIA
ALLEGADA T METEN EN EL MISMO SACO
GOBIERNO D NECIOS
TERCER RETIRO ASI COMO VAMOS TODOS  MUERTOS 
Q PENSIÃ“N ESTAREMOS ENTERRADOS",1380655942505791488,2021-04-09T22:56:42.000Z,es,0,0,0,0,Yolandagalazt,pintora brocha gorda y flaca,FALSE,yolandagalazt,"",2017-08-02T07:48:33.000Z
892653330152947713,"@CamiMartinez @jalessandri @jaimeflores_s @PepaHoffmann @javiermacaya @FridaSiKahlo @sergioulloa1 @MMReivindica @siemprexlavida @udipopular @isabelpla LAS DEL SENAME?
Q asco tuinoria incomoda",1379962982956941315,2021-04-08T01:03:08.000Z,es,0,0,0,0,Yolandagalazt,pintora brocha gorda y flaca,FALSE,yolandagalazt,"",2017-08-02T07:48:33.000Z
921327711410376704,@isabelpla @PepaHoffmann @MujeresUpla @Red_UPLA Si si claro!! Te creemos ğŸ¤® https://t.co/41hWTXy1JU,1381781511226191877,2021-04-13T01:29:19.000Z,es,1,1,6,0,Dani PeÃ±a,verde que te quiero verde ğŸ’š,FALSE,Daniela36564496,"",2017-10-20T10:50:18.000Z
944947880992886785,@isabelpla @PepaHoffmann @MujeresUpla @Red_UPLA .... https://t.co/GQzVNGQRN2,1381749590886600709,2021-04-12T23:22:28.000Z,und,4,1,6,0,Ã‚ğ–’ğ–Š ğ•¯'ğ–Šğ–“ğ–‹ğ–†ğ–“ğ–™ ğ•¿ğ–†ğ–™ğ–™ğ–”ğ–”. â™ ï¸,"",FALSE,arieldianich,"",2017-12-24T15:08:25.000Z
958854275471495169,"@isabelpla Isa please,  stop it!! No sigas ğŸ™",1379964005398233088,2021-04-08T01:07:12.000Z,en,0,0,1,0,VivianağŸ’œ,ABBA _ Agnetha forever your fanğŸ’•â¤ï¸ğŸ’,FALSE,Viviana00442871,"",2018-02-01T00:07:28.000Z
970784821751447558,"@isabelpla @PepaHoffmann @MujeresUpla @Red_UPLA Como.ministra de la.mujer sera recordada por....? 
Pla un chiste.
Y pepita que asco de persona que eres.",1381710628709105673,2021-04-12T20:47:39.000Z,es,0,0,0,0,Pablo vieras catalan,"Gamer padre de Bastian. 
De izquierda. 
Anti derechistes. #PiÃ±erachupalo #KastChupalotb
Los pacos son una mala plaga!",FALSE,vieras_pablo,"",2018-03-05T22:15:12.000Z
970784821751447558,@javiermacaya @isabelpla Macaya el chiste cuenta solo.aprovechamiento politico ğŸ¤£ğŸ¤£ğŸ¤£,1381710272583335937,2021-04-12T20:46:14.000Z,es,0,0,0,0,Pablo vieras catalan,"Gamer padre de Bastian. 
De izquierda. 
Anti derechistes. #PiÃ±erachupalo #KastChupalotb
Los pacos son una mala plaga!",FALSE,vieras_pablo,"",2018-03-05T22:15:12.000Z
974436600875814912,"@isabelpla @PepaHoffmann @MujeresUpla @Red_UPLA cara de raja, todo por tu incapacidad de crÃ­ar bien a tu hijo, tu abstenciÃ³n, Pepa, estÃ¡ manchada con conflictos de interÃ©s, deberÃ­an inhabilitarte, porque tu solita no lo harÃ­as ni cagando, porque amas vivir del estado, no tienes otra habilidad mÃ¡s que abrir las piernas https://t.co/za6m99RvlI",1381703231231954945,2021-04-12T20:18:15.000Z,es,0,0,1,0,feliğŸ–•ğŸ¼,"",FALSE,ffventeslyng,"",2018-03-16T00:06:04.000Z
