author_id,text,id,lang,created_at.x,public_metrics.retweet_count,public_metrics.reply_count,public_metrics.like_count,public_metrics.quote_count,description,name,username,url,verified,created_at.y
1036050904317915136,@mariseka @PrensaPCdeChile @Diputados_PC @daniel_nunez_a @PCdeChile @ValeMirandaCC @KarolCariola @carmen_hertz @jjcc_chile @DiputadoMoraga @luiscuellop Muchas gracias por tus palabras y reclamo virtual. Gracias con eso solucionamos el problema. Tu lucha virtual nos ayuda a seguir la lucha.,1384649200982495233,es,2021-04-20T23:24:29.000Z,0,0,0,0,"Esposo,padre, independiente,zurdo a morir, trato en la medida de lo posible estar fuera del sistema",El barba larga,Don_BarBaLarga,"",FALSE,2018-09-02T00:39:19.000Z
105119051,@mariseka @Diputados_PC @carmen_hertz @KarolCariola @luiscuellop @Mayafernandeza @jjcc_chile @ValeMirandaCC @PCdeChile @PrensaPCdeChile @RNuevoMundo Una renta cercana a los honorables CONCHA EH SU MADRE de los pol√≠ticos y de los QUE SE CREEN POL√çTICOS ( NI SIQUIERA SABEN  QUE SON LAS CIENCIAS POL√çTICAS),1384688565779578885,es,2021-04-21T02:00:55.000Z,0,0,0,0,Me cag0 sobre los Comunistas...üí©üí©üí©.,Locopepe_de_la_sexta,locopepe_sexta,"",FALSE,2010-01-15T12:12:24.000Z
1055786642739548163,@mariseka @Diputados_PC @daniel_nunez_a @PCdeChile @ValeMirandaCC @KarolCariola @carmen_hertz @jjcc_chile @DiputadoMoraga @luiscuellop @PrensaPCdeChile Y se van a quedar sentados esperando que pasa..es ahora cuando tienen que demostrar por que mierda votamos por uds,1384636549225226242,es,2021-04-20T22:34:13.000Z,0,0,0,0,SOY PERFECTAMENTE IMPERFECTAüß°üß°üß°,Paola Ram√≠rez,Paola19814513,"",FALSE,2018-10-26T11:42:05.000Z
1061920191301541888,"@elisaneumann7 @luisibacache_ @arqmneira @WalterVogelE @ursulaeggers @TaroaZuniga @PCRegCapital La bancada comunista  @Diputados_PC si est√°n,han estado y seguir√°n estando",1384751523406680066,es,2021-04-21T06:11:05.000Z,0,0,0,0,"",PC Providencia,providencia_pc,"",FALSE,2018-11-12T09:54:37.000Z
1064281023695986689,@sebastianpinera ACUDIO AL TC. EL PUEBLO DEBE ACUDIR A SU CASA @ContigoCHV @alvarez_monse @Camara_cl @Senado_Chile @PamJiles @adnradiochile @DiputadosDC @DiputadosRN @PSChile @PJudicialChile @PPD_Chile @bancadaPSchile @Diputados_PC @matiaswalkerp @primeralineare1 @marcoporchile https://t.co/zxYOYorAkS,1384652760390553601,es,2021-04-20T23:38:38.000Z,1,0,1,0,START THE DAY WITH LOVE,RUMI,pabloiznikcom1,"",FALSE,2018-11-18T22:15:44.000Z
1064281023695986689,@MarceTyS @FrenteRebeldes SI @sebastianpinera ACUDE AL TC EL PUEBLO DEBE ACUDIR A SU CASA @ContigoCHV @alvarez_monse @Camara_cl @Senado_Chile @PamJiles @adnradiochile @DiputadosDC @DiputadosRN @PSChile @PJudicialChile @PPD_Chile @bancadaPSchile @Diputados_PC @matiaswalkerp @primeralineare1 @marcoporchile,1384645073594429441,es,2021-04-20T23:08:05.000Z,1,0,2,0,START THE DAY WITH LOVE,RUMI,pabloiznikcom1,"",FALSE,2018-11-18T22:15:44.000Z
109961313,"@mariseka @Diputados_PC @daniel_nunez_a @PCdeChile @ValeMirandaCC @KarolCariola @carmen_hertz @jjcc_chile @DiputadoMoraga @luiscuellop @PrensaPCdeChile Ning√∫n voto para cualquier candidato Cercano a Pi√±era, paras las constituyentes y presidenciales. No queremos mas asesinos e indolentes en este pa√≠s.",1384637544688668672,es,2021-04-20T22:38:10.000Z,0,0,1,0,"",luis salinas salazar,lass39,"",FALSE,2010-01-30T21:24:52.000Z
111032669,@RNuevoMundo @gteillier @PrensaPCdeChile @PCdeChile @Diputados_PC @elsiglochile Desde mana√±a todos a acampar afuera del TC pac√≠ficamente a hacer presi√≥n ¬°¬°... No nos moveran¬° https://t.co/d8Qaja1TAN,1384712738308562945,es,2021-04-21T03:36:58.000Z,0,0,0,0,Resurrecci√≥n del pueblo?,APRUEBO,Guszalo,"",FALSE,2010-02-03T15:47:30.000Z
111032669,"@mariseka @Diputados_PC @carmen_hertz @KarolCariola @luiscuellop @Mayafernandeza @jjcc_chile @ValeMirandaCC @PCdeChile @PrensaPCdeChile @RNuevoMundo Desde mana√±a todos a acampar afuera del TC pac√≠ficamente a hacer presi√≥n ¬°¬°... No nos moveran¬°

Te esperamos Maricel ¬° https://t.co/tDOKTsSdQS",1384707159469010944,es,2021-04-21T03:14:48.000Z,0,0,0,0,Resurrecci√≥n del pueblo?,APRUEBO,Guszalo,"",FALSE,2010-02-03T15:47:30.000Z
1169077092354527232,"@mariseka @Diputados_PC @daniel_nunez_a @PCdeChile @ValeMirandaCC @KarolCariola @carmen_hertz @jjcc_chile @DiputadoMoraga @luiscuellop @PrensaPCdeChile pi√±era tuvo la √∫ltima palabra y se impuso la politiquer√≠a tembl√≥ de miedo muchos ahora niegan el siquiera haber pensado en acusarlo,el tercer 10% ya se perdi√≥  compatriotas tenemos en nuestras manos elegir un gobierno real humano y no olvidar a los traidores del pueblo chileno!",1384645325101674497,es,2021-04-20T23:09:05.000Z,0,0,0,0,En un lugar m√°s all√° del bien y del mal hay un jard√≠n ... te ver√© ah√≠ ‚≠êÔ∏è,Alex,lobito_oficial1,"",FALSE,2019-09-04T02:38:07.000Z
118415203,@mariseka @Diputados_PC @daniel_nunez_a @PCdeChile @ValeMirandaCC @KarolCariola @carmen_hertz @jjcc_chile @DiputadoMoraga @luiscuellop @PrensaPCdeChile Y tu qu√© har√°s al respecto? si tu voto para el dictador no vale nada,1384638756767031302,es,2021-04-20T22:42:59.000Z,0,0,0,0,"Profesor.
Me sigues, te sigo.",üá®üá± Michel J üá®üá±,MGJorquera,"",FALSE,2010-02-28T16:25:46.000Z
118456929,"La √∫nica salida ! #AcusacionConstitucionalAPi√±era 
@Senado_Chile @Camara_cl 
@Diputados_PC @bancadaPSchile @DiputadosDC @elfrente_amplio @PPD_Chile",1384640322446282754,es,2021-04-20T22:49:12.000Z,0,0,0,0,"Ya lo dijo Raimundo, tambi√©n nosotros. Somos del otro bando y luchamos todos! #cruzado #zurdo #casadoconhijos #upeliento #DanielJadue2022 #Infelices",HastaQueLaDignidadSeHagaCostumbre,fruz35,"",FALSE,2010-02-28T19:11:37.000Z
118469269,"@RNuevoMundo @gteillier @PrensaPCdeChile @PCdeChile @Diputados_PC @elsiglochile Una oposici√≥n que solo trabaja por wuebiar al otro, en vez de trabajar por el pueblo, es una mierda...!!!",1384686470854758403,es,2021-04-21T01:52:35.000Z,0,0,0,0,"De Chile y si me respetan, le respeto.",Perro Pug,ChCifuentes,"",FALSE,2010-02-28T19:56:04.000Z
1185565489134800901,"@mariseka @Diputados_PC @daniel_nunez_a @PCdeChile @ValeMirandaCC @KarolCariola @carmen_hertz @jjcc_chile @DiputadoMoraga @luiscuellop @PrensaPCdeChile MARISELA .....hagan su pega ahora
Acusaci√≥n Constitucional contra el Millonario PI√ëERA ahora y que vaya a la carcel. VEREMOS SI LOS PARLAMENTARIOS SON DE VERDAD",1384638229731815424,es,2021-04-20T22:40:53.000Z,0,0,0,0,Tranquilidad,cHarli,char1234ch,"",FALSE,2019-10-19T14:37:13.000Z
1187957488848719873,"@boris_barrera @Diputados_PC @PCdeChile @PrensaPCdeChile @BValpo @brigadachacon @BrigadaMarin @BgdaGalloRojo @NOmasAFP @Cutchile @Constramet @ConfusamChile @fenatsmetro #TerceRetiro10ciento

Aqu√≠ tienen que hacer marchas afueras del tribunal constituci√≥nal d√≥nde est√° la amiga de Sebasti√°n Pi√±era https://t.co/4KmB06PoyB",1384700089667567616,es,2021-04-21T02:46:42.000Z,1,0,1,0,"Holaüíñ
No me gusta las injusticias.
Defiendo a los ni√±os, animales, y alas personas mayores.",Ê•ì,Amann86130009,"",FALSE,2019-10-26T05:01:59.000Z
1188535818803187712,@mariseka @Diputados_PC @daniel_nunez_a @PCdeChile @ValeMirandaCC @KarolCariola @carmen_hertz @jjcc_chile @DiputadoMoraga @luiscuellop @PrensaPCdeChile Y cual ser√° la soluci√≥n??,1384714681441529858,es,2021-04-21T03:44:41.000Z,0,0,0,0,"",Lichita,lichitalau,"",FALSE,2019-10-27T19:20:09.000Z
1193194344058105856,"@mariseka @josegom23338267 @Diputados_PC @daniel_nunez_a @PCdeChile @ValeMirandaCC @KarolCariola @carmen_hertz @jjcc_chile @DiputadoMoraga @luiscuellop @PrensaPCdeChile #EstallidoInminente üî•üî•üî•
 enfermos @sebastianpinera @juanjoseossasc @jaimebellolio #AcusacionConstitucionalAPi√±era  #carcelparaPi√±era",1384643029382930432,es,2021-04-20T22:59:58.000Z,1,0,1,0,"Calidad de vida, casos de √©xito: Canad√°, Nueva Zelanda, Australia, Finlandia, Luxemburgo, Noruega, ...","Constituci√≥n ILEGAL, bajo dictadura.",Eecrocro1,"",FALSE,2019-11-09T15:51:26.000Z
1200542970048655361,"@Rodrigo15897206 @PanteraDeChile @DptoExtranjeria Lamentablemente han llegado m√°s delincuentes motochorros sicarios etc. Amparados por @inddhh @Diputados_PC @PCdeChile para beneficio propioü§¨ y siguen llegando.
Hoy una venezolana le par√≥ el carro al profe de mi hijo por wasap del curso exigiendo wevadasü§∑as√≠ de puntudasüò§",1384720838906327042,es,2021-04-21T04:09:09.000Z,0,0,0,0,"Republicano 
Dios patria y Familia.
Agradecido de Dios por cada d√≠a de vida.",ASSESSIN üá®üá±‚öì,Assassi85264359,"",FALSE,2019-11-29T22:32:25.000Z
1200542970048655361,@DZP2022 @sandrasilvach @mmlagoscc @PCdeChile @Diputados_PC @PJudicialChile @FiscaliadeChile üëçüí™üá®üá±,1384662768742174728,und,2021-04-21T00:18:24.000Z,0,0,0,0,"Republicano 
Dios patria y Familia.
Agradecido de Dios por cada d√≠a de vida.",ASSESSIN üá®üá±‚öì,Assassi85264359,"",FALSE,2019-11-29T22:32:25.000Z
1213165988398563329,@mariseka @Diputados_PC @daniel_nunez_a @PCdeChile @ValeMirandaCC @KarolCariola @carmen_hertz @jjcc_chile @DiputadoMoraga @luiscuellop @PrensaPCdeChile Amenaza? Esta obligado.,1384637696321130497,es,2021-04-20T22:38:46.000Z,0,0,0,0,"(Psiquiatra de profesi√≥n)   estudio patologias de la sociedad.
(Recientemente con estudios en historia)

(Nadando en la raz√≥n en un mar de ignorantes)",El dador de Paz,Dador_De_Paz,"",FALSE,2020-01-03T18:31:35.000Z
1214615912680218624,@EduFelipe_C @alegrant @DiputadosDC @carmen_hertz @KarolCariola @la_convergencia @gabrielboric @diego_ibanezc @pablovidalrojas @jorbritoh @CatalinaPerezS @Diputados_PC @paulanarvaezo #AcusacionConstitucionalAPi√±era,1384648704494383110,und,2021-04-20T23:22:31.000Z,0,0,0,0,"No sera una Constituci√≥n de todas y todos si no participamos  con nuestra: Opini√≥n, apoyo, objetando o promoviendo aspectos de la misma.",Razonando con sentido social!!!,chile_ulloaFco,"",FALSE,2020-01-07T18:33:18.000Z
1219990389458972674,"@mariseka @Diputados_PC @daniel_nunez_a @PCdeChile @ValeMirandaCC @KarolCariola @carmen_hertz @jjcc_chile @DiputadoMoraga @luiscuellop @PrensaPCdeChile Si es que llegan a una #AcusacionConstitucionalAPi√±era  , no vaya a abstenerse otra vez... mucho bla bla  y poca acci√≥n .",1384668487763759105,es,2021-04-21T00:41:08.000Z,0,0,0,0,"",Coraz√≥n Rojo,Pablo08826957,"",FALSE,2020-01-22T14:29:19.000Z
1220067218173710337,@boris_barrera @Diputados_PC @Cooperativa #AcusacionConstitucionalAPi√±era,1384641624475586561,und,2021-04-20T22:54:23.000Z,0,0,0,0,"Maximiliano montes, san Beka y antipi√±erista",Maximiliano,Maximil28823318,"",FALSE,2020-01-22T19:34:41.000Z
1232684932625043458,"@Valeska07995687 @mariseka @Diputados_PC @daniel_nunez_a @PCdeChile @ValeMirandaCC @KarolCariola @carmen_hertz @jjcc_chile @DiputadoMoraga @luiscuellop @PrensaPCdeChile Toda la raz√≥n
Ya no se puede mas",1384687178995965961,es,2021-04-21T01:55:24.000Z,0,0,1,0,"La vida es bella
Colocolino x siempre",Yuri Zapata Mu√±oz,YuriZapataMuoz2,"",FALSE,2020-02-26T15:12:57.000Z
1244278318045765633,@daniel_nunez_a @Diputados_PC Querido daniel en que comuna nos juntamos ? Las condes ? Vitacura ? Lo barnechea ?,1384649800038105089,es,2021-04-20T23:26:52.000Z,0,0,0,0,Conservadora,Margaret Thatcher,Derecha2020,"",FALSE,2020-03-29T15:00:51.000Z
1250802061270224898,@Oscar_Menares @GobiernodeChile @izq_libertaria @tomashirsch @PC_JAL @PCdeChile @PrensaPCdeChile @Diputados_PC @MVPopular @AHumanistaCL @elsiglochile @RNuevoMundo No a la violencia propia de dictaduras... respetemos nuestra democracia y nuestra constituci√≥n,1384710147004637185,es,2021-04-21T03:26:40.000Z,0,0,0,0,"magall√°nico, pacifista, avancemos en unidad, ingeniero",Jose Fueyo,JoseFueyo2,"",FALSE,2020-04-16T15:04:07.000Z
1250802061270224898,@Oscar_Menares @ctransparencia @izq_libertaria @Diputados_PC @PCdeChile @tomashirsch @PrensaPCdeChile @RNuevoMundo @PC_JAL @FLagos_Neumann No a la violencia propia de dictaduras... respetemos nuestra democracia y nuestra constituci√≥n,1384710649226440705,es,2021-04-21T03:28:40.000Z,0,0,0,0,"magall√°nico, pacifista, avancemos en unidad, ingeniero",Jose Fueyo,JoseFueyo2,"",FALSE,2020-04-16T15:04:07.000Z
1251666625180454912,@DiputadoMoraga @PCdeChile @rubenmoragam @PrensaPCdeChile @PC_Tarapaca @Diputados_PC @Hugo_Gutierrez_ @profecisternas @jotaiqq @RNuevoMundo @elsiglochile Y desesperado por el TPP11 ..... No si es muy chuchadesumadre,1384646699562504193,es,2021-04-20T23:14:33.000Z,0,0,0,0,#apruebo #danieljaduepresidente,Christopher,Chris86144238,"",FALSE,2020-04-19T00:19:24.000Z
1256726810206900226,@mariseka @Diputados_PC @daniel_nunez_a @PCdeChile @ValeMirandaCC @KarolCariola @carmen_hertz @jjcc_chile @DiputadoMoraga @luiscuellop @PrensaPCdeChile El TC puede darle la espalda a bracitos cortos?,1384645843513450500,es,2021-04-20T23:11:09.000Z,0,0,0,0,Soy del Colo desde que nac√≠.,Cristi√°n ZkT_1,CristinVeraCar1,"",FALSE,2020-05-02T23:26:46.000Z
1278496938711752704,Necesitamos una oposici√≥n m√°s unida que nunca en una nueva #AcusacionConstitucionalAPi√±eraAhora @DiputadosDC @carmen_hertz @KarolCariola @la_convergencia @gabrielboric @diego_ibanezc @pablovidalrojas @jorbritoh @CatalinaPerezS @Diputados_PC @paulanarvaezo,1384643777818734592,es,2021-04-20T23:02:56.000Z,16,1,13,0,"Sure√±o üóª, Viajero ‚úàÔ∏èüåé, Estudiante de Ing. En RRHH üìù@la_convergencia üè≥Ô∏è‚Äçüåà #NiUnaMenos üü£ #Qu√©dateEnCasa üèòÔ∏è #AprueboDignidad #FreedomOfExpression",Pipo Ed üè≥Ô∏è‚Äçüåà #Qu√©dateEnCasa,EduFelipe_C,"",FALSE,2020-07-02T01:13:47.000Z
1284674118332416000,@boris_barrera @Doyle_sacd @Diputados_PC @PCdeChile @PrensaPCdeChile @BValpo @brigadachacon @BrigadaMarin @BgdaGalloRojo @NOmasAFP @Cutchile @Constramet @ConfusamChile @fenatsmetro Supongo que comenzaron a redactar la acusaci√≥n constitucional contra el infeliz de pi√±era y sacarlo de vez??,1384650286833278977,es,2021-04-20T23:28:48.000Z,0,0,0,0,"‚¨õ‚¨ú Colo Colino de coraz√≥n, en las buenas y en las peores!! ü§üüòé ‚¨õ‚¨ú
Rock, Metal, Trash, m√∫sica qu√© jam√°s morir√°!!! üòéü§ò",Cesar Pe√±aloza G√≥mez,CesarPenalozaG,"",FALSE,2020-07-19T02:19:25.000Z
1285356475217477638,"@mariseka @Diputados_PC @daniel_nunez_a @PCdeChile @ValeMirandaCC @KarolCariola @carmen_hertz @jjcc_chile @DiputadoMoraga @luiscuellop @PrensaPCdeChile y la #AcusacionConstitucionalAPi√±era cuando?, que mas quieren?, con cuantos muertos mas se debe poner el pueblo para que hagan algo decente",1384683510460465152,es,2021-04-21T01:40:49.000Z,1,1,2,0,"con esperanza de un Chile mas justoüåà‚ù§üçÄ, de izquierda, renaciendo ‚ô•Ô∏èüêû, pasen a ver el circo...de gobierno que tenemos",Valeska,Valeska07995687,"",FALSE,2020-07-20T23:30:50.000Z
128644327,@mariseka @Diputados_PC @daniel_nunez_a @PCdeChile @ValeMirandaCC @KarolCariola @carmen_hertz @jjcc_chile @DiputadoMoraga @luiscuellop @PrensaPCdeChile A usted la desactivo en votaci√≥n de #CasoEnjoy,1384682766713905154,es,2021-04-21T01:37:52.000Z,0,0,0,0,"Amante...., de la M√∫sica, la Poesia, la mar, la monta√±a, la naturaleza, los animales, de la Vida, la Libertad, la Justicia....La Femme!!",El Capit√°n Beto por el espacio!!!,ALROARR,"",FALSE,2010-04-01T19:12:53.000Z
1288991074883641344,@mariseka @Diputados_PC @daniel_nunez_a @PCdeChile @ValeMirandaCC @KarolCariola @carmen_hertz @jjcc_chile @DiputadoMoraga @luiscuellop @PrensaPCdeChile Yo que no calific√≥   ni mi marido y eso que  tengo un hijo autista,1384697003830022149,es,2021-04-21T02:34:26.000Z,0,0,0,0,Amigable,Leontina,Leontin01279247,"",FALSE,2020-07-31T00:13:38.000Z
1305438427127611392,@Diputados_PC Y qu√© har√°n por nosotros?,1384645512368955394,es,2021-04-20T23:09:50.000Z,0,0,0,0,"leer, cocinar, escribir, tejer, so√±ar, hablar",Norma Morales Jopia,JopiaNorma,"",FALSE,2020-09-14T09:29:26.000Z
1310755020741251073,@mariseka @Diputados_PC @daniel_nunez_a @PCdeChile @ValeMirandaCC @KarolCariola @carmen_hertz @jjcc_chile @DiputadoMoraga @luiscuellop @PrensaPCdeChile @mariseka por favor responde...que pasara ahora con todos los que esperabamos esta plata? Quedara todo en nada? ...,1384636913693433856,es,2021-04-20T22:35:40.000Z,0,0,0,0,"",Antipi√±era y todo su sistema politico,Claudia10947133,"",FALSE,2020-09-29T01:35:44.000Z
1313628095451193344,"@mariseka @Diputados_PC @PCdeChile @ValeMirandaCC @daniel_nunez_a @jjcc_chile @carmen_hertz @boris_barrera @DiputadoMoraga @Mayafernandeza @carolamarzan Todas estas mierdas tienen interesas creados en las afp Pi√±ata se debe estar riendo de todos porque se siente triunfante,tanta gente que se tiene que salvar sola porque el gobierno no los califica en una ficha social,al final todos son hip√≥critas.",1384670026624602112,es,2021-04-21T00:47:14.000Z,0,0,0,0,üåøüåøüåøüåø‚ú®‚ú®‚ú®,Dinamitha2021,dinamitha2021,"",FALSE,2020-10-06T23:52:16.000Z
1316810866914979845,#AcusacionConstitucionalAPi√±eraAhora #AcusacionConstitucionalAPi√±era @Camara_cl @Senado_Chile @Diputados_PC @bancadaPSchile @DiputadosDC @PPD_Chile https://t.co/yg6TBySMAb,1384687636107857925,und,2021-04-21T01:57:13.000Z,0,0,0,0,"",Lucila,LuzHern22810981,"",FALSE,2020-10-15T18:39:30.000Z
1316810866914979845,#AcusacionConstitucionalAPi√±eraAhora #AcusacionConstitucionalAPi√±era @Camara_cl @Senado_Chile @Diputados_PC @bancadaPSchile @DiputadosDC @PPD_Chile https://t.co/SqLD2WTqhw,1384687397820985348,und,2021-04-21T01:56:16.000Z,0,0,0,0,"",Lucila,LuzHern22810981,"",FALSE,2020-10-15T18:39:30.000Z
1316810866914979845,#AcusacionConstitucionalAPi√±eraAhora #AcusacionConstitucionalAPi√±era @Camara_cl @Senado_Chile @Diputados_PC @bancadaPSchile @DiputadosDC @PPD_Chile https://t.co/sZ5LqbKOkU,1384692808385122307,und,2021-04-21T02:17:46.000Z,0,0,0,0,"",Lucila,LuzHern22810981,"",FALSE,2020-10-15T18:39:30.000Z
1323295050193883138,"@Camara_cl @Senado_Chile @izkia @diego_ibanezc @joannaperezolea
@CatalinaPerezS
@DiputadosDC
@bancadaPSchile
@Diputados_PC
@loretosenadora @EquipoDeUrresti
@ncastilo @ximerincon

Todos callados, siendo complices de la vulneraci√≥n completa de nuestros derechos fundamentales!! https://t.co/fx5R2cGqIV",1384645885418745862,es,2021-04-20T23:11:19.000Z,0,0,0,0,dificilmente simple,Elizabeth,Javitalaardilla,"",FALSE,2020-11-02T16:05:12.000Z
1324425258686885890,@mariseka @Diputados_PC @daniel_nunez_a @PCdeChile @ValeMirandaCC @KarolCariola @carmen_hertz @jjcc_chile @DiputadoMoraga @luiscuellop @PrensaPCdeChile Como puede hablar un Mandatario de equidad social cuando su fortuna ha crecido  70%..y tenemos a m√°s de 2.3millones de compatriotas que llegaron a la pobreza. Y m√°s encima coloca m√°s impedimentos para que no podamos lograr un 3 retiro. Eso no es inconstitucional?,1384640066761416706,es,2021-04-20T22:48:11.000Z,0,0,0,0,Digo lo que siento.. Aunque a veces duela,Jorge,Jorge24141493,"",FALSE,2020-11-05T18:56:46.000Z
1340323557868494850,@mariseka @Diputados_PC @daniel_nunez_a @PCdeChile @ValeMirandaCC @KarolCariola @carmen_hertz @jjcc_chile @DiputadoMoraga @luiscuellop @PrensaPCdeChile https://t.co/wSaMD1eHDw,1384643079496507395,und,2021-04-20T23:00:10.000Z,0,0,0,0,El.100 % de afp,Jorge,Jorge98367685,"",FALSE,2020-12-19T15:50:44.000Z
1354083237052772354,@KarolCariola @Diputados_PC Creo que ya es tiempo de hacer algo m√°s concreto #AcusacionConstitucionalAPi√±eraAhora #Fueraeltirano #CacerolazoNacional #Estallido20,1384654967764566017,es,2021-04-20T23:47:24.000Z,0,0,0,0,"madre,t√≠a ,hermana e hija ,tratando de construir sue√±os .",Mona,Monalapekas,"",FALSE,2021-01-26T15:06:30.000Z
135599487,@boris_barrera @Diputados_PC @PCdeChile @PrensaPCdeChile @BValpo @brigadachacon @BrigadaMarin @BgdaGalloRojo @NOmasAFP @Cutchile @Constramet @ConfusamChile @fenatsmetro Pi√±era acaba de prender la mecha,1384686660584185856,es,2021-04-21T01:53:20.000Z,0,0,0,0,"",ricardo jorge gaete,rigaete,"",FALSE,2010-04-21T19:25:00.000Z
135599487,@mariseka @Diputados_PC @carmen_hertz @KarolCariola @luiscuellop @Mayafernandeza @jjcc_chile @ValeMirandaCC @PCdeChile @PrensaPCdeChile @RNuevoMundo Pi√±era acaba de prender la mecha,1384677601919135746,es,2021-04-21T01:17:21.000Z,0,0,0,0,"",ricardo jorge gaete,rigaete,"",FALSE,2010-04-21T19:25:00.000Z
1366430157523795970,"@mariseka @Diputados_PC @carmen_hertz @KarolCariola @luiscuellop @Mayafernandeza @jjcc_chile @ValeMirandaCC @PCdeChile @PrensaPCdeChile @RNuevoMundo Chunchos,colocolinos,pirulos,lo pa√±ola,verdes como los pinos,y todos los dem√°s,nooo ya laca! No quieren nada con manos cortas.",1384663544784896002,es,2021-04-21T00:21:29.000Z,0,0,0,0,investigacion,Jaime Roa Jara,JaimeRoaJara2,"",FALSE,2021-03-01T16:50:13.000Z
1372289151027019777,"@mariseka @ArmamaterChile @Diputados_PC @daniel_nunez_a @PCdeChile @ValeMirandaCC @KarolCariola @carmen_hertz @jjcc_chile @DiputadoMoraga @luiscuellop @PrensaPCdeChile Ok, y cual ser√° la respuesta, esperamos por ustedes.",1384671799187759107,es,2021-04-21T00:54:17.000Z,0,0,0,0,"",Osvaldotapia,Osvaldo48531576,"",FALSE,2021-03-17T20:50:23.000Z
1372556587097800709,@mariseka @Diputados_PC @daniel_nunez_a @PCdeChile @ValeMirandaCC @KarolCariola @carmen_hertz @jjcc_chile @DiputadoMoraga @luiscuellop @PrensaPCdeChile #destituciondePi√±eraAhora,1384638521659609088,und,2021-04-20T22:42:03.000Z,0,0,0,0,due√±a de casa sin fines de lucro,MissM,MissM88746822,"",FALSE,2021-03-18T14:33:03.000Z
1379792238037889029,"@mariseka @Diputados_PC @carmen_hertz @KarolCariola @luiscuellop @Mayafernandeza @jjcc_chile @ValeMirandaCC @PCdeChile @PrensaPCdeChile @RNuevoMundo Marisela el pi√±era quiere agarrar para el leseo al pueblo , yo con el bono BCM que supuestamente recibir√≠a queria cambiarle el computador a mi hijo , el que tiene ya esta malo üòî.
Pero no importa , ahora acusaci√≥n constitucional contra este ma√±oso del gobierno.",1384674444128538625,es,2021-04-21T01:04:48.000Z,0,0,0,0,soy directo no me gusta aparentar lo que no soy,Fabi√°n,gonzalolitina,"",FALSE,2021-04-07T13:44:53.000Z
1406872340,"@mariseka @Diputados_PC @daniel_nunez_a @PCdeChile @ValeMirandaCC @KarolCariola @carmen_hertz @jjcc_chile @DiputadoMoraga @luiscuellop @PrensaPCdeChile Sra. @mariseka , cagamos si o qu√©?",1384641293138137091,es,2021-04-20T22:53:04.000Z,0,0,0,0,No tengo absolutamente ning√∫n deseo de encajar,Marcelino Rojas ,rojas_mma,"",FALSE,2013-05-06T05:32:18.000Z
153466011,@mariseka @Diputados_PC @daniel_nunez_a @PCdeChile @ValeMirandaCC @KarolCariola @carmen_hertz @jjcc_chile @DiputadoMoraga @luiscuellop @PrensaPCdeChile No es amenaza el ejercicio del derecho. La amenaza es la del estallido.,1384643327388266496,es,2021-04-20T23:01:09.000Z,0,0,0,0,"",Kenio,__Kenio__,"",FALSE,2010-06-08T16:50:16.000Z
156869719,@mariseka @Diputados_PC @daniel_nunez_a @PCdeChile @ValeMirandaCC @KarolCariola @carmen_hertz @jjcc_chile @DiputadoMoraga @luiscuellop @PrensaPCdeChile #TercerRetiro10xCiento #fuerapi√±eractm https://t.co/jrOwM62gQ0,1384696030508158979,und,2021-04-21T02:30:34.000Z,1,0,0,0,"vivo!!!
dise√±adora de vestuario,artista,independiente madre de 3 bendiciones ,soltera,feliz !!",patita!! instagram @kal_kelu tejidos,azulita74,"",FALSE,2010-06-18T04:45:29.000Z
157467737,@mariseka @Diputados_PC @daniel_nunez_a @PCdeChile @ValeMirandaCC @KarolCariola @carmen_hertz @jjcc_chile @DiputadoMoraga @luiscuellop @PrensaPCdeChile #AcusacionConstitucionalAPi√±eraAhora,1384653911131369474,und,2021-04-20T23:43:12.000Z,2,0,1,0,"Mama orgullosa de Franco, mi hijito que vivio 3 dias por culpa de trisomia 22, enfermedad incompatible con la vida",# R.M.M,FuttiNomy,https://t.co/AbxzZ3kIv6,FALSE,2010-06-19T22:41:53.000Z
170172505,"@diputadosudi @DiputadosRN @PPD_Chile @PDC_Chile @phumanista @PLRchile @DiputadosRN @Diputados_PC @JuventudEvopoli @PLRchile 
Todos los pol√≠ticos que han sabido trabajar en equipo pese a la diversidad de opiniones y han sacado la pega adelante!! Se merecen su cerveza regalona!!!",1384722544851365891,es,2021-04-21T04:15:56.000Z,0,1,0,0,Democracia participativa ...,Libre pensadores·Ö†·Ö†·Ö†·Ö†·Ö†·Ö†·Ö†,youclone,"",FALSE,2010-07-24T03:24:08.000Z
170172505,"@diputadosudi @DiputadosRN @Diputados_PC @bancadaPSchile @PPD_Chile @PDC_Chile @JuventudEvopoli @phumanista @PLRchile 
(@sebastianpinera  LA ECONOMIA SE CONTRAJO UN -6% EN TU DES GOBIERNO , SI NO LA QUIERES VER  EN -12% NO BUSQUE EL ODIO DE LOS CONSUMIDORES) https://t.co/MyMybRnMF2",1384715517794136066,es,2021-04-21T03:48:00.000Z,0,0,0,0,Democracia participativa ...,Libre pensadores·Ö†·Ö†·Ö†·Ö†·Ö†·Ö†·Ö†,youclone,"",FALSE,2010-07-24T03:24:08.000Z
185819908,@mariseka @Diputados_PC @daniel_nunez_a @PCdeChile @ValeMirandaCC @KarolCariola @carmen_hertz @jjcc_chile @DiputadoMoraga @luiscuellop @PrensaPCdeChile Y ahora que se viene cagamos? ü§î,1384640036390514688,es,2021-04-20T22:48:04.000Z,0,0,0,0,"",cristian rodrigo,cc1980,"",FALSE,2010-09-01T22:37:19.000Z
186929092,@mariseka @Diputados_PC @daniel_nunez_a @PCdeChile @ValeMirandaCC @KarolCariola @carmen_hertz @jjcc_chile @DiputadoMoraga @luiscuellop @PrensaPCdeChile https://t.co/xgPdkKpk4M,1384717751516897286,und,2021-04-21T03:56:53.000Z,0,0,0,0,"",tomas soto,tomaxo2012,"",FALSE,2010-09-04T19:57:16.000Z
187585954,@mariseka @Diputados_PC @daniel_nunez_a @PCdeChile @ValeMirandaCC @KarolCariola @carmen_hertz @jjcc_chile @DiputadoMoraga @luiscuellop @PrensaPCdeChile Quer√≠a guerra. Ahora la tiene. Los Pi√±era tendr√°n que arrancar de Chile. Se viene la mayor persecuci√≥n de todas. #FueraPi√±era,1384644687076671489,es,2021-04-20T23:06:33.000Z,0,0,1,0,"Poleras estampadas, poleras personalizadas. Poleras grupos musicales y mucho m√°s. 
Negocio y sue√±os que gracias a este gobierno est√° muriendo.",Se√±or X,POLERASCHILENAS,"",FALSE,2010-09-06T16:51:26.000Z
189771127,"Hago un llamado para que comiencen y soliciten urgente la #Destituci√≥nAPi√±era esto no da para m√°s @PCdeChile @PamJiles @Senado_Chile
@Diputados_PC @Camara_cl 
#Tercer10xCiento
#ElPeorGobiernoDeLaHistoria",1384707490051510277,es,2021-04-21T03:16:06.000Z,0,0,0,0,"Ex-Enano y Chuncho de Coraz√≥n
#Apruebo - No a #Pi√±eraCorrupto
#ChileEnDictadura
Soy Q√ºamor de mi Q√ºamorcita",Don Pesaito - #JubilemosPoliticos,tOniNo_Gutierrz,https://t.co/ppZEizqK7s,FALSE,2010-09-12T05:01:45.000Z
202877574,@mariseka @Diputados_PC @daniel_nunez_a @PCdeChile @ValeMirandaCC @KarolCariola @carmen_hertz @jjcc_chile @DiputadoMoraga @luiscuellop @PrensaPCdeChile https://t.co/q5NbHeCxBu,1384646754881114113,und,2021-04-20T23:14:46.000Z,1,0,0,0,Abogada en ejercicio leal y honrado de la profesi√≥n.,viviana mart√≠nez,ruloxida,"",FALSE,2010-10-15T01:03:44.000Z
218961221,@mariseka @Diputados_PC @daniel_nunez_a @PCdeChile @ValeMirandaCC @KarolCariola @carmen_hertz @jjcc_chile @DiputadoMoraga @luiscuellop @PrensaPCdeChile A protestar ¬°¬°¬°¬°¬°¬°,1384652979752558593,pt,2021-04-20T23:39:30.000Z,0,0,0,0,"Soy periodista egresada, mel√≥mana, me gusta mucho el cine,  la historia, soy atea y de izquierda",Ovejavampira,ovejavampira,"",FALSE,2010-11-23T15:41:34.000Z
2225660164,@mariseka @Diputados_PC @daniel_nunez_a @PCdeChile @ValeMirandaCC @KarolCariola @carmen_hertz @jjcc_chile @DiputadoMoraga @luiscuellop @PrensaPCdeChile Pi√±ero viejo bastardo reculiao,1384668977083912192,es,2021-04-21T00:43:04.000Z,0,0,0,0,Chile Campe√≥n de Am√©rica,Jano,Albo_29_91,"",FALSE,2013-12-14T18:02:52.000Z
2265082953,@DiputadoMoraga @PCdeChile @rubenmoragam @PrensaPCdeChile @PC_Tarapaca @Diputados_PC @Hugo_Gutierrez_ @profecisternas @jotaiqq @RNuevoMundo @elsiglochile Pi√±era debe ser destituido ya. Lo exigimos no puede seguir en la moneda.,1384645866716270593,es,2021-04-20T23:11:14.000Z,0,0,0,0,"",Petazeta 39,petazeta39,"",FALSE,2014-01-06T11:13:31.000Z
2265082953,@mariseka @Diputados_PC @daniel_nunez_a @PCdeChile @ValeMirandaCC @KarolCariola @carmen_hertz @jjcc_chile @DiputadoMoraga @luiscuellop @PrensaPCdeChile Pi√±era debe ser destituido basta de sus abusos y burlas. Lo exigimos.,1384642803741958145,es,2021-04-20T22:59:04.000Z,0,0,0,0,"",Petazeta 39,petazeta39,"",FALSE,2014-01-06T11:13:31.000Z
254113967,@mariseka @fdonunez @Diputados_PC @daniel_nunez_a @PCdeChile @ValeMirandaCC @KarolCariola @carmen_hertz @jjcc_chile @DiputadoMoraga @luiscuellop @PrensaPCdeChile #AcusacionConstitucionalAPi√±eraAhora !!!,1384637167402692616,und,2021-04-20T22:36:40.000Z,3,0,0,0,"Arique√±o, periodista, futbolero, emprendedor, cybernauta y parrillero...",Roberto Berrios,rberrioss,"",FALSE,2011-02-18T16:39:53.000Z
2549403221,@mariseka @Diputados_PC @daniel_nunez_a @PCdeChile @ValeMirandaCC @KarolCariola @carmen_hertz @jjcc_chile @DiputadoMoraga @luiscuellop @PrensaPCdeChile Hagan algo?? O se van a quedar mirando...total ustedes no pasan necesidades....hagan algo y demuestren que estamos con el pueblo y no con esos miserables,1384651911836602370,es,2021-04-20T23:35:16.000Z,0,0,0,0,"",catherine,CatheriFer,"",FALSE,2014-05-16T00:11:47.000Z
2595837263,Hay que ser el rey de los hueones para hacerle caso a los fracasados hist√≥ricos representados en @Diputados_PC https://t.co/gJe69WyuAp,1384676301794168837,es,2021-04-21T01:12:11.000Z,0,0,0,0,"Nacionalista, azul hasta la m√©dula. Lucho contra la deconstrucci√≥n.
Pol√≠ticamente incorrecto. Boticario comunitario de verdad y no puro blabl√° üé∏üé∏üé∏üé∏",Rodrigo Calder√≥n C√°rdenas,alabeo88,"",FALSE,2014-06-09T19:47:11.000Z
260344423,@mariseka @Diputados_PC @daniel_nunez_a @PCdeChile @ValeMirandaCC @KarolCariola @carmen_hertz @jjcc_chile @DiputadoMoraga @luiscuellop @PrensaPCdeChile Y por que no destituyen Ahora.,1384665829845897219,es,2021-04-21T00:30:34.000Z,0,0,0,0,Me carga que me digan zurdo comunista por pensar distinto     APRUEBO,jaime opazo ulloa,jaimeopazoulloa,"",FALSE,2011-03-03T18:06:54.000Z
2878557713,"@mariseka @Diputados_PC @daniel_nunez_a @PCdeChile @ValeMirandaCC @KarolCariola @carmen_hertz @jjcc_chile @DiputadoMoraga @luiscuellop @PrensaPCdeChile Marisela, @mariseka 
NO LEGISLEN NING√öN PROYECTO DEL GOBIERNO
Ayudaüôè
saludos‚ô•Ô∏è",1384643649250762753,es,2021-04-20T23:02:26.000Z,0,0,0,0,"‚ô£Ô∏è‚ô•Ô∏è‚ô†Ô∏è‚ô¶Ô∏è
As√≠ de simple y sencillo, el ganador se lo lleva todo...",@Albert ‚öñÔ∏è‚öîÔ∏èüõ°Ô∏èüóùÔ∏èüìñ‚ô•Ô∏èüé®,ReyLeonidas_33,"",FALSE,2014-11-15T20:53:14.000Z
2920396857,@sonarfm Deber√≠an haber  vacunado a los @Diputados_PC  con esas,1384637399385378823,es,2021-04-20T22:37:35.000Z,0,0,0,0,Generacion X,The Madafaka,Jescanillam,"",FALSE,2014-12-13T22:15:53.000Z
313553170,@mariseka @Diputados_PC @daniel_nunez_a @PCdeChile @ValeMirandaCC @KarolCariola @carmen_hertz @jjcc_chile @DiputadoMoraga @luiscuellop @PrensaPCdeChile S√°quenloooo!!!!!!,1384654022100099073,es,2021-04-20T23:43:39.000Z,0,0,0,0,#apruebo,Estefan√≠a #Apruebo,Joepino1984,"",FALSE,2011-06-08T20:51:15.000Z
326420379,@mariseka @Diputados_PC @daniel_nunez_a @PCdeChile @ValeMirandaCC @KarolCariola @carmen_hertz @jjcc_chile @DiputadoMoraga @luiscuellop @PrensaPCdeChile #tercerRetiroyPi√±erapalaCasa,1384674909536890882,und,2021-04-21T01:06:39.000Z,0,0,0,0,"üòòüòçDon't forget to love youserlf  üòçüòò
              üç∏RESILIENCIAüç∏
               üçÄCARPEDIEMüçÄ
üéµüéµüéµTrying to figure out this lifeüéµüéµüéµ",Nathaly Ya√±ez Zurita,naniyazu,"",FALSE,2011-06-29T21:59:35.000Z
3294163523,"@mariseka @Diputados_PC @daniel_nunez_a @PCdeChile @ValeMirandaCC @KarolCariola @carmen_hertz @jjcc_chile @DiputadoMoraga @luiscuellop @PrensaPCdeChile Que ganas de ser parte de un poder del Estado que debe velar por el correcto desempe√±o del ejecutivo...ah!! Verdad que si eres de esa repartici√≥n del estado, hagan algo!!!! Este asesino no est√° matando y uds siguen mir√°ndose el ombligo!!",1384693060739682307,es,2021-04-21T02:18:46.000Z,0,0,0,0,"bagual de tiempo completo, padre de findesemana ... twitter?? tribuna de muchos, la delgada linea entre el genio y el idiota",Leonardo Silva Fuica,LeoSilvaFuica,"",FALSE,2015-05-22T15:59:57.000Z
3346148073,@mariseka @Diputados_PC @daniel_nunez_a @PCdeChile @ValeMirandaCC @KarolCariola @carmen_hertz @jjcc_chile @DiputadoMoraga @luiscuellop @PrensaPCdeChile Cuando se sabe si el TC lo aprueba o Rechaza...,1384707409147539462,es,2021-04-21T03:15:47.000Z,0,0,0,0,El que tenga Hijas sabe que las Princesas existen...,F.Casanhova10,casanhova,"",FALSE,2015-06-26T02:19:13.000Z
339796679,@mariseka @Diputados_PC @daniel_nunez_a @PCdeChile @ValeMirandaCC @KarolCariola @carmen_hertz @jjcc_chile @DiputadoMoraga @luiscuellop @PrensaPCdeChile Uds. tambi√©n que aprobaron un bono de 500 mil que no le lleg√≥ ni al 20% de la poblaci√≥n que deb√≠a recibirlo. Uds. tampoco hacen toda la pega. ¬øc√≥mo es posible que este viejo de mierda siga haciendo lo que quiere?,1384637029808488449,es,2021-04-20T22:36:07.000Z,0,0,0,0,"#YOAPRUEBO 
HIJA DE INMIGRANTE ‚ô•Ô∏è Aborto libre y seguro. Le creo m√°s al hor√≥scopo que a vo¬¥ Pi√±era culiaoüñï",—ï·¥ú—ï·¥Ä…¥·¥Ä ::: ·¥Ö…™—ï·¥õ·¥Ä…¥·¥Ñ…™·¥Ä üôÖ‚Äç‚ôÄÔ∏è‚ÜîÔ∏èüôÖ‚Äç‚ôÇÔ∏è,lady_pobre,"",FALSE,2011-07-21T17:34:31.000Z
3403664619,"@mariseka @cositaxrica @Diputados_PC @daniel_nunez_a @PCdeChile @ValeMirandaCC @KarolCariola @carmen_hertz @jjcc_chile @DiputadoMoraga @luiscuellop @PrensaPCdeChile T C: El Pi√±erismo de nuevo provoca a la Ciudadan√≠a; Pudo m√°s la soberbia, la indolencia y el desprecio al dolor de los que m√°s sufren los estragos sociales de la Pandemia... 
¬°Chile no se merece esta tragedia! https://t.co/UvOBijTcEa",1384711202874564610,es,2021-04-21T03:30:52.000Z,0,0,0,0,Portal Pensamiento Liberador Latinoamericano #Sociedad #IglesiaCat√≥lica #Teolog√≠aLiberaci√≥n #Neoliberalismo  #JusticiaSocial #Chile  reflexylib@hotmail.com,Reflexi√≥nyLiberaci√≥n,Reflex_Lib,http://t.co/4cw0dh04NS,FALSE,2015-08-05T04:20:13.000Z
359680242,Definitivamente #PineraNoCalifica #TerceroRetiro10xCientoAHORA #NoAlTribunalConstitucional @Diputados_PC @PCdeChile https://t.co/VB2ZWrSK0S,1384645151721672710,es,2021-04-20T23:08:24.000Z,34,5,60,0,"Patipelao, cantautor, Ingeniero Industrial, hijo de obrero y de una hist√≥rica dirigenta social, hijo de Renca, Diputado del @PCdeChile Distrito 9",Diputado Boris Barrera,boris_barrera,https://t.co/iiS6PyyY16,FALSE,2011-08-22T00:35:59.000Z
362150598,"@_felipecofre @Cooperativa QUE BUENA PI√ëERA ENCENDIO Y APLAUDE LOS CACEROLAZOS?
@bancadaPSchile @Diputados_PC @GobiernodeChile @KarlaRubilar @MinDesarrollo @RDemocratica",1384690764102393856,es,2021-04-21T02:09:39.000Z,0,0,0,0,"",jorge de la fuente c,jdelafuenteceli,"",FALSE,2011-08-25T22:59:16.000Z
362150598,"@AlexArayaL @IraciHassler @biobio ES UNA LASTIMA PERO EN CHILE ESTE GB. NOS QUIERE PRIVAR DE LA POCA LIBERTAD DE PRENSA QUE TENEMOS? Y ESTO SE DEBE A LA OPOSICION, Y AMBAS CAMARAS. DONDE NO SE ACUSA CONTITUCIONALMENTE ESTE GB.?
@SenadoresPS @bancadaPSchile @SenadoresDC @DiputadosDC @Diputados_PC @RDemocratica",1384637728642506759,es,2021-04-20T22:38:54.000Z,0,0,0,0,"",jorge de la fuente c,jdelafuenteceli,"",FALSE,2011-08-25T22:59:16.000Z
395238379,"@mariseka @Diputados_PC @daniel_nunez_a @PCdeChile @ValeMirandaCC @KarolCariola @carmen_hertz @jjcc_chile @DiputadoMoraga @luiscuellop @PrensaPCdeChile Sra #MariaLuisaBrahm en sus manos est√° el hambre de los chilenos, las deudas, etc.
De ud depende",1384645141386964993,es,2021-04-20T23:08:21.000Z,0,0,0,0,"",claudio,claudiofulle,"",FALSE,2011-10-21T10:54:36.000Z
437127253,@mariseka @Diputados_PC @daniel_nunez_a @PCdeChile @ValeMirandaCC @KarolCariola @carmen_hertz @jjcc_chile @DiputadoMoraga @luiscuellop @PrensaPCdeChile Marisela consigue los cinco votos para destituir a este ctm,1384690809728081920,es,2021-04-21T02:09:50.000Z,0,0,0,0,"",juan lagos escobar,juanlagosescoba,"",FALSE,2011-12-15T01:35:32.000Z
4867179977,@mariseka @Diputados_PC @daniel_nunez_a @PCdeChile @ValeMirandaCC @KarolCariola @carmen_hertz @jjcc_chile @DiputadoMoraga @luiscuellop @PrensaPCdeChile Con esto el gobierno se termin√≥ de sepultar,1384638414096683009,es,2021-04-20T22:41:37.000Z,0,0,0,0,"",Jaime,_zeus_136,"",FALSE,2016-01-31T19:39:39.000Z
52484425,"@Camara_cl  @Senado_Chile ahora la palabra es suya, si no se acusa al presidente constitucionalmente el pueblo se levantara, un pueblo con hambre pierde hasta el miedo,
@Diputados_PC @PPD_Chile @PSChile @marcelodiazd @PDC_Chile",1384644831746707456,es,2021-04-20T23:07:08.000Z,0,0,0,0,"Alma, coraz√≥n y paz üòâ‚ô•Ô∏è",fernando bustos,3ck_one,"",FALSE,2009-06-30T19:01:03.000Z
535906335,@mariseka @Diputados_PC @daniel_nunez_a @PCdeChile @ValeMirandaCC @KarolCariola @carmen_hertz @jjcc_chile @DiputadoMoraga @luiscuellop @PrensaPCdeChile #tercerretiroAhora,1384657623128100865,und,2021-04-20T23:57:57.000Z,0,0,0,0,"Contador Auditor, mi filosof√≠a es El sacrificio de hoy... Es el √©xito para Ma√±ana...  Vi√±amarina de coraz√≥n",Karen Lisette,Katita_Vina,"",FALSE,2012-03-24T23:50:01.000Z
539037409,@Assassi85264359 @sandrasilvach @mmlagoscc @PCdeChile @Diputados_PC @PJudicialChile @FiscaliadeChile https://t.co/aReHM86AGl,1384659286706597889,und,2021-04-21T00:04:34.000Z,0,1,1,0,PATRIOTA. ANTIZURDOS. ANTICOMUNISTAS. ANTIPROGRES.,DZP,DZP2022,"",FALSE,2012-03-28T13:21:56.000Z
551977281,"@mariseka @Diputados_PC @daniel_nunez_a @PCdeChile @ValeMirandaCC @KarolCariola @carmen_hertz @jjcc_chile @DiputadoMoraga @luiscuellop @PrensaPCdeChile Ponganse las pilas ustedes ,no lo salven  como lo salvaron antes,saquen a la plasta de la moneda",1384639826805366790,es,2021-04-20T22:47:14.000Z,0,0,0,0,solo vivo para ser feliz. ....,zonaseca,AcuaSuarez,"",FALSE,2012-04-12T14:18:13.000Z
581323978,@boris_barrera @Diputados_PC @PCdeChile @PrensaPCdeChile @BValpo @brigadachacon @BrigadaMarin @BgdaGalloRojo @NOmasAFP @Cutchile @Constramet @ConfusamChile @fenatsmetro #acusacionconstitucionalapi√±eraya,1384673776416301056,und,2021-04-21T01:02:08.000Z,0,0,0,0,Universidad de Santiago de Chile. Ing. Comercial,Rodrigo V,evalpematron,"",FALSE,2012-05-15T22:58:03.000Z
581323978,Como socialista se los exijo...@PSChile @SenadoresPS @Diputados_PC https://t.co/AwJjbTHvBx,1384672889262256131,es,2021-04-21T00:58:37.000Z,0,0,0,0,Universidad de Santiago de Chile. Ing. Comercial,Rodrigo V,evalpematron,"",FALSE,2012-05-15T22:58:03.000Z
60607359,A que hora es el #Cacerolazo por nuestro #TerceRetiro10ciento?? Espero que @Diputados_PC @Camara_cl acusen constitucionalmente a @sebastianpinera,1384640783135952896,es,2021-04-20T22:51:02.000Z,0,0,0,0,"No aguant√≥ weones, tampoco weonas, prendo con agua, si webea no espere flores.",Ana Mar√≠a,LaBrujadel42,"",FALSE,2009-07-27T14:11:46.000Z
76843179,"Solo 10 Parlamentarios se requieren para #AcusacionConstitucionalAPi√±era 

 A @ a los que estar√°n con √©l Pueblo

@tomashirsch 
@Claudia_Mix 
@KarolCariola 
@Diputados_PC
 @boris_barrera https://t.co/g24olC5JDS",1384673715083005954,es,2021-04-21T01:01:54.000Z,1,0,0,0,"no sabemos quienes somos hasta que llega nuestro ultimo d√≠a,Cruzado y jamas influyente,Ariano Padre de 4üêà y 3 üêï #Jaduerista #AntiPi√±erista #AntiPacos",ROBIN HOOD,CarlosAmpuero,"",FALSE,2009-09-24T03:22:02.000Z
76843179,@mariseka @Diputados_PC @daniel_nunez_a @PCdeChile @ValeMirandaCC @KarolCariola @carmen_hertz @jjcc_chile @DiputadoMoraga @luiscuellop @PrensaPCdeChile Ya y ?? Que har√°n,1384645132398604288,es,2021-04-20T23:08:19.000Z,0,0,0,0,"no sabemos quienes somos hasta que llega nuestro ultimo d√≠a,Cruzado y jamas influyente,Ariano Padre de 4üêà y 3 üêï #Jaduerista #AntiPi√±erista #AntiPacos",ROBIN HOOD,CarlosAmpuero,"",FALSE,2009-09-24T03:22:02.000Z
778219520,@mariseka @Diputados_PC @daniel_nunez_a @PCdeChile @ValeMirandaCC @KarolCariola @carmen_hertz @jjcc_chile @DiputadoMoraga @luiscuellop @PrensaPCdeChile Nunca pense que viviria una pandemia ni menos en un gobierno qlio que no ha hecho nada... que presidente mas ctm tenemos weon que rabia ü§¨,1384649990337925121,es,2021-04-20T23:27:37.000Z,0,0,0,0,"Amante de la m√∫sica electr√≥nica , andar en , de leer un buen y disfrutar de una excelente ... Soy un so√±ador y disfruto de las cosas simples",victor padilla,vic_coco1987,"",FALSE,2012-08-24T13:47:30.000Z
808128072495013888,@mariseka @Diputados_PC @daniel_nunez_a @PCdeChile @ValeMirandaCC @KarolCariola @carmen_hertz @jjcc_chile @DiputadoMoraga @luiscuellop @PrensaPCdeChile Bajate el sueldo  y ve los comentarios de julio cesar rodriguez a los honorables diputados,1384691760518029317,es,2021-04-21T02:13:36.000Z,0,0,0,0,"",asi como vamos veo otro 73,Andres92526078,"",FALSE,2016-12-12T01:55:21.000Z
898017480169443328,@mariseka @Diputados_PC @daniel_nunez_a @PCdeChile @ValeMirandaCC @KarolCariola @carmen_hertz @jjcc_chile @DiputadoMoraga @luiscuellop @PrensaPCdeChile Y que van a hacer aparte de twetear,1384636678741139456,es,2021-04-20T22:34:44.000Z,0,0,1,0,"Sure√±o y futbolero. Amante de la m√∫sica, la lectura y el cine. Socio N¬∞ A-57711 del Eterno Campe√≥n.",Joselo,JosLuisVilleg16,"",FALSE,2017-08-17T03:03:46.000Z
915255578,@mariseka @Diputados_PC @daniel_nunez_a @PCdeChile @ValeMirandaCC @KarolCariola @carmen_hertz @jjcc_chile @DiputadoMoraga @luiscuellop @PrensaPCdeChile #AcusacionConstitucionalAPi√±eraAhora por abandono y maltrato al pueblo chileno en medio de la Pandemia.,1384644925598408705,es,2021-04-20T23:07:30.000Z,0,0,0,0,"Esto No Da Para M√°s.
#ConvencionConstitucional 
#NoMasAfp",Cuidate en Chile esta todo feo y oscuroüá®üá±üè≥Ô∏è‚Äçüåà,Patipelao2022,"",FALSE,2012-10-30T18:48:29.000Z
933068000412004352,"@mariseka @Diputados_PC @daniel_nunez_a @PCdeChile @ValeMirandaCC @KarolCariola @carmen_hertz @jjcc_chile @DiputadoMoraga @luiscuellop @PrensaPCdeChile Est√° ven su derecho de llevarlo a la TV, estamos en democracia. Por lo tanto la TV lo va a determinar.",1384658606910545923,es,2021-04-21T00:01:52.000Z,0,1,0,0,Feliz,Gyula Szentjobi@hotmail.com,SzentjobiGyula,"",FALSE,2017-11-21T20:22:01.000Z
933068000412004352,@mariseka @Diputados_PC @daniel_nunez_a @PCdeChile @ValeMirandaCC @KarolCariola @carmen_hertz @jjcc_chile @DiputadoMoraga @luiscuellop @PrensaPCdeChile Rectifico TC.,1384658805284347908,es,2021-04-21T00:02:39.000Z,0,0,0,0,Feliz,Gyula Szentjobi@hotmail.com,SzentjobiGyula,"",FALSE,2017-11-21T20:22:01.000Z
984404792805150722,@boris_barrera @Diputados_PC @PCdeChile @PrensaPCdeChile @BValpo @brigadachacon @BrigadaMarin @BgdaGalloRojo @NOmasAFP @Cutchile @Constramet @ConfusamChile @fenatsmetro Pira√±a Hijo de Puta!,1384647024704958467,es,2021-04-20T23:15:50.000Z,0,0,0,0,Garra Blanca ‚Äî Hinchada Popular,Felipe Garrido,Orates_GB,"",FALSE,2018-04-12T12:16:06.000Z
991838354022060032,"@boris_barrera @Diputados_PC @Cooperativa A la calle,, a la calle,,,, a sacar al tirano¬°¬°¬° PI√ëERA RESPONSABLE ABSOLUTO DE LA SANGRE QUE CORRERA EN LAS CALLES DE MI PATRIA",1384641535698948097,es,2021-04-20T22:54:02.000Z,0,0,1,0,Seguire marchando y alzando mi voz en la medida  de LO IMPOSIBLE¬°¬°,marcelo,marcehuemul1971,"",FALSE,2018-05-03T00:34:25.000Z
