author_id,id,created_at.x,text,lang,public_metrics.retweet_count,public_metrics.reply_count,public_metrics.like_count,public_metrics.quote_count,created_at.y,username,name,verified,url,description
1015738863535484929,1383788534931202053,2021-04-18T14:24:30.000Z,"Te invitamos a leer la reflexi√≥n de Eduardo Aninat""Distancia social:La medida de nuestro fracaso"".@dr_pegarcia @soledadalvear @hdesolminihac @MooreKarin @carovaldiviat @meryundurraga @ @CerUach @ricardo_hausman @valenzuelagabi @jpglasinovic https://t.co/FgZYEoAyMj",es,2,0,4,0,2018-07-07T23:26:31.000Z,Martacanto7,Martacanto,FALSE,"","Profesional,lectora incansable, la pintura es vocaci√≥n.Pol√≠tica,viajera siempre,me encantan los caballos.‚ù§"
1033228640,1382417836031811585,2021-04-14T19:37:50.000Z,@derechouchile Felicidades @soledadalvear üëèüëèüëèüëè,pt,0,1,1,0,2012-12-24T18:33:52.000Z,dddiaz01,Danilo D√≠az Levicoy,FALSE,"","Acad√©mico. Profesor de Matem√°tica (@ULagosOficial). Doctor en Educaci√≥n (@CanalUGR). De derechas. Cat√≥lico, Apost√≥lico y Romano."
105551157,1384545291307831297,2021-04-20T16:31:35.000Z,"@soledadalvear En serio?
Creo que es mejor escuchar a las nuevas generaciones en vez de a√±orar las pasadas... en una de esas podr√°n darse cuenta, cu√°nto la DC est√° entorpeciendo el avance de este nuevo Chile.",es,0,0,0,0,2010-01-16T18:08:14.000Z,Encierrototal,Jenny,FALSE,"",.......................
108116158,1384508587104477184,2021-04-20T14:05:44.000Z,@pepe_auth @soledadalvear @kennethbunker @lun si los 198 Diputados y senadores donar√°n la mitad de su dieta parlamentaria aportar√≠an $23.500.000.000 x mes! Se imaginan si lo hubieran hecho desde el inicio de la pandemia ? Y hoy siguen discutiendo x egos y soluciones parches y no definitivas y reales!,es,0,0,0,0,2010-01-24T22:31:22.000Z,macz67,MACZ,FALSE,"","Hombre,Hijo,Ciudadano,amante de los animales,enemigo de los que los maltratan, amigo,de los amigos,enemigo de mis enemigos,buen cocinero,y en busca del origen"
1112159006037032960,1384705286762549248,2021-04-21T03:07:21.000Z,"@JorgeTarud @soledadalvear Querida ""U""....sentimos decirle que esta Dama fue un cuasi-fiasco cuando fue canciller...En reuniones con el pa√≠s ""vecino"" la ignoraron por completo...
Tener un T√≠tulo, no garantiza liderazgos pol√≠ticos.
(otra M.B...?)",es,0,0,0,0,2019-03-31T01:05:44.000Z,NazalRenato,Ren.Nazal,FALSE,"","Cuasi Bachiller  y autodidacta..ciencias  y tecnolog√≠a, una pasi√≥n. Fuerzas rectoras del Universo son divinidades...
libre pensador, y conservacionista.."
1119435267180515328,1384662968428867588,2021-04-21T00:19:12.000Z,@ipoduje @SylviaEyzaguirr @PatoFdez @soledadalvear @pallards @conystipicic @jg_valdes @AdrianaValdes8 @mgraciavaldes @barbarabricenok @carolinagoic @israelzipper @JorgeTarud @mcubillossigall @felipeharboe @patriciowalker @elvillegaschile @kebensperger @ccampete @meguiguren https://t.co/1qL10MsA5G,und,0,0,0,0,2019-04-20T02:59:00.000Z,Eduardo18735564,Explorador,FALSE,"","Vibro con el universo, la m√∫sica, el cine, el teatro, la amistad y la conversaci√≥n."
1119435267180515328,1383878744666906634,2021-04-18T20:22:58.000Z,Yasna Provoste: ‚ÄúAl Presidente se le plante√≥ una gobernanza colegiada de la pandemia y cerr√≥ la puerta‚Äù. BUENA RESPUESTA DEL PRESIDENTE. SE REQUIERE COLABORACI√ìN PATRIOTA DE LA OPOSICI√ìN...NO OFERTAS DE CO-GOBIERNO. @HeraldoMunoz @soledadalvear @maylwino @conystipicic @pepe_auth,es,0,0,0,1,2019-04-20T02:59:00.000Z,Eduardo18735564,Explorador,FALSE,"","Vibro con el universo, la m√∫sica, el cine, el teatro, la amistad y la conversaci√≥n."
1119435267180515328,1383637181428690948,2021-04-18T04:23:05.000Z,Buena foto de J Schaulson a la pichanga pol√≠tica chilena. ‚Å¶@HeraldoMunoz‚Å© ‚Å¶@barbarabricenok‚Å© ‚Å¶@israelzipper‚Å© ‚Å¶@SylviaEyzaguirr‚Å© ‚Å¶@soledadalvear‚Å© ‚Å¶@PatoFdez‚Å© ‚Å¶@maylwino‚Å© ‚Å¶@matiaswalkerp‚Å© ‚Å¶@ProvosteYasna‚Å© ‚Å¶@_adrianamunoz‚Å© https://t.co/zsWCWLDbiu,es,0,0,0,1,2019-04-20T02:59:00.000Z,Eduardo18735564,Explorador,FALSE,"","Vibro con el universo, la m√∫sica, el cine, el teatro, la amistad y la conversaci√≥n."
1119435267180515328,1381723147012038667,2021-04-12T21:37:24.000Z,@ipoduje @barbarabricenok @matiaswalkerp @patriciapolitz @RBergoeingV @soledadalvear @PatoFdez @maylwino @pepe_auth @conystipicic @israelzipper @PaolaBerlin @pallards @virginiaarayam @melnicksergio @SylviaEyzaguirr @bdelamaza @mcubillossigall @elvillegaschile @mgraciavaldes https://t.co/Sfrxtib6fc,und,0,0,0,0,2019-04-20T02:59:00.000Z,Eduardo18735564,Explorador,FALSE,"","Vibro con el universo, la m√∫sica, el cine, el teatro, la amistad y la conversaci√≥n."
1119435267180515328,1384611410882273284,2021-04-20T20:54:19.000Z,@soledadalvear @allamand @HeraldoMunoz @jg_valdes @amorenocharme @VieragalloQ @maylwino @SylviaEyzaguirr @JorgeTarud @sergiobitar @robertoampuero @conystipicic @PatoFdez @mcubillossigall @barbarabricenok @xitorrescautivo @israelzipper @AdrianaValdes8 @mgraciavaldes @kebensperger https://t.co/bGJFyAJUCi,und,0,0,0,0,2019-04-20T02:59:00.000Z,Eduardo18735564,Explorador,FALSE,"","Vibro con el universo, la m√∫sica, el cine, el teatro, la amistad y la conversaci√≥n."
1119435267180515328,1384608158983901192,2021-04-20T20:41:24.000Z,@kikemujica @conystipicic @PatoFdez @patriciapolitz @PaolaBerlin @marcodelaparra @xitorrescautivo @jumastorga @tv_monica @ccampete @kebensperger @bdelamaza @meguiguren @israelzipper @ana_josefa @DMatamala @barbarabricenok @maxcolodro @SylviaEyzaguirr @melnicksergio @soledadalvear https://t.co/Ayd0wiDQln,und,0,0,0,0,2019-04-20T02:59:00.000Z,Eduardo18735564,Explorador,FALSE,"","Vibro con el universo, la m√∫sica, el cine, el teatro, la amistad y la conversaci√≥n."
1119435267180515328,1382332731070238723,2021-04-14T13:59:40.000Z,üëèüëèüëè @soledadalvear tremendo logro...!!! https://t.co/OAzlxg2QTq,es,0,1,0,0,2019-04-20T02:59:00.000Z,Eduardo18735564,Explorador,FALSE,"","Vibro con el universo, la m√∫sica, el cine, el teatro, la amistad y la conversaci√≥n."
1119435267180515328,1382009441734787074,2021-04-13T16:35:02.000Z,@SylviaEyzaguirr @pepe_auth @patriciapolitz @PatoFdez @soledadalvear @mauriciohofmann @conystipicic @kikemujica @pmolinaarmas @bdelamaza @patriciowalker @mirnaschindler @gabrielsilber @barbarabricenok @PaolaBerlin @marcodelaparra @xitorrescautivo @ana_josefa @virginiaarayam https://t.co/JvapTA0qam,und,0,0,0,0,2019-04-20T02:59:00.000Z,Eduardo18735564,Explorador,FALSE,"","Vibro con el universo, la m√∫sica, el cine, el teatro, la amistad y la conversaci√≥n."
1119435267180515328,1384235844098150405,2021-04-19T20:01:57.000Z,"No tenemos mucha gente como √©l hoy. En mi opini√≥n, se le acercan @RicardoLagos @soledadalvear y...podr√≠a llegar a serlo @AndresVelasco https://t.co/ymtKZ2lISz",es,0,0,0,0,2019-04-20T02:59:00.000Z,Eduardo18735564,Explorador,FALSE,"","Vibro con el universo, la m√∫sica, el cine, el teatro, la amistad y la conversaci√≥n."
1119435267180515328,1384578753729343489,2021-04-20T18:44:33.000Z,@MaldonadoCurti @patriciapolitz @PatoFdez @xitorrescautivo @marcodelaparra @conystipicic @pallards @mgraciavaldes @ccampete @maxcolodro @soledadalvear @ignaciowalker @maylwino @pepe_auth @SquellaAgustin @mvacarezza @AdrianaValdes8 @tv_monica @bdelamaza @mcubillossigall https://t.co/GTqhd4iD9c,und,0,0,0,0,2019-04-20T02:59:00.000Z,Eduardo18735564,Explorador,FALSE,"","Vibro con el universo, la m√∫sica, el cine, el teatro, la amistad y la conversaci√≥n."
1119435267180515328,1381652648642875394,2021-04-12T16:57:15.000Z,@HeraldoMunoz @SylviaEyzaguirr @kebensperger @SquellaAgustin @patriciapolitz @RBergoeingV @conystipicic @ConySchon @ana_josefa @PatoFdez @soledadalvear @pallards @maylwino @PaolaBerlin @pepe_auth @xitorrescautivo @felipeharboe @israelzipper @meguiguren @marcodelaparra https://t.co/RPANm1Tvsr,und,0,0,0,0,2019-04-20T02:59:00.000Z,Eduardo18735564,Explorador,FALSE,"","Vibro con el universo, la m√∫sica, el cine, el teatro, la amistad y la conversaci√≥n."
1119435267180515328,1384311818076794882,2021-04-20T01:03:51.000Z,"Bueno...es como la confirmaci√≥n de q este parlamento es una manga de desquiciados sin decoro, que no merecen haber sido elegidos para tan alta misi√≥n. Me duele, me da verg√ºenza y me da n√°useas. @soledadalvear @AdrianaValdes8 @pallards @RBergoeingV @jg_valdes @ignaciowalker https://t.co/p2ncCVI3q5",es,0,0,0,1,2019-04-20T02:59:00.000Z,Eduardo18735564,Explorador,FALSE,"","Vibro con el universo, la m√∫sica, el cine, el teatro, la amistad y la conversaci√≥n."
1119435267180515328,1382149482700242945,2021-04-14T01:51:30.000Z,@RBergoeingV @pmolinaarmas @PatoFdez @soledadalvear @pallards @ana_josefa @MauHoffmann @virginiaarayam @israelzipper @patriciapolitz @marcodelaparra @tv_monica @ipoduje @conystipicic @kikemujica @PaolaBerlin @SquellaAgustin @ignaciowalker @ivanmoreirab @pmolinaarmas @tjholt https://t.co/9zPL4fhIQW,und,0,0,0,0,2019-04-20T02:59:00.000Z,Eduardo18735564,Explorador,FALSE,"","Vibro con el universo, la m√∫sica, el cine, el teatro, la amistad y la conversaci√≥n."
1119435267180515328,1383491151592783882,2021-04-17T18:42:49.000Z,@soledadalvear @pmolinaarmas @israelzipper @gdelafue @pallards @JoaquinBaranao @mgraciavaldes @ccampete @tv_monica @bdelamaza @RafaelCumsille @conystipicic @PatoFdez @OscarContardo @tv_monica @valenzuelagabi @DMatamala @patriciapolitz @felipeharboe @mcubillossigall @pepe_auth https://t.co/RPdjfz2E5n,und,0,0,0,0,2019-04-20T02:59:00.000Z,Eduardo18735564,Explorador,FALSE,"","Vibro con el universo, la m√∫sica, el cine, el teatro, la amistad y la conversaci√≥n."
115824375,1384287726355189762,2021-04-19T23:28:07.000Z,@soledadalvear Grande Don Patricio!,es,1,0,0,0,2010-02-20T02:57:21.000Z,M_Ekdahl,Mauricio Ekdahl N.,FALSE,https://t.co/MF0rIEYqYW,Ingeniero Civil Mec√°nico y fot√≥grafo aficionado.
1166809216809676800,1384003715971960840,2021-04-19T04:39:34.000Z,Querida @soledadalvear deseando de todo coraz√≥n que tengan un gran lunes y una semana llena de energias y bendiciones. Cari√±os de sus amigas @CHICASDECALIPSO #FcOficialChayanneUnConquistador #YoMeQuedoEnCasa https://t.co/0g7jFTnVMy,es,0,1,1,0,2019-08-28T20:26:34.000Z,MariaPa05296345,Maria Paz,FALSE,"",""
1192201624401391619,1384668302681812994,2021-04-21T00:40:23.000Z,Me sumo! Felicitaciones @soledadalvear! https://t.co/BY24AwixLF,es,0,1,2,0,2019-11-06T22:06:43.000Z,ignacio_kvh,Ignacio Kalau vom Hofe,FALSE,"","Amarillo c√≥mo el sol, opin√≥logo, experto en nada. Siempre dispuesto a cambiar de opini√≥n y ser convencido üòÅ!"
1198938016556945409,1384282731073347592,2021-04-19T23:08:16.000Z,"@PDC_Chile De q sirve el homenaje Camaradas, si han sido infiltrado por el PC y contradice totalmente los principios democr√°ticos de P.Aylwin. ¬øcu√°ndo van a despertar? Est√°n haciendo todo lo posible para repetir la historia del 70.Con ello, nuestro futuro no es auspicioso.
@soledadalvear",es,0,1,2,0,2019-11-25T12:15:09.000Z,Hector_1961,Hector Cuellar,FALSE,"","La libertad, la democracia y el bien com√∫n est√° primero que cualquier ideolog√≠a."
120632606,1384558365850882048,2021-04-20T17:23:32.000Z,@CarolinaLeitao @soledadalvear Una gran dem√≥crata que hace mucha falta al Chile de hoy. Saludos.,es,0,1,0,0,2010-03-07T02:21:17.000Z,Tucanone,Carlos Miranda Q.,FALSE,"",Controlador A√©reo Radar de Terminal Santiago de Chile. Feliz de hacer lo que le gusta. En camino a ser vegetariano.
123259147,1383617715940696068,2021-04-18T03:05:44.000Z,"@jgalemparte @soledadalvear Sorry el vocabulario, pero hay que ser muy idiota para no vacunarse, las cifras avalan la eficacia!!",es,0,0,0,0,2010-03-15T14:14:10.000Z,pao_caroca,Paola Caroca Marambio,FALSE,"","mujer feliz, madre feliz de Isidora, amante de las causas justas y enomorada del mundo agrario y su gente"
1233947923056123911,1384652953127211011,2021-04-20T23:39:24.000Z,"@AlbornozStgo @soledadalvear Mmmmmmm, si hasta Kel Calder√≥n sali√≥ egresada!......",es,0,0,0,0,2020-03-01T02:52:08.000Z,Gecho121102,Gecho,FALSE,"","Siempre positivo, feliz de existir"
1253926109877600256,1383158742729035778,2021-04-16T20:41:56.000Z,"@soledadalvear @patriciowalker @latercera Oiga mi hijo me ley√≥ la historia del Hotel Carrera de Luksicc, qsinverg√ºenza es ud, una pena su vida y la su marido, mandar√© la historia al twitter para qtodos la lean, uds 2 como pareja son tal para cu√°l, otra cuanto ganan los 2 x cada preso en las c√°rceles un negocio rentable",es,0,0,0,0,2020-04-25T05:58:02.000Z,antonella_siri,Antonella Siri,FALSE,"","No me siga derecha, delincuentes, mafiosos, saqueadores, asesinos, torturadores, violadores, narcos, golpistas, dictadores, pedofilos ser√°n bloqueados #JaduePre"
1269400834774896642,1383818260764717071,2021-04-18T16:22:38.000Z,"Invitamos a leer reflexi√≥n de Eduardo Aninat ex Ministro Hacienda ‚ÄùDistancia Social:La medida de nuestro fracaso‚Äù.Agradecemos el  aporte a la mirada larga q Chile necesita,escasa por estos d√≠as.@ForoRios @jpglasinovic @panguipuIIi @Diario_Valdivia @soledadalvear @dr_pegarcia https://t.co/7Cj4wK7xB6",es,4,0,3,0,2020-06-06T22:48:56.000Z,ForoRios,Fundaci√≥n Foro de Los Rios,FALSE,"","Pensamiento global,acci√≥n local.Fundacion para el desarrollo integral de la Regi√≥n de Los R√≠os"
127940905,1383965868221079557,2021-04-19T02:09:10.000Z,"@mirnaschindler @soledadalvear Impuestos... si quiere hacer s√≠mbolos para eso esta la teleton para q hagan su lavado de imagen... basta mirna, tu opini√≥n es del siglo pasado",es,0,0,0,0,2010-03-30T17:35:25.000Z,fcooespinoza,Francisco Espinoza,FALSE,"",Soy un Bot
1283126680270274565,1384572033200279556,2021-04-20T18:17:51.000Z,@soledadalvear Ahora tienen en la DC a puros populistas,es,0,0,0,0,2020-07-14T19:50:24.000Z,J__madison,Alejandro T,FALSE,"",üá®üá±
1308293976462688256,1384658312164171777,2021-04-21T00:00:41.000Z,@soledadalvear Se√±ora Soledad espero que esta Se√±ora no vote contra el requerimiento de la Gente,es,0,0,0,0,2020-09-22T06:36:17.000Z,alaldipi,Alejandro Diaz,FALSE,"",""
134923734,1384157670039441410,2021-04-19T14:51:19.000Z,"@AlbertoKlaveren @totonia68 @CIDH @PJudicialChile @CP_OEA @Amb_Ulyanov @mbachelet @UN_HRC @inddhh @UN_Valovaya @UN @jg_valdes @A__Alimov @UNGeneva @soledadalvear @CoE_Russia @ignaciowalker @marianopdc @GGatilov @RussiaUN I ask for @rcperezmanrique @CorteIDH good offices for what @totonia68 refers @CIDH P1326-08/@PJudicialChile 1200388395-5 at @CP_OEA

https://t.co/4vZwXcac7Z

I ask for @PCA_CPA good offices for @mbachelet refers @CIDH P1326-08 at @UN_HRC

https://t.co/sWwxYAkJNn

@UN_SPExperts https://t.co/ERbOMhn33X",en,2,0,0,0,2010-04-19T21:15:11.000Z,rodhavilland,Rodrigo Avila Lorca,FALSE,https://t.co/NH7STGzvGa,"The @LibDems of Chile : Diplomado in Public Policies and Citizen Security @uahurtado
Historian, Journalist, Diplomat"
134923734,1382805913325740034,2021-04-15T21:19:55.000Z,"@AlbertoKlaveren @totonia68 @CIDH @PJudicialChile @CP_OEA @Amb_Ulyanov @mbachelet @UN_HRC @inddhh @UN_Valovaya @UN @jg_valdes @A__Alimov @UNGeneva @soledadalvear @CoE_Russia I ask for @ignaciowalker @marianopdc good offices for what @totonia68 refers @CIDH P1326-08/@PJudicialChile 1200388395-5 at @CP_OEA

https://t.co/4vZwXcrNwz

I ask for @GGatilov good offices for what @mbachelet refers @CIDH P1326-08 at @UN_HRC

https://t.co/sWwxYA38VP

@RussiaUN https://t.co/BR9iyYIo6m",en,2,1,0,0,2010-04-19T21:15:11.000Z,rodhavilland,Rodrigo Avila Lorca,FALSE,https://t.co/NH7STGzvGa,"The @LibDems of Chile : Diplomado in Public Policies and Citizen Security @uahurtado
Historian, Journalist, Diplomat"
134923734,1382516530848665601,2021-04-15T02:10:01.000Z,"@AlbertoKlaveren @totonia68 @CIDH @PJudicialChile @CP_OEA @Amb_Ulyanov @mbachelet @UN_HRC @inddhh @UN_Valovaya @UN @jg_valdes @A__Alimov @UNGeneva I ask for @soledadalvear good offices for what @totonia68 refers @CIDH P1326-08/@PJudicialChile 1200388395-5 at @CP_OEA 

https://t.co/4vZwXcrNwz

I ask for @CoE_Russia good offices for what @mbachelet refers @CIDH P1326-08 at @UN_HRC &amp; @inddhh

https://t.co/sWwxYA38VP

@UNGeneva https://t.co/xR3kuziNFl",en,2,1,0,0,2010-04-19T21:15:11.000Z,rodhavilland,Rodrigo Avila Lorca,FALSE,https://t.co/NH7STGzvGa,"The @LibDems of Chile : Diplomado in Public Policies and Citizen Security @uahurtado
Historian, Journalist, Diplomat"
148424150,1384533714785419266,2021-04-20T15:45:35.000Z,"@carolinagoic @soledadalvear Ayer lei acerca del CarmenGate, al parecer su historia esta plagada de nubarrones.",es,0,0,0,0,2010-05-26T17:20:40.000Z,Tonkarazmilic,Tonka Miroslava Razmilic,FALSE,"","Ingeniero Industrial, Technische Universit√§t M√ºnchen, Ph.D. Pol√≠tica Econ√≥mica, comprometida, Basquetbol, Ajedrez y las Tuercas ,  Ordinariez = Bloqueo,"
148424150,1382765892774342661,2021-04-15T18:40:54.000Z,"@mppdarda @soledadalvear No puede ser blanco a negro, hay aspectos para lo cual se requiere descentralizaci√≥n y otros para los cuales la centralizaci√≥n es muy importante.
Mire nada m√°s la escoba que hay en pa√≠ses federales, como USA o Brazil.",es,0,1,1,0,2010-05-26T17:20:40.000Z,Tonkarazmilic,Tonka Miroslava Razmilic,FALSE,"","Ingeniero Industrial, Technische Universit√§t M√ºnchen, Ph.D. Pol√≠tica Econ√≥mica, comprometida, Basquetbol, Ajedrez y las Tuercas ,  Ordinariez = Bloqueo,"
1583373030,1384287909969162249,2021-04-19T23:28:51.000Z,"@soledadalvear Que liderazgo !
Sin duda un personaje clave en una de las transiciones mas importantes que hemos vivido 
Claro que hace mucha falta !!",es,0,0,0,0,2013-07-10T15:40:15.000Z,cataconcon,Catalina Mar√≠aüåπ,FALSE,"","felicidad para ti, para m√≠, para todos !"
161479320,1382803427248443397,2021-04-15T21:10:02.000Z,"@Tonkarazmilic @soledadalvear Estoy muy de acuerdo que no puede ser blanco o negro, por eso lo m√°s importante es que la descentralizaci√≥n debe ser gradual y contar con financiamiento. 
Yo no planteo federalismo, planteo Estado Unitario y Descentralizado.",es,1,0,1,0,2010-06-30T23:42:04.000Z,mppdarda,Pilar Pe√±a D'Ardaillon,FALSE,"","Polit√≥loga|
@comunidadenmov|
üó≥Candidata CC D11|
IüíõDeby Pintaüê∂|
Creo en Dios‚úùÔ∏è|
Amo üë´üìö‚úíüåû‚ôªÔ∏è‚úàüèùüéÅüé∂ü¶î"
163133662,1384685173749518336,2021-04-21T01:47:26.000Z,@HernanLarrainF @soledadalvear Felicitaciones...üëçüòÅüå∫üíêüå∏üå±üåºüå∑üåªüåπ‚öò,es,0,0,0,0,2010-07-05T16:47:29.000Z,magigeanto,Margarita Vergara,FALSE,"",Tengo 49 a√±os y 2 hijos de 15 y 18 a√±os
163620089,1384662328042561541,2021-04-21T00:16:39.000Z,Felicitaciones a @soledadalvear por merecido reconocimiento! https://t.co/3dsGDsDrvd,es,0,2,15,0,2010-07-06T21:58:09.000Z,HernanLarrainF,Hern√°n Larra√≠n F.,TRUE,https://t.co/2bjehyM0nz,Ministro de Justicia y Derechos Humanos. @minjuDDHH
165536770,1384709889616924672,2021-04-21T03:25:39.000Z,@CarolinaLeitao @soledadalvear Mis respetos..,es,0,0,0,0,2010-07-11T21:46:22.000Z,mcastro2lagunas,Marcelo Castro L,FALSE,"","Contador Auditor, Director Sindical, diplomado gesti√≥n de personas, amante de folclore, quiero ver a Renca desarrollada, libre pensador."
168721828,1382127190016458758,2021-04-14T00:22:55.000Z,@rdiazworner @soledadalvear @LaRoja üëèüèªüëèüèªüëèüèª,und,0,0,1,0,2010-07-20T16:32:58.000Z,veroalvear,la vero,FALSE,"",Cachorros a morir!!üíúüíôüíö
174082204,1384667960577495048,2021-04-21T00:39:02.000Z,Muy buena columna de @soledadalvear sobre proyecto de ley de eutanasia. No se trata de autonom√≠a sino de la dignidad inviolable de la vida humana: https://t.co/zpcsv7IcDJ,es,4,1,7,1,2010-08-03T02:00:43.000Z,hcorralt,Hern√°n Corral,FALSE,http://t.co/ZzEcMPb9pB,Abogado. Profesor de Derecho Civil.
177315860,1384546643182243843,2021-04-20T16:36:58.000Z,"@derechouchile Estimada Soledad , merecidas felicitaciones!!  @soledadalvear, no solo mereces ser destacada por tu desempe√±o profesional y acad√©mico, sino que ante todo por tu sencillez y por tus innegables valores humanos, en el trato y compromiso con tu pr√≥jimo.
Cari√±os",es,2,1,5,0,2010-08-11T20:36:53.000Z,JJVjaime,Jaime Jim√©nez,FALSE,"",Abogado
180554380,1383608768244555780,2021-04-18T02:30:11.000Z,@FcoDarmendral @soledadalvear Mi gran recuerdo de ni√±ez¬°¬°¬° pocos se acuerdan que a√±os despu√©s ahi estaba la comisaria de Los Dominicos y un jardin infantil al que asist√≠.,es,0,0,0,0,2010-08-19T22:44:42.000Z,rodriclark,Rodrigo,FALSE,"","Periodista de la U de Chile, hincha de la Union Espanola, del cine y de la literatura. Doglover, dem√≥crata 100%. Amo a mi pa√≠s y quiero sea m√°s justo para todos"
18704839,1381805001136336896,2021-04-13T03:02:39.000Z,"@jorgeheinel @marichivalero @max_bello_m @theabhayk @dirkjanjanssen @F_Cruz_F @soledadalvear @anderspreben @carolamorgado @RenzoVaccarezza @BorisYopo @agzocar @ADrouilly East India Row, Harbor Tower. Viv√≠ en ese edificio del waterfront en el 2001",ca,1,1,1,0,2009-01-07T01:20:52.000Z,marconunez,Marco Antonio Nu√±ez,FALSE,https://t.co/KVjDHvHWE4,"M√©dico, MPH @harvard, Ph.D @JohnsHopkins ex Presidente @la_Fech y @Camara_cl Profesor Medicina @ufinisterrae Presidente @opticasdechile.cl  üêïWatson ü¶Åüíô"
18704839,1381829121307770880,2021-04-13T04:38:30.000Z,"@jorgeheinel @marichivalero @max_bello_m @theabhayk @dirkjanjanssen @F_Cruz_F @soledadalvear @anderspreben @carolamorgado @RenzoVaccarezza @BorisYopo @agzocar @ADrouilly Caminando al Aquarium, Little Italy, Faneuil Hall Marketplace, Paul Revere House, Tea Party, Boston Common. Las pel√≠culas filmadas en Boston siempre tienen tiros de c√°mara de esos lugares",es,1,1,1,0,2009-01-07T01:20:52.000Z,marconunez,Marco Antonio Nu√±ez,FALSE,https://t.co/KVjDHvHWE4,"M√©dico, MPH @harvard, Ph.D @JohnsHopkins ex Presidente @la_Fech y @Camara_cl Profesor Medicina @ufinisterrae Presidente @opticasdechile.cl  üêïWatson ü¶Åüíô"
188114283,1384289777839599619,2021-04-19T23:36:16.000Z,"@juanpasaez @soledadalvear Empatizo y reconciliador legado? A cu√°nto te refieres, a gestar un golpe de estado apoyado por EEUU contra un presidente elegido democr√°ticamente ?",es,0,0,0,0,2010-09-07T23:32:44.000Z,jalbertomonel,Julillo,FALSE,"","M√∫sico profesional, profesor de m√∫sica, director de orquesta, amante de los animales y la naturaleza, agn√≥stico, de tendencia pol√≠tica de izquierda."
188114283,1384288715749556234,2021-04-19T23:32:03.000Z,@soledadalvear Para gestar otro golpe de estado contra un presidente democr√°ticamente elegido ?,es,0,0,2,0,2010-09-07T23:32:44.000Z,jalbertomonel,Julillo,FALSE,"","M√∫sico profesional, profesor de m√∫sica, director de orquesta, amante de los animales y la naturaleza, agn√≥stico, de tendencia pol√≠tica de izquierda."
196333638,1384589456234229762,2021-04-20T19:27:05.000Z,"@soledadalvear Es verdad, pero hoy con los aparecidos en pol√≠tica y oyrso mas viejitos en busca de aplausos, lo estar√≠an insultando de lo lindo. Don  Patricio no se merece a los pol√≠ticos de hoy. Que descanse en paz y que lo recordemos con todo el honor que se gan√≥",es,0,0,0,0,2010-09-28T21:57:33.000Z,nuncacallado,nuncacallado,FALSE,"",Ing.Comercial/UAI. PMD/Harvard BS. Se dispara de chincol a jote contra la hipocres√≠a. Con respeto eso si.
225170681,1384513901778374656,2021-04-20T14:26:51.000Z,"@patriciowalker @soledadalvear Estimado, 120 palitos?. Ufff. https://t.co/qAS4TGfBr6",es,0,0,0,0,2010-12-10T21:55:19.000Z,RodrigoNunezC,Rodrigo Nu√±ez C.,FALSE,"","Padre de @_Francisconunez, 8 hermanos, 36 Sobrinos, 28 t√≠os. Pe√±alolino de coraz√≥n. Amante de lo r√∫stico,crear y del buen carmenere."
228458202,1384292752540585989,2021-04-19T23:48:05.000Z,"@soledadalvear Es Cristiano, cree en Dios y Jesucristo. Ahora son Laicos con muchas Religiones en un Partido Cristiano.",es,0,0,0,0,2010-12-19T19:45:12.000Z,rrpepe37,roberto antonio r.,FALSE,"","ingeniero mecanico , dise√±os de maquinas , ingeniero control de proyectos"
2296814714,1382675881567649800,2021-04-15T12:43:13.000Z,"@sebasugarte @soledadalvear Grandes personas, luchadores por la vida...!!! Cu√≠date. https://t.co/eOnXKFGHPq",es,1,1,3,0,2014-01-17T21:42:44.000Z,SandraNahuelpan,Sandra Nahuelpan Vargas,FALSE,"","Trabajadora, Dirigente Sindical del glorioso Registro Civil  de üá®üá±.    APRUEBO nueva constituci√≥n. Animalista: ADOPTA UN@ SIN HOGAR,  NO COMPRES..!!!!"
2356766587,1382488082373562372,2021-04-15T00:16:58.000Z,"@cjarab @soledadalvear @tatipennab As√≠ es como quiero recordar siempre a @tatipennab . Con la base heroica, ov√°rica, que rezuma esta canci√≥n. Descansa en paz, √≠dola.",es,0,0,0,0,2014-02-22T18:46:03.000Z,LHCZ14,LCZ,FALSE,"",Me cargan los g√ºiners
246303646,1383934738029637638,2021-04-19T00:05:28.000Z,"@huaso11 @AldoDuqueSantos Y no se realizar√° x los Tratados firmados x @RicardoLagos e implementados x @soledadalvear y JA G√≥mez.
Ah√≠ se inicia la debacle‚ùóÔ∏è
Para pertenecer a la @ocdeenespanol Chile debi√≥ cambiar el Sistema Procesal Penal a uno GARANTISTA, donde los delincuentes tienen + D* q las v√≠ctimas.",es,10,1,11,0,2011-02-02T15:01:59.000Z,TatianaSAV,Tatiana üëåüèºüíØüá®üá±,FALSE,"",ESTADO DE DERECHO E IGUALDAD ANTE LA LEY. PROVIDA. üö´POPULISMO. üö´GLOBALISMO. PATRIOTA POR üá®üá±SIEMPRE‚ùóÔ∏è
2558434423,1382496618390425602,2021-04-15T00:50:54.000Z,"@Edu_Cornejog @KaMedicamentosa @lauralbornoz @soledadalvear @mirkomacari No se pierde nada en preguntar, el silencio tambi√©n es una respuesta.",es,0,1,0,0,2014-06-10T07:16:51.000Z,armageddoncl,Eduardo Beltr√°n Novoa,FALSE,"",#Ateismo  #PalestinaLibre üáµüá∏ ‚úäüèª
2558434423,1382493637196529664,2021-04-15T00:39:03.000Z,"Me gustar√≠a la opini√≥n de @lauralbornoz y @soledadalvear, tengo el honor que ambas me siguen. Ojal√° nos cuenten que les parecen estas revelaciones de JC Rodriguez y @mirkomacari https://t.co/9TtmS9iwIP",es,1,1,0,0,2014-06-10T07:16:51.000Z,armageddoncl,Eduardo Beltr√°n Novoa,FALSE,"",#Ateismo  #PalestinaLibre üáµüá∏ ‚úäüèª
2604004064,1382683156042678272,2021-04-15T13:12:08.000Z,"@germanmartincal @soledadalvear Lea, informese, mire los n√∫meros.  Los slogans  no ayudan.",es,0,1,1,0,2014-07-04T19:34:27.000Z,Luis_A_Riveros,Luis Riveros Cornejo,FALSE,https://t.co/yQIwodTycw,"Profesor de Historia, Economista y Acad√©mico universitario.  Ex Rector de la U. de Chile. Libre pensador, tolerante y republicano. Actual Decano UCEN de Chile."
262941635,1384721266515587075,2021-04-21T04:10:51.000Z,@derechouchile Gran reconocimiento a una gran mujer @soledadalvear,es,0,0,0,0,2011-03-09T02:07:54.000Z,NicoIbarra7,Nicol√°s Ibarra,FALSE,https://t.co/c58aLEuIhI,28 a√±os | #Macul 2021 | Ingeniero Comercial Mag√≠ster (c) Econom√≠a Aplicada (@uahurtado / @FordhamNYC ) | #Cat√≥lico | #Emprendedor | Piloto Drag üá®üá± | Ciclista
284131154,1382822591795200002,2021-04-15T22:26:12.000Z,@soledadalvear ‚Äúest√°n los valores de la democracia y la tolerancia‚Äù ‚Äúquiero destacar el valor que aportan a generar una pol√≠tica seria‚Äù #30aniversario,es,1,0,1,0,2011-04-18T17:48:52.000Z,CarlosFarayAsoc,Carlos Fara & Asoc.,FALSE,https://t.co/ttfMJSwAuI,Consultor√≠a pol√≠tica integral en Argentina y Am√©rica Latina hace 30 a√±os. 78 % de efectividad en campa√±as electorales.
29380636,1383764308849397761,2021-04-18T12:48:14.000Z,"@Guarequena @soledadalvear @ElMercurio_cl Deberiamos hablar de la lucrativa primera linea de medicos Chilenos esa que no deja entrar nuevos m√©dicos especialista para no hechar a perder el negocio, pero ese lucro a la izquierda no le interesa @colmedchile",es,0,0,1,0,2009-04-07T04:15:35.000Z,Renevillegas,Ren√© Villegas,FALSE,"","Patagon (NIC), Liberal, Colocolino como el 44,8 % de los Chilenos, emprendedor, padre d un patagoncito y libre pensador"
2948937185,1384293439538229248,2021-04-19T23:50:49.000Z,"@patriciosainzr @soledadalvear en que mundo vives.... osea las pueden basurear y no se pueden quejar?

enfermo de resentido tu comentario",es,0,0,0,0,2014-12-29T10:26:19.000Z,rodrigo_danioni,Caleta Pelluhue,FALSE,"",""
2985491710,1384682881990250498,2021-04-21T01:38:19.000Z,"@hcorralt @soledadalvear Dignidad y autonom√≠a no son conceptos independientes en nuestra cultura occidental, sino todo lo contrario, se implican mutuamente. Desde la Atenas cl√°sica en adelante, el ideal de humanidad se funda en la afirmaci√≥n de la libertad individual para decidir sobre el propio destino.",es,0,0,0,0,2015-01-19T09:39:14.000Z,carloscalvoa,Carlos Calvo,FALSE,"",Con un pie en Chile y otro en Espa√±a. Doctorando en Filosof√≠a UAM.
308074293,1382327171096645635,2021-04-14T13:37:34.000Z,@soledadalvear creo que rea una broma,es,0,0,1,0,2011-05-30T19:52:01.000Z,la_toletole,Sole,FALSE,"",Rubia cuando grande
312402355,1382147016160116738,2021-04-14T01:41:42.000Z,"@rdiazworner @soledadalvear @LaRoja Bien por la seleccion de futbol felicitaciones, mal por la funesta ideologia de paridad de genero. Cuando lo tengan que operar de algo pida en el quirofano que cumplan equidad de genero",es,0,0,0,0,2011-06-07T02:22:57.000Z,landskings,Marcelo Rey,FALSE,"",""
3130893363,1382484847239790595,2021-04-15T00:04:07.000Z,@cei_uc @soledadalvear @derechouc @ucatolica @ctransparencia @albertoprechtr @gdelafue @GobiernodeChile @Contraloriacl @MinjuDDHH @laSUBDERE üòÇü§£üòÇü§£üòÇü§£üòÇü§£üòÇü§£üòÇü§£es broma???!!!!,es,0,0,0,0,2015-04-01T01:15:28.000Z,catherina_caty,catherina alvarado,FALSE,"",""
351607955,1384509136898039810,2021-04-20T14:07:55.000Z,@pepe_auth @soledadalvear @kennethbunker @lun üêÄüêÅüêÄ,und,0,0,0,0,2011-08-09T13:59:57.000Z,DioClau1994,Claudio,FALSE,"","""Las redes sociales no determinan el calibre de una persona"". 26 y contando.
Escribo a T√çTULO PERSONAL."
36138394,1382131920180555776,2021-04-14T00:41:43.000Z,"@ignaciowalker @soledadalvear Muy de acuerdo en situaciones normales. No estamos en jna situacion normal y quien debe hacer el esfuerzo que es el gobierno, llega tarde, mal y nunca",es,0,0,0,0,2009-04-28T18:20:35.000Z,extempora,david,FALSE,"",""
368669571,1382495616425734147,2021-04-15T00:46:55.000Z,@KaMedicamentosa @armageddoncl @lauralbornoz @soledadalvear @mirkomacari Antes que respondan yo aprender√© a tejer a croch√©,es,0,2,0,0,2011-09-06T01:17:17.000Z,Edu_Cornejog,Edo Cornejo,FALSE,"","feo muy agradecido! Pap√° de dos, no me da para mam√° , vivo con una ! Abogado, ya que todos le ponen el t√≠tulo !"
368669571,1382498119229800449,2021-04-15T00:56:51.000Z,@KaMedicamentosa @armageddoncl @lauralbornoz @soledadalvear @mirkomacari Lo m√°s triste es que cada instituci√≥n es hoy una caja pagadora de un sector,es,0,0,1,0,2011-09-06T01:17:17.000Z,Edu_Cornejog,Edo Cornejo,FALSE,"","feo muy agradecido! Pap√° de dos, no me da para mam√° , vivo con una ! Abogado, ya que todos le ponen el t√≠tulo !"
41604145,1384464453694066692,2021-04-20T11:10:22.000Z,Gran reconocimiento @soledadalvear  y muy merecido. Un orgullo. Su liderazgo adem√°s ha permitido abrir camino a muchas mujeres con vocaci√≥n pol√≠tica. Felicitaciones!! https://t.co/AX83PANCap,es,13,5,41,2,2009-05-21T15:11:35.000Z,CarolinaLeitao,Carolina Leitao,FALSE,https://t.co/QY3nG2CrpV,"Alcaldesa de Pe√±alol√©n. Trabajando por una comuna m√°s Segura, Acogedora y Justa."
4855438672,1384490416591015936,2021-04-20T12:53:32.000Z,"@SandraNahuelpan @sebasugarte @soledadalvear Y contaminandoce y donde est√° la distancia, supongo que despu√©s se cambiar√°n los uniformes..",es,0,0,0,0,2016-01-27T23:40:23.000Z,AlexERiveraHerr,Alex Eduardo Rivera Herrera,FALSE,"",""
52094248,1381930758479089668,2021-04-13T11:22:22.000Z,"@marconunez @marichivalero @max_bello_m @theabhayk @dirkjanjanssen @F_Cruz_F @soledadalvear @anderspreben @carolamorgado @RenzoVaccarezza @BorisYopo @agzocar @ADrouilly Asi es , Marco Antonio ! Una ciudad que respira historia ! Saludos !",es,0,0,1,0,2009-06-29T15:50:59.000Z,jorgeheinel,Jorge Heine,FALSE,https://t.co/IT1C9AN44D,"Profesor de RRII,Pardee School of Global Studies, Universidad de Boston .Ex Embajador de Chile en China, en India y en Sud√°frica. Instagram @jorgeheine"
52094248,1381723323508346885,2021-04-12T21:38:06.000Z,"@GanaCarola @marichivalero @max_bello_m @theabhayk @dirkjanjanssen @F_Cruz_F @soledadalvear @anderspreben @carolamorgado @RenzoVaccarezza @BorisYopo @agzocar @ADrouilly Apreciado, Carola ! Es una ciudad tan variada y que tiene tanto que ofrecer. Yo recien la estoy descubriendo !",es,0,0,1,0,2009-06-29T15:50:59.000Z,jorgeheinel,Jorge Heine,FALSE,https://t.co/IT1C9AN44D,"Profesor de RRII,Pardee School of Global Studies, Universidad de Boston .Ex Embajador de Chile en China, en India y en Sud√°frica. Instagram @jorgeheine"
52094248,1381817303860273153,2021-04-13T03:51:32.000Z,@marconunez @marichivalero @max_bello_m @theabhayk @dirkjanjanssen @F_Cruz_F @soledadalvear @anderspreben @carolamorgado @RenzoVaccarezza @BorisYopo @agzocar @ADrouilly Que bien ! Gran lugar ! Esplendida vista !,es,0,1,0,0,2009-06-29T15:50:59.000Z,jorgeheinel,Jorge Heine,FALSE,https://t.co/IT1C9AN44D,"Profesor de RRII,Pardee School of Global Studies, Universidad de Boston .Ex Embajador de Chile en China, en India y en Sud√°frica. Instagram @jorgeheine"
554800231,1382322510855823361,2021-04-14T13:19:03.000Z,"@derechouchile Lo m√°s importante adem√°s de sus capacidades intelectuales, profesionales y de alta gesti√≥n de Estado, es su calidad humana. !!! @soledadalvear @pcp_chile @Senado_Chile  @Minrel_Chile @udechile",es,0,1,0,0,2012-04-16T02:21:20.000Z,EcoBank_Chile,M. LLanos Gorichon,FALSE,"","Co Founder SAB Partners| Private Equity and M&A.
SummaInvest
Miembro de PcP y Socialcristiano.
#iberocumbre2020"
58669387,1384702749216964610,2021-04-21T02:57:16.000Z,"@derechouchile Gran y merecido reconocimiento para @soledadalvear , una de las mujeres pioneras en liderar espacios en la pol√≠tica chilena y la gesti√≥n p√∫blica, y que inspir√≥ a muchas otras desde el humanismo cristiano üëèüèºüëèüèº",es,0,0,1,0,2009-07-21T02:05:42.000Z,NikiSaez,Nicole S√°ez,TRUE,"",Directora Ejecutiva de Rector√≠a @usach . Ex Subsecretaria de Deportes 2014 - 2018. Terapeuta en Actividad F√≠sica y Salud. Humanista Cristiana.
61249143,1384563093670346755,2021-04-20T17:42:20.000Z,@derechouchile Al final un reconocimiento en vida a una gran mujer @soledadalvear,es,0,1,0,0,2009-07-29T17:34:40.000Z,igormoralesv,Igor Morales V.,FALSE,https://t.co/s28jql27Wt,#Compliance #Mediaci√≥n #ODS #Abastecimiento. Director @cicab_org @redabast Cap CH @worldcompl Asoc a @RedChileAGA @IntlOmbudsAssoc  @ORCID_Org e @ISOC_LAC
63176056,1382555655865651203,2021-04-15T04:45:29.000Z,Justo y merecido reconocimiento a la gran @soledadalvear https://t.co/WeFyOhKE31,es,0,0,0,1,2009-08-05T16:17:37.000Z,FuentealbaEvans,Jp,FALSE,"","#NuevaConstituci√≥n, Profesor, Mag√≠ster en Historia y Diplomado en Gobierno y Gesti√≥n P√∫blica.
Conviviente civil de @ConiPizarrof"
632379631,1382131489366761474,2021-04-14T00:40:00.000Z,"@ignaciowalker @soledadalvear Hablar de seguridad social hoy d√≠a....eso no les import√≥ cuando tocaron seguro de cesant√≠a como primera medida para superar la crisis. Saben realmente lo que significa  seguridad social en estado de cat√°strofe ?
Antes de ser JUSTO - se - HUMANO.",es,1,0,3,0,2012-07-10T22:42:22.000Z,NaneLama,Jeanete Lama Eljatib,FALSE,"",He guardado tus palabras y tu recuerdo en mi coraz√≥n ...me haces mucha falta viejito.
64902041,1384294900196274177,2021-04-19T23:56:37.000Z,@juanpasaez @soledadalvear Legado hist√≥rico de haber sido uno de los principales gestores politicos del golpe de estado mas sangriento de nuestra historia .,es,0,0,3,0,2009-08-12T02:05:54.000Z,luxoalcaino,Lucho Alcaino,FALSE,"","Realizador #Audiovisual en Ikarusproducciones,#Filmphotography,asesor en #marketingdigital,deportista, #Photograph #Cinefilo y pap√° de una parejita ‚ù§"
64924774,1384586380861480965,2021-04-20T19:14:52.000Z,@soledadalvear As√≠ es. Veo a Frente Amplio y a√±oro a gente seria como √©l.,es,0,0,0,0,2009-08-12T03:36:30.000Z,Homerogac,Homero Gac,FALSE,"",""
701763787,1384557141097394183,2021-04-20T17:18:40.000Z,Sin duda de las mejores (y en la facultad el nivel es muy alto). Felicidades a @soledadalvear https://t.co/osXe08z6AL,es,1,2,6,2,2012-07-17T20:57:22.000Z,AlbornozStgo,‚òâüòéSantiago Albornoz Pollmann,FALSE,https://t.co/HMtnHxAaGH,"Abogado U. de Chile. Hijo de la educaci√≥n p√∫blica. Ejercicio libre de la profesi√≥n. Juicios laborales y da√±os.  
Visite: https://t.co/5WkagiNbow"
72121300,1382345874366476297,2021-04-14T14:51:53.000Z,"@derechouchile @soledadalvear Si, pero con esa historia, hoy da pena. Dime con quien andas aqu√≠ aplica. Mire que vestirse ahora con los gobiernos que fueron atacados por los que hoy la apoyan, esa derecha que odia al pueblo, salvo cuando se pone chupamedia para conseguir su voto",es,0,0,1,0,2009-09-06T20:48:09.000Z,MARCIAMARGARITA,Marcia Pineda Soto,FALSE,"",periodista
72449675,1384510090762493952,2021-04-20T14:11:43.000Z,Muchas felicidades a @soledadalvear. Despu√©s de haber podido comprobar su trabajo de excelencia en la Comisi√≥n de Constituci√≥n del Senado (que compartimos durante varios a√±os) tengo la convicci√≥n que este reconocimiento es m√°s que justo y merecido. Un abrazo querida Soledad https://t.co/4ufd8zXu1N,es,1,1,10,1,2009-09-08T02:27:12.000Z,patriciowalker,Patricio Walker,FALSE,"","Abogado y Mag√≠ster Derecho Regulatorio, profesor del LLM-UC y del Mag√≠ster en Derecho Ambiental UDD, Consejero UDP, Abogado VGC, CRUZADO!!!"
725149946,1384494478254395392,2021-04-20T13:09:40.000Z,@CarolinaLeitao @soledadalvear Pero es DC.... ü§∑‚Äç‚ôÇÔ∏è,es,0,0,0,0,2012-07-30T03:05:23.000Z,mvargaselig,Marco Vargas E.,FALSE,"",Trabajando de nuevo.. Pero ya quiero vacaciones üòÑüóªüèûÔ∏è.. ..Se cosecha lo sembrado üåµüå±üåª
805119655157370880,1382166716344508416,2021-04-14T02:59:59.000Z,"@soledadalvear no s√≥lo representa rigor e integridad en pol√≠tica, tb. en las aulas de la U. de Chile donde no todos saben que fue Premio Montenegro ( mejor egresada) y obtuvo #7 en su examen de grado. 

...Lo que a√∫n sigue siendo una haza√±a. 

Hoy un nuevo reconocimientoüëáüèΩ https://t.co/amgy8fwIJM",es,5,0,12,0,2016-12-03T18:40:59.000Z,F_Cruz_F,Francisco Cruz F.,FALSE,https://t.co/93VvT967Sk,"Abogado UC en los 40‚Äù. Casado, pap√°, progresista y cat√≥lico. Amante de la buena pol√≠tica. Fan de la historia y las pol√≠ticas p√∫blicas. exEmbajadorüá®üá±"
834392203279663104,1383976320766386180,2021-04-19T02:50:42.000Z,@mirnaschindler @soledadalvear Si todos los que ganan sueldos irrisorios como los de la t.v,es,0,0,0,0,2017-02-22T13:19:38.000Z,MelyTere2,Vale Tere,FALSE,"",""
838118329957122048,1383385751778324484,2021-04-17T11:43:59.000Z,@gladelgu @carothiare28 @mony_rebelada @VarianteChilena @Huaso_Patriota @sebastianpinera @GiorgioJackson @OCARVAJAL @DanitzaSabrina @soledadalvear @Tamytuta @CHVNoticias üò±üò±üò±,und,1,1,1,1,2017-03-04T20:05:56.000Z,DeMetabolismo,Mauricio S.E. üôèü•ëü•©,FALSE,https://t.co/WApbbW0ZlC,"Metabolismo, Asesor de Formaci√≥n #LCHF #KETO #CARNIVOREDIET #LOWCARB en  @NutritionNetwrk 
#PNL #TAO #ZEN üßò‚Äç‚ôÇÔ∏èüôèüèªüßò #METODOGREZ #WimHofMethod."
88506219,1383607743479640064,2021-04-18T02:26:06.000Z,"@FcoDarmendral @soledadalvear ¬ø Y el pueblito artesanal ? 
üòÖüò∞ü§£",es,0,0,0,0,2009-11-08T20:51:20.000Z,gladelgu,Mar√≠a Antonia,FALSE,"","madre de 8 hijos, 5 biol√≥gicos y 3 del alma ,12 nietos , estudio metafisica y cosas espirituales,mi partido politico no es de este mundo , anticomunista total"
88506219,1383372022164574209,2021-04-17T10:49:26.000Z,"@carothiare28 ,@mony_rebelada ,@DeMetabolismo ,@VarianteChilena ,@Huaso_Patriota,@sebastianpinera ,@GiorgioJackson,@OCARVAJAL ,@DanitzaSabrina @soledadalvear ,@Tamytuta,@CHVNoticias.
Me doli√≥ el alma leer el tweet de esta profesora¬øCu√°ntos cientos de ni√±os est√°n as√≠? PI√ëERAüí©ü§Æüò° https://t.co/ISzzXtOsWY",es,1,1,1,0,2009-11-08T20:51:20.000Z,gladelgu,Mar√≠a Antonia,FALSE,"","madre de 8 hijos, 5 biol√≥gicos y 3 del alma ,12 nietos , estudio metafisica y cosas espirituales,mi partido politico no es de este mundo , anticomunista total"
89070238,1384521427974594560,2021-04-20T14:56:46.000Z,@pepe_auth @soledadalvear @kennethbunker @lun El punto es como salir de esta borrachera,es,0,0,0,0,2009-11-11T01:03:36.000Z,l_mario2570,Luis Zambrano Ram√≠rez,FALSE,"","Trabajo en Universidad de Concepci√≥n
T√©cnico Electr√≥nico 
Comit√© paritario Facultad de Ingenier√≠a"
895095735238000640,1383600532804177931,2021-04-18T01:57:27.000Z,"@mangelnavarro @T13 @DiazCanelB @yoanisanchez @observacuba @soledadalvear @maylwino @ignaciowalker @allamand @jguaido @jg_valdes La presi√≥n ciudadana con m√©todos es muy poderosa... los dictadores se desesperan y caen ante millones q no se comportan como ellos.
Es dif√≠cil pero es exitoso y duraderoüí™üí™‚úå‚úå",es,0,0,1,0,2017-08-09T01:33:48.000Z,dr_pegarcia,Pedro Garc√≠a Aspillaga,FALSE,https://t.co/mkRjCT8BEy,"M√©dico UCh , MBA Loyola College, Ex Ministro de Salud, Ex Concejal por Stgo. 
#ContentoSe√±orContento"
895095735238000640,1383546996519096323,2021-04-17T22:24:43.000Z,"@mmlagoscc Marta, el plan y la decisi√≥n es otra....üòâüòÇüòÇ  tu, yo y muchos otros no estamos invitados al sal√≥n principal de la fiesta...cuesta reconocerloüò≥üò≥üòÇüòÇüò°
@ximerincon @Orrego @carolinagoic @fchahin @gduartel
@pcp_chile @soledadalvear @ClementePerezE @maylwino",es,0,0,0,0,2017-08-09T01:33:48.000Z,dr_pegarcia,Pedro Garc√≠a Aspillaga,FALSE,https://t.co/mkRjCT8BEy,"M√©dico UCh , MBA Loyola College, Ex Ministro de Salud, Ex Concejal por Stgo. 
#ContentoSe√±orContento"
895095735238000640,1384598366596775939,2021-04-20T20:02:29.000Z,"Lo q plantean Gonzalo Blumel y @HernanLarrain es muy v√°lido y pertinente.
Los acuerdos DEBEN respetarseüí™‚úå
@fchahin @alvaroelizalde @HeraldoMunoz @carolinagoic @gabrielboric @Panchoundurraga @sebastiansichel @soledadalvear
@pcp_chile @maylwino @ClementePerezE @InostrozaDr https://t.co/O3UgENxVAW",es,9,1,16,0,2017-08-09T01:33:48.000Z,dr_pegarcia,Pedro Garc√≠a Aspillaga,FALSE,https://t.co/mkRjCT8BEy,"M√©dico UCh , MBA Loyola College, Ex Ministro de Salud, Ex Concejal por Stgo. 
#ContentoSe√±orContento"
895095735238000640,1383596292660613131,2021-04-18T01:40:36.000Z,"@T13 Q se termine pronto esa dictadura comunista y nepotistaü§Æüò° 60 a√±os d verg√ºenza y persecuci√≥n.
@DiazCanelB puede ser #Gorbachov o se ir√° a la cresta...
Libertad para #Cubaüëçüí™‚úå
@yoanisanchez @observacuba @soledadalvear @maylwino @ignaciowalker @allamand @jguaido @jg_valdes",es,0,1,1,0,2017-08-09T01:33:48.000Z,dr_pegarcia,Pedro Garc√≠a Aspillaga,FALSE,https://t.co/mkRjCT8BEy,"M√©dico UCh , MBA Loyola College, Ex Ministro de Salud, Ex Concejal por Stgo. 
#ContentoSe√±orContento"
91262333,1382686967519981568,2021-04-15T13:27:16.000Z,@Luis_A_Riveros @soledadalvear Eso le digo a ud. inf√≥rmese!,es,0,0,0,0,2009-11-20T03:40:06.000Z,germanmartincal,german calderon,FALSE,https://t.co/I6s2xH6P9N,"√ëu√±oino en gira permanente, reci√©n nacido de 57 a√±os, flaco con kilos de m√°s, pap√°,  chuncho y bielsista"
91262333,1382677775333658628,2021-04-15T12:50:45.000Z,"@Luis_A_Riveros @soledadalvear De que habla sr? el sistema de previsional est√° TOTALMENTE DESTRUIDO o no lo sabe?, lo √∫nico que nos importa es que las pensiones sean adecuadas, el sistema para ello nos da igual, o ud cree que si nos pagaran como a las FFAA diriamos que no?? UB√çQUESE!!",es,0,1,0,0,2009-11-20T03:40:06.000Z,germanmartincal,german calderon,FALSE,https://t.co/I6s2xH6P9N,"√ëu√±oino en gira permanente, reci√©n nacido de 57 a√±os, flaco con kilos de m√°s, pap√°,  chuncho y bielsista"
913567220,1384702580249485312,2021-04-21T02:56:36.000Z,Servicio p√∫blico a toda prueba @soledadalvear https://t.co/fek5EBn8YW,es,1,1,4,0,2012-10-30T00:41:11.000Z,JorgeTarud,Jorge Tarud,FALSE,"",Ciudadano chileno
93715201,1383040189904392195,2021-04-16T12:50:51.000Z,@soledadalvear Informaci√≥n de un ex Papelero https://t.co/ZJyAlz6MPQ,es,0,2,0,0,2009-11-30T21:38:56.000Z,jorgeporter,Jorge Porter Taschkewitz,FALSE,"","Nacido en Temuco.Estudios en Temuco,Talca, Valparaiso, Santiago y Concepcion. Casado,padre y abuelo. lngeniero comercial."
