author_id,created_at.x,id,lang,text,public_metrics.retweet_count,public_metrics.reply_count,public_metrics.like_count,public_metrics.quote_count,verified,created_at.y,location,name,description,url,username
1005158591890886658,2021-03-17T22:32:04.000Z,1372314822872862727,es,@Dpm_Chile2020 @PaulaPinedaMar @Cutchile @ProfesoresRM @AcesChile @Confech @feusach @la_Fech @24HorasTVN @T13 @meganoticiascl @CHVNoticias @CNNChile @elmostrador @PiensaPrensa Son un verguenza estos fachos corruptos....,1,0,2,0,FALSE,2018-06-08T18:44:18.000Z,"Santiago, Chile",Claudio Weichafe,chileno #apruebo,"",Claweichafe
1008233852815511552,2021-03-17T20:18:02.000Z,1372281089931288583,es,@Dpm_Chile2020 @Cutchile @ProfesoresRM @AcesChile @Confech @feusach @la_Fech @24HorasTVN @T13 @meganoticiascl @CHVNoticias @CNNChile @elmostrador @PiensaPrensa Te agrego esta otra... https://t.co/V7t7FPiP8M,2,0,2,0,FALSE,2018-06-17T06:24:17.000Z,"",Paola,Abogado Conciente y tratando de hacer conciencia...,"",paomolinave
1038569539,2021-03-18T02:47:40.000Z,1372379146429554695,und,@Dpm_Chile2020 @Cutchile @ProfesoresRM @AcesChile @Confech @feusach @la_Fech @24HorasTVN @T13 @meganoticiascl @CHVNoticias @CNNChile @elmostrador @PiensaPrensa https://t.co/xCZNB7HvRF,1,0,1,0,FALSE,2012-12-27T02:00:22.000Z,Aeropuerto A.M.B.,Sindicato Trabajadores Fast Air.,"Fastair almacenes de Carga S.A, viene de Fastair Carrier S.A. La primera empresa a√©rea de carga perteneciente a familia Cueto, due√±os de LanChile y TAM Brasil.","",SindiFastAir
109560942,2021-03-18T00:30:01.000Z,1372344503928037383,es,@Dpm_Chile2020 @keko77777777 @Cutchile @ProfesoresRM @AcesChile @Confech @feusach @la_Fech @24HorasTVN @T13 @meganoticiascl @CHVNoticias @CNNChile @elmostrador @PiensaPrensa Lo mismo digo yo. Las prioridades est√°n en otro lado parece.,1,0,3,0,FALSE,2010-01-29T13:36:04.000Z,"",Alexandra,"","",Ianthee
1104164871959183365,2021-03-29T14:20:13.000Z,1376539696944312320,und,"@Cutchile @anefchile @ConfusamChile 
@ColegioProfes 
@Confech @la_Fech @TAXISCHILENOS @ApoderadosI @ApoderadosOrg https://t.co/iZLr2TvMq2",0,0,0,0,FALSE,2019-03-08T23:39:54.000Z,Santiago,Jose,"No soy de Izq ni Der solo estoy aburrido de los politicos buitres y empresarios trogloditas apoyados por sucios honorables vendidos, NO mas maricas golpeadores","",Joseore42534925
1104164871959183365,2021-03-18T15:25:15.000Z,1372569797062500352,es,"Todo con el alto auspicio de @PDC_Chile 

#NiUnPutoVoto  a @PDC_Chile 
@Cutchile @Confech @la_Fech @anefchile @confusam https://t.co/HBFDw6ZtPh",0,0,0,0,FALSE,2019-03-08T23:39:54.000Z,Santiago,Jose,"No soy de Izq ni Der solo estoy aburrido de los politicos buitres y empresarios trogloditas apoyados por sucios honorables vendidos, NO mas maricas golpeadores","",Joseore42534925
1104164871959183365,2021-03-29T14:34:47.000Z,1376543361755189250,und,"@Camara_cl @Senado_Chile 
@Cutchile @ConfusamChile 
@ColegioProfes 
@la_Fech @Confech https://t.co/C3hpfhyWHO",0,0,0,0,FALSE,2019-03-08T23:39:54.000Z,Santiago,Jose,"No soy de Izq ni Der solo estoy aburrido de los politicos buitres y empresarios trogloditas apoyados por sucios honorables vendidos, NO mas maricas golpeadores","",Joseore42534925
1104164871959183365,2021-03-17T16:28:39.000Z,1372223363100381186,und,"@Cutchile @anefchile @ConfusamChile @la_Fech @Confech @ColegioProfes 
@ignaciobriones_ 

#HuevonesMediodiaSolamenre 
#NoMaspicoenelojo https://t.co/avL864LgiS",0,0,0,0,FALSE,2019-03-08T23:39:54.000Z,Santiago,Jose,"No soy de Izq ni Der solo estoy aburrido de los politicos buitres y empresarios trogloditas apoyados por sucios honorables vendidos, NO mas maricas golpeadores","",Joseore42534925
1104164871959183365,2021-03-02T11:17:12.000Z,1366709169374584832,es,"Quiere dar otras cajitas miserables compradas a SOBREPRECIO a sus compinches ??
@gobiernochilecl @Cutchile @anefchile @confusam @ConesChile @la_Fech @confech https://t.co/VEgRdCsU8A",0,0,0,0,FALSE,2019-03-08T23:39:54.000Z,Santiago,Jose,"No soy de Izq ni Der solo estoy aburrido de los politicos buitres y empresarios trogloditas apoyados por sucios honorables vendidos, NO mas maricas golpeadores","",Joseore42534925
1104164871959183365,2021-04-01T21:34:01.000Z,1377736032116998147,es,"Conozca estas caritas que est√°n contra el 80% del pueblo 
Solo con una fracci√≥n los BOTAREMOS
Pa la casa por estar contra trabajadores necesitados
@anef @ConfusamChile @Confech @ColegioProfes @ApoderadosOrg @la_Fech @Cutchile @ConesChile @AcesChile 
Comparta 
#Lapizenmano RT https://t.co/ExC8VyjFwD",3,1,0,0,FALSE,2019-03-08T23:39:54.000Z,Santiago,Jose,"No soy de Izq ni Der solo estoy aburrido de los politicos buitres y empresarios trogloditas apoyados por sucios honorables vendidos, NO mas maricas golpeadores","",Joseore42534925
1104164871959183365,2021-03-03T20:20:10.000Z,1367208197099040773,und,"@Cutchile @ColegioProfes @anefchile @Confech @ConfusamChile @la_Fech @AcesChile @ConesChile @PamJiles @ApoderadosOrg 
#Lapizenmano
#Listanegraparlamentaria
#TercerRetiro10xCiento 
@Senado_Chile https://t.co/fQUe1Zksak",0,0,1,1,FALSE,2019-03-08T23:39:54.000Z,Santiago,Jose,"No soy de Izq ni Der solo estoy aburrido de los politicos buitres y empresarios trogloditas apoyados por sucios honorables vendidos, NO mas maricas golpeadores","",Joseore42534925
1104164871959183365,2021-04-15T16:17:34.000Z,1382729822217048074,es,"#NiUnPutoVoto a protectores de AFP
@sebastiansichel 
@LavinJoaquin 

Con un lapiz les recordaremos que 10% era para pagar deudas y primera necesidad en pandemia
#NiUnPutoVoto @cut
@anefchile @ColegioProfes @ConfusamChile @Confech @ApoderadosOrg @TAXISCHILENOS https://t.co/8A2hVYxwMv",1,0,2,0,FALSE,2019-03-08T23:39:54.000Z,Santiago,Jose,"No soy de Izq ni Der solo estoy aburrido de los politicos buitres y empresarios trogloditas apoyados por sucios honorables vendidos, NO mas maricas golpeadores","",Joseore42534925
1104164871959183365,2021-03-16T13:16:25.000Z,1371812600024076289,es,"Urgente Chile
#TercerRetiroAfpONoHayVotos 
Solo con una fracci√≥n de votos del 80% d apruebo,  elegimos o mandamos pala casa a vendidos a las AFP 
@PamJiles 
@cut 
@ColegioProfes @confech https://t.co/5RfegDlQ8I",0,0,0,0,FALSE,2019-03-08T23:39:54.000Z,Santiago,Jose,"No soy de Izq ni Der solo estoy aburrido de los politicos buitres y empresarios trogloditas apoyados por sucios honorables vendidos, NO mas maricas golpeadores","",Joseore42534925
1104164871959183365,2021-03-15T13:14:20.000Z,1371449688117932032,es,"Que curioso comentario, cuando son sus amiguis los que especulan se coluden y revientan al pueblo
@ignaciobriones_ @Cutchile @anefchile @ConfusamChile @la_Fech @Confech @ColegioProfes @ApoderadosI @TAXISCHILENOS https://t.co/96IPSgBWOT",0,0,0,0,FALSE,2019-03-08T23:39:54.000Z,Santiago,Jose,"No soy de Izq ni Der solo estoy aburrido de los politicos buitres y empresarios trogloditas apoyados por sucios honorables vendidos, NO mas maricas golpeadores","",Joseore42534925
1104164871959183365,2021-03-02T00:54:37.000Z,1366552491375099904,es,"Es de la desgracia cristiana vendida a un 1% del pa√≠s desde que se aliaron para dar sangriento golpe de estado el 73 demostrando que NO les interesa la vida sino el dinero $$$$
@PDC_Chile @ignaciowalker @Cutchile @ColegioProfes @la_Fech @Confech @anefchile @confusam https://t.co/BLXzpAa50R",0,0,0,0,FALSE,2019-03-08T23:39:54.000Z,Santiago,Jose,"No soy de Izq ni Der solo estoy aburrido de los politicos buitres y empresarios trogloditas apoyados por sucios honorables vendidos, NO mas maricas golpeadores","",Joseore42534925
1104164871959183365,2021-04-04T15:49:49.000Z,1378736572707790853,und,"@camara_cl
@Senado_Chile 
@nytimeses @ColegioProfes @Cutchile @anefchile @ConfusamChile @la_Fech @confech @ApoderadosOrg @ApoderadosI @TAXISCHILENOS 
@FiscaliadeChile https://t.co/o8fY39urHw",0,0,1,0,FALSE,2019-03-08T23:39:54.000Z,Santiago,Jose,"No soy de Izq ni Der solo estoy aburrido de los politicos buitres y empresarios trogloditas apoyados por sucios honorables vendidos, NO mas maricas golpeadores","",Joseore42534925
1104164871959183365,2021-03-03T17:03:18.000Z,1367158652625440771,es,"El arriendos truchos 
Compadre del estafador de las cajitas a sobreprecio
@Cutchile @anefchile @ConfusamChile 
@arturozunigaj 
@la_Fech @Confech @MinsalChile https://t.co/JpbtTVxIQf",0,0,0,0,FALSE,2019-03-08T23:39:54.000Z,Santiago,Jose,"No soy de Izq ni Der solo estoy aburrido de los politicos buitres y empresarios trogloditas apoyados por sucios honorables vendidos, NO mas maricas golpeadores","",Joseore42534925
1104164871959183365,2021-03-08T00:03:41.000Z,1368713998154272771,es,"@HeraldoMunoz que aclare que opina del #TercerRetiro10xCiento 
Para saber para quienes pretende gobernar 
Para el pueblo p para 1% incluida fabrica de miseria AFP
#Lapizenmano
#NiunPutoVoto a vendidos
#Lapizenmano
@Cutchile @anefchile @Confech @ConfusamChile @ConesChile",1,0,2,0,FALSE,2019-03-08T23:39:54.000Z,Santiago,Jose,"No soy de Izq ni Der solo estoy aburrido de los politicos buitres y empresarios trogloditas apoyados por sucios honorables vendidos, NO mas maricas golpeadores","",Joseore42534925
1104164871959183365,2021-04-06T13:40:24.000Z,1379428778921746436,und,@Cutchile @El_Ciudadano @eldesconcierto @GAMBA_CL @nytimeses @TheTelegraph__ @anefchile @Confech @ConfusamChile @la_Fech @TAXISCHILENOS https://t.co/2GNfWFImZh,0,0,0,0,FALSE,2019-03-08T23:39:54.000Z,Santiago,Jose,"No soy de Izq ni Der solo estoy aburrido de los politicos buitres y empresarios trogloditas apoyados por sucios honorables vendidos, NO mas maricas golpeadores","",Joseore42534925
1104164871959183365,2021-03-26T00:15:34.000Z,1375239970584195074,es,"Ministro @jaimebellolio 
Los paises democraticos tambien se sientan en el 80% y lo contienen con amedrentamiento de militares y toque de queda ????
Eso hacen los paises democraticos ministro???
Responda al pais
@Cutchile @Confech @la_Fech @ConfusamChile https://t.co/eUpWzSTyd7",0,0,0,0,FALSE,2019-03-08T23:39:54.000Z,Santiago,Jose,"No soy de Izq ni Der solo estoy aburrido de los politicos buitres y empresarios trogloditas apoyados por sucios honorables vendidos, NO mas maricas golpeadores","",Joseore42534925
1104164871959183365,2021-03-07T20:01:18.000Z,1368653002664509440,es,"#ListaNegraParlamentaria 
#Lapizenmano a quienes act√∫an contra trabajadores de chile
@gabrielboric @PDC_Chile 
#TercerRetiroAfpONoHayVotos 
Cero voto a quienes luchan por tener sumido en miseria al pueblo
@Cutchile @anefchile @ConfusamChile @Confech @la_Fech @ColegioProfes",3,0,1,0,FALSE,2019-03-08T23:39:54.000Z,Santiago,Jose,"No soy de Izq ni Der solo estoy aburrido de los politicos buitres y empresarios trogloditas apoyados por sucios honorables vendidos, NO mas maricas golpeadores","",Joseore42534925
1104164871959183365,2021-03-01T10:50:56.000Z,1366340168756715526,und,@la_Fech @Confech @AcesChile @ConesChile https://t.co/Fwaap8lJyC,0,0,0,0,FALSE,2019-03-08T23:39:54.000Z,Santiago,Jose,"No soy de Izq ni Der solo estoy aburrido de los politicos buitres y empresarios trogloditas apoyados por sucios honorables vendidos, NO mas maricas golpeadores","",Joseore42534925
1136420579639201792,2021-04-20T00:05:44.000Z,1384297192408584202,es,Chile üá®üá± necesita #ImpuestoALosS√∫perRicos #RoyaltyMinero @lafundacionsol @ciper @prensaopal @Cutchile @Confech @ConfeCobre @anefchile @ConfusamChile @sindical_cl @FpvrPrensa @primeralineapr @PrensaPCdeChile @PSChile @PDC_Chile @PPD_Chile @elfrente_amplio @RDemocratica @populares,0,1,0,0,FALSE,2019-06-05T23:52:34.000Z,"Santiago, Chile",TheGreatGokuüî•,"#Apruebo üó≥Ô∏è
#NuevaConstituci√≥nParaChile
#NoMasAFP
#NoAlMaltratoAnimal
#LaRazaHumanaUnaPlaga","",Dpm_Chile2020
1136420579639201792,2021-03-17T13:34:06.000Z,1372179436410449934,es,Se gastan millones de pesos por cuidar una estatua y hay muchos ni√±os que no tienen computadora üñ• y menos Internet #GobiernoInepto @Cutchile @ProfesoresRM @AcesChile @Confech @feusach @la_Fech @24HorasTVN @T13 @meganoticiascl @CHVNoticias @CNNChile @elmostrador @PiensaPrensa https://t.co/PvQf4pEpPt,228,17,215,13,FALSE,2019-06-05T23:52:34.000Z,"Santiago, Chile",TheGreatGokuüî•,"#Apruebo üó≥Ô∏è
#NuevaConstituci√≥nParaChile
#NoMasAFP
#NoAlMaltratoAnimal
#LaRazaHumanaUnaPlaga","",Dpm_Chile2020
1136420579639201792,2021-03-26T17:48:00.000Z,1375504826646339588,es,"Que foto tan pat√©tica!!
@MujeresRed @mujeresxlosDDHH @AfucapCultura @_LaTesis @24HorasTVN @T13 @CNNChile @meganoticiascl @CHVNoticias @El_Ciudadano @elmostrador @Censelio @chileconvoca @EPInforma @MegafonoPopular @Chileokulto @xcaracolax @AcesChile  @Confech @la_Fech @feusach https://t.co/Y3E12Vf1VO",1,0,1,0,FALSE,2019-06-05T23:52:34.000Z,"Santiago, Chile",TheGreatGokuüî•,"#Apruebo üó≥Ô∏è
#NuevaConstituci√≥nParaChile
#NoMasAFP
#NoAlMaltratoAnimal
#LaRazaHumanaUnaPlaga","",Dpm_Chile2020
1136420579639201792,2021-04-15T13:48:01.000Z,1382692188220489738,es,Primero #RetornoAClases despu√©s #ClasesOnLine y ahora este Weon quiere hacer el #Simce2021 @ProfesoresRM @AcesChile @Confech @feusach @la_Fech @24HorasTVN @T13 @CNNChile @meganoticiascl @CHVNoticias @El_Ciudadano @elmostrador @Censelio @chileconvoca @EPInforma @LID_Chile https://t.co/JK4fm2xPRH,2,0,1,0,FALSE,2019-06-05T23:52:34.000Z,"Santiago, Chile",TheGreatGokuüî•,"#Apruebo üó≥Ô∏è
#NuevaConstituci√≥nParaChile
#NoMasAFP
#NoAlMaltratoAnimal
#LaRazaHumanaUnaPlaga","",Dpm_Chile2020
1136420579639201792,2021-04-06T00:21:23.000Z,1379227701605720064,es,Este es el gobierno de mierda üò† sus medidas sanitarias #ElPeorGobiernoDeLaHistoria @colmedchile @Fenpruss @ConfusamChile @anefchile @Cutchile @Confech @feusach @la_Fech @UnicefChile @defensorianinez @inddhh @ActualidadRT @dw_espanol @teleSURtv @ChalecosAmarill https://t.co/5p1lXci26d,2,0,1,0,FALSE,2019-06-05T23:52:34.000Z,"Santiago, Chile",TheGreatGokuüî•,"#Apruebo üó≥Ô∏è
#NuevaConstituci√≥nParaChile
#NoMasAFP
#NoAlMaltratoAnimal
#LaRazaHumanaUnaPlaga","",Dpm_Chile2020
1136420579639201792,2021-03-14T21:38:18.000Z,1371214127537004544,es,#YoVotoElDomingo si queremos que realmente haya una #NuevaConstitucion votemos el domingo @Cutchile @Confech @feusach @la_Fech @24HorasTVN @T13 @CNNChile @CHVNoticitas_cl @meganoticiascl @El_Ciudadano @LID_Chile @Izquierda_Tuit @EPInforma @MegafonoPopular @Chileokulto @xcaracolax https://t.co/edNNHikuFp,0,0,0,0,FALSE,2019-06-05T23:52:34.000Z,"Santiago, Chile",TheGreatGokuüî•,"#Apruebo üó≥Ô∏è
#NuevaConstituci√≥nParaChile
#NoMasAFP
#NoAlMaltratoAnimal
#LaRazaHumanaUnaPlaga","",Dpm_Chile2020
1136420579639201792,2021-04-13T18:31:15.000Z,1382038688662745091,es,Estudian en los mejores colegios y universidades y son los m√°s aweonao @ProfesoresRM @anefchile @Confech @feusach @la_Fech @AcesChile @Mineduc @24HorasTVN @T13 @CNNChile @meganoticiascl @CHVNoticias @El_Ciudadano @elmostrador @Censelio @chileconvoca @EPInforma @MegafonoPopular https://t.co/RA5eKrBGAP,3,0,2,0,FALSE,2019-06-05T23:52:34.000Z,"Santiago, Chile",TheGreatGokuüî•,"#Apruebo üó≥Ô∏è
#NuevaConstituci√≥nParaChile
#NoMasAFP
#NoAlMaltratoAnimal
#LaRazaHumanaUnaPlaga","",Dpm_Chile2020
1136420579639201792,2021-04-12T02:20:20.000Z,1381431964809461760,es,"#NoMasDerecha
No m√°s corrupci√≥n y abusos al pueblo @El_Ciudadano @elmostrador @eldesconcierto @PiensaPrensa @GAMBA_CL @thecliniccl @Izquierda_Tuit @LID_Chile @EPInforma @MegafonoPopular @Chileokulto @xcaracolax @RadioTVLiberaci @RadioUmbral @Confech @la_Fech @feusach @Cutchile https://t.co/WFLztn46zD",1,0,1,0,FALSE,2019-06-05T23:52:34.000Z,"Santiago, Chile",TheGreatGokuüî•,"#Apruebo üó≥Ô∏è
#NuevaConstituci√≥nParaChile
#NoMasAFP
#NoAlMaltratoAnimal
#LaRazaHumanaUnaPlaga","",Dpm_Chile2020
1136420579639201792,2021-03-03T21:39:48.000Z,1367228236388786179,es,"El cobre deber√≠a ser de todos los chilenos y no de #Luksic, #√âlite y los extranjeros #BastaDeAbusos @Senado_Chile @Camara_cl @24HorasTVN @T13 @CNNChile @meganoticiascl @CHVNoticias @El_Ciudadano @elmostrador @Censelio @chileconvoca @EPInforma @MegafonoPopular @Confech https://t.co/i4NHkEtyYm",1,0,1,0,FALSE,2019-06-05T23:52:34.000Z,"Santiago, Chile",TheGreatGokuüî•,"#Apruebo üó≥Ô∏è
#NuevaConstituci√≥nParaChile
#NoMasAFP
#NoAlMaltratoAnimal
#LaRazaHumanaUnaPlaga","",Dpm_Chile2020
1136420579639201792,2021-03-13T02:01:28.000Z,1370555580310511622,und,#PlazaDeLaDignidad üá®üá± ‚úä #LibreWallMapu @24HorasTVN @T13 @CNNChile @CHVNoticitas_cl @meganoticiascl @El_Ciudadano @elmostrador @Censelio @chileconvoca @EPInforma @MegafonoPopular @Confech @NOmasAFP @anefchile @ConfusamChile @Fenpruss @ProfesoresRM @feusach @la_Fech @AcesChile https://t.co/87z05l8hda,1,0,1,0,FALSE,2019-06-05T23:52:34.000Z,"Santiago, Chile",TheGreatGokuüî•,"#Apruebo üó≥Ô∏è
#NuevaConstituci√≥nParaChile
#NoMasAFP
#NoAlMaltratoAnimal
#LaRazaHumanaUnaPlaga","",Dpm_Chile2020
1136420579639201792,2021-03-22T23:56:33.000Z,1374148022880321539,es,"Pandemia ‚ò£Ô∏è clasista, racista, corrupta, desigualdad, abusos @Senado_Chile @Camara_cl @GobiernodeChile @ministeriosalud @colmedchile @24HorasTVN @T13 @CNNChile @meganoticiascl @CHVNoticias @El_Ciudadano @elmostrador @Censelio @chileconvoca @EPInforma @MegafonoPopular @Confech https://t.co/u5kuZbqKer",3,0,2,0,FALSE,2019-06-05T23:52:34.000Z,"Santiago, Chile",TheGreatGokuüî•,"#Apruebo üó≥Ô∏è
#NuevaConstituci√≥nParaChile
#NoMasAFP
#NoAlMaltratoAnimal
#LaRazaHumanaUnaPlaga","",Dpm_Chile2020
1136420579639201792,2021-04-02T17:13:23.000Z,1378032826612846596,es,#SueltaElAgua #AguaPrivatizada #NoEsSequiaEsSaqueo #CodigoDeAgua #ViernesSanto #SemanaSanta2021 NO‚ûïABUSOS @Senado_Chile @Camara_cl @24HorasTVN @T13 @CNNChile @meganoticiascl @CHVNoticias @El_Ciudadano @elmostrador @Censelio @chileconvoca @EPInforma @MegafonoPopular @Confech https://t.co/6SoMyo4gDe,1,0,1,0,FALSE,2019-06-05T23:52:34.000Z,"Santiago, Chile",TheGreatGokuüî•,"#Apruebo üó≥Ô∏è
#NuevaConstituci√≥nParaChile
#NoMasAFP
#NoAlMaltratoAnimal
#LaRazaHumanaUnaPlaga","",Dpm_Chile2020
1136420579639201792,2021-03-19T19:19:01.000Z,1372991013023780868,es,Basta de abusos y corrupci√≥n #NoMasCapitalismo #NoMasSistemaNeoliberal #EnjoyGate @24HorasTVN @T13 @CNNChile @CHVNoticitas_cl @meganoticiascl @El_Ciudadano @elmostrador @Censelio @chileconvoca @EPInforma @MegafonoPopular @PCdeChile @PSChile @Cutchile @Confech @feusach @la_Fech https://t.co/VVCSqIb2Vo,1,0,1,0,FALSE,2019-06-05T23:52:34.000Z,"Santiago, Chile",TheGreatGokuüî•,"#Apruebo üó≥Ô∏è
#NuevaConstituci√≥nParaChile
#NoMasAFP
#NoAlMaltratoAnimal
#LaRazaHumanaUnaPlaga","",Dpm_Chile2020
1136420579639201792,2021-03-28T22:31:49.000Z,1376301025896886272,es,El #AumentosDeContagios y muertes en #Chile es culpa de este #GobiernoAsesino y aplazar las #Elecciones2021CL fue todo planeado @24HorasTVN @T13 @CNNChile @meganoticiascl @CHVNoticias @El_Ciudadano @elmostrador @Censelio @chileconvoca @EPInforma @MegafonoPopular @Confech https://t.co/hCE57afDBv,2,0,1,0,FALSE,2019-06-05T23:52:34.000Z,"Santiago, Chile",TheGreatGokuüî•,"#Apruebo üó≥Ô∏è
#NuevaConstituci√≥nParaChile
#NoMasAFP
#NoAlMaltratoAnimal
#LaRazaHumanaUnaPlaga","",Dpm_Chile2020
1136420579639201792,2021-03-01T23:44:53.000Z,1366534941731917836,es,Asesinos sueltos #ChileSinJusticia @24HorasTVN @T13 @CNNChile @CHVNoticitas_cl @meganoticiascl @El_Ciudadano @elmostrador @Censelio @ChalecosAmarill @EPInforma @MegafonoPopular @Chileokulto @xcaracolax @RadioTVLiberaci @RadioUmbral @Confech @la_Fech @UsachFAHU https://t.co/zeiZYij6au,1,0,1,0,FALSE,2019-06-05T23:52:34.000Z,"Santiago, Chile",TheGreatGokuüî•,"#Apruebo üó≥Ô∏è
#NuevaConstituci√≥nParaChile
#NoMasAFP
#NoAlMaltratoAnimal
#LaRazaHumanaUnaPlaga","",Dpm_Chile2020
1136420579639201792,2021-03-17T16:35:00.000Z,1372224964200435723,es,"#TercerRetiro10xCiento Ahora
#NoMasAfp üí∞ no m√°s abusos @24HorasTVN @T13 @CNNChile @meganoticiascl @CHVNoticias @El_Ciudadano @elmostrador @Censelio @chileconvoca @EPInforma @MegafonoPopular @Cutchile @Confech @NOmasAFP @ConfusamChile @Fenpruss @ProfesoresRM @CNT_NOmasAFP https://t.co/El1MPv7Crg",5,2,8,1,FALSE,2019-06-05T23:52:34.000Z,"Santiago, Chile",TheGreatGokuüî•,"#Apruebo üó≥Ô∏è
#NuevaConstituci√≥nParaChile
#NoMasAFP
#NoAlMaltratoAnimal
#LaRazaHumanaUnaPlaga","",Dpm_Chile2020
1136420579639201792,2021-03-13T02:22:16.000Z,1370560815665967111,es,#TercerRetiro10xCiento Ahora! ‚úä @Cutchile @Confech @feusach @la_Fech @AcesChile @anefchile @ConfusamChile @Fenpruss @ProfesoresRM @Senado_Chile @Camara_cl @El_Ciudadano @Censelio @chileconvoca @Chileokulto @xcaracolax @RadioTVLiberaci @RadioUmbral @PiensaPrensa @thecliniccl https://t.co/l3zxmVNapt,4,0,5,0,FALSE,2019-06-05T23:52:34.000Z,"Santiago, Chile",TheGreatGokuüî•,"#Apruebo üó≥Ô∏è
#NuevaConstituci√≥nParaChile
#NoMasAFP
#NoAlMaltratoAnimal
#LaRazaHumanaUnaPlaga","",Dpm_Chile2020
1136420579639201792,2021-03-05T21:25:48.000Z,1367949491723243527,es,"#Huelga5deMarzo
No ‚ûï CORRUPCI√ìN üí∞ ‚ÄºÔ∏è #DespiertaChile üá®üá± @Cutchile @Confech @feusach @la_Fech @CNT_NOmasAFP @Fenpruss @ProfesoresRM @ConfusamChile @anefchile @NOmasAFP @El_Ciudadano @elmostrador @Censelio @chileconvoca @EPInforma @MegafonoPopular @Chileokulto @xcaracolax https://t.co/ShRzLrpjHi",2,0,0,0,FALSE,2019-06-05T23:52:34.000Z,"Santiago, Chile",TheGreatGokuüî•,"#Apruebo üó≥Ô∏è
#NuevaConstituci√≥nParaChile
#NoMasAFP
#NoAlMaltratoAnimal
#LaRazaHumanaUnaPlaga","",Dpm_Chile2020
1136420579639201792,2021-03-05T16:26:14.000Z,1367874100723605506,es,"El aumento de contagios es culpa de las autoridades @ministeriosalud @GobiernodeChile y no de la gente, primero est√° la econom√≠a @24HorasTVN @T13 @meganoticiascl @CNNChile @CHVNoticias @El_Ciudadano @elmostrador @Censelio @chileconvoca @EPInforma @MegafonoPopular @Confech https://t.co/rT608n3HsT",1,0,1,0,FALSE,2019-06-05T23:52:34.000Z,"Santiago, Chile",TheGreatGokuüî•,"#Apruebo üó≥Ô∏è
#NuevaConstituci√≥nParaChile
#NoMasAFP
#NoAlMaltratoAnimal
#LaRazaHumanaUnaPlaga","",Dpm_Chile2020
1136420579639201792,2021-03-13T23:26:12.000Z,1370878894769905665,es,#NuevaConstitucion redactada por el pueblo y no por los mismos BUITRES corruptos üí∞ #Constituyentes que quieran un #Chile mejor @Cutchile @Confech @NOmasAFP @anefchile @ConfusamChile @Fenpruss @ProfesoresRM @feusach @la_Fech @sindical_cl @AcesChile @El_Ciudadano @elmostrador https://t.co/NAvM6jQd1m,0,0,0,0,FALSE,2019-06-05T23:52:34.000Z,"Santiago, Chile",TheGreatGokuüî•,"#Apruebo üó≥Ô∏è
#NuevaConstituci√≥nParaChile
#NoMasAFP
#NoAlMaltratoAnimal
#LaRazaHumanaUnaPlaga","",Dpm_Chile2020
1136420579639201792,2021-03-16T00:21:17.000Z,1371617532768092161,es,"#Pi√±eraRenuncia #ElPeorGobiernoDeLaHistoria @24HorasTVN @T13 @CNNChile @meganoticiascl @CHVNoticias
GASTO MILLONARIO ENTRE PACOS Y MATERIALES GASTADOS PARA CUIDAR UNA MIERDA DE CEMENTO @El_Ciudadano @elmostrador @Censelio @chileconvoca @EPInforma @MegafonoPopular @Confech @ciper https://t.co/Fc2cZlqbLy",1,0,3,0,FALSE,2019-06-05T23:52:34.000Z,"Santiago, Chile",TheGreatGokuüî•,"#Apruebo üó≥Ô∏è
#NuevaConstituci√≥nParaChile
#NoMasAFP
#NoAlMaltratoAnimal
#LaRazaHumanaUnaPlaga","",Dpm_Chile2020
1136420579639201792,2021-03-17T15:53:05.000Z,1372214415932657664,es,"En este segundo gobierno, sin la DC @PDC_Chile #Pi√±era no hubiera hecho nada. Este partido simpre va ser derechista y golpista @24HorasTVN @T13 @CNNChile @meganoticiascl @CHVNoticias @El_Ciudadano @elmostrador @Censelio @PSChile @PCdeChile @elfrente_amplio @Cutchile @Confech https://t.co/QgydaMPyax",2,2,1,0,FALSE,2019-06-05T23:52:34.000Z,"Santiago, Chile",TheGreatGokuüî•,"#Apruebo üó≥Ô∏è
#NuevaConstituci√≥nParaChile
#NoMasAFP
#NoAlMaltratoAnimal
#LaRazaHumanaUnaPlaga","",Dpm_Chile2020
1136420579639201792,2021-03-12T23:14:43.000Z,1370513616907206657,es,"‚õî #PlazaDeLaDignidad ‚ÄºÔ∏èse necesita urgente varios psiquiatras para atender a #Pi√±era y sus #PacosSinGloria  @inddhh @CIDH @amnistia @obsDDHHcl @losojosdechile @24HorasTVN @T13 @CNNChile @CHVNoticitas_cl @meganoticiascl @Cutchile @Confech @ciper
@AcesChile @la_Fech https://t.co/epdvmKnc12",1,0,1,0,FALSE,2019-06-05T23:52:34.000Z,"Santiago, Chile",TheGreatGokuüî•,"#Apruebo üó≥Ô∏è
#NuevaConstituci√≥nParaChile
#NoMasAFP
#NoAlMaltratoAnimal
#LaRazaHumanaUnaPlaga","",Dpm_Chile2020
1136420579639201792,2021-03-05T03:10:34.000Z,1367673867838365700,es,La #Dc @PDC_Chile con los grupos econ√≥micos y ultra derecha #nomascorrupcion @24HorasTVN @T13 @CNNChile @CHVNoticitas_cl @meganoticiascl @El_Ciudadano @elmostrador @Censelio @chileconvoca @EPInforma @MegafonoPopular @Chileokulto @xcaracolax @RadioTVLiberaci @RadioUmbral @Confech https://t.co/5tUG747SBI,0,0,0,0,FALSE,2019-06-05T23:52:34.000Z,"Santiago, Chile",TheGreatGokuüî•,"#Apruebo üó≥Ô∏è
#NuevaConstituci√≥nParaChile
#NoMasAFP
#NoAlMaltratoAnimal
#LaRazaHumanaUnaPlaga","",Dpm_Chile2020
1143952388191084547,2021-03-08T18:53:54.000Z,1368998427560976384,es,"@Confech Los contacto para hacerles llegar una invitaci√≥n a un evento sobre educaci√≥n. Les envi√© un email y ac√° les dejo la liga para que vean de qu√© tratar√° el summit:
https://t.co/X6ZN0Qo7Qm",0,0,0,0,FALSE,2019-06-26T18:41:17.000Z,"",Oso Oseguera,"Ruedo por la vida, viajo en bici. Journalist/father/poeta de cl√≥set/Mingus. Responsable en @diarioenbici (ilustraci√≥n: Kambayashi)","",oseguera_oso
116821977,2021-03-17T22:05:13.000Z,1372308063454171146,es,"@Dpm_Chile2020 @alinekuppenheim @Cutchile @ProfesoresRM @AcesChile @Confech @feusach @la_Fech @24HorasTVN @T13 @meganoticiascl @CHVNoticias @CNNChile @elmostrador @PiensaPrensa Y cual es su eslogan??? Los ni√±os primero???.... sus bolsillos primero, gobierno ql....",1,0,1,0,FALSE,2010-02-23T17:40:19.000Z,Santiago. Chile,Grone82,"","",vitoconomas
1184549605989593092,2021-03-12T14:30:49.000Z,1370381771183906821,es,"Andr√©s Kogan Valderrama: ""El poder constituyente lo comenzaron a construir los mismos estudiantes secundarios desde el 2001, los cuales har√°n sentir sus demandas en todos los espacios posibles""@AcesChile @Confech @lafundacionsol @laotraeducacion @la_Fech   https://t.co/79DAlS0rEZ",0,0,1,0,FALSE,2019-10-16T19:20:23.000Z,Contacto: kogan05@gmail.com ,Observatorio Plurinacional de Aguas (OPLAS),Andr√©s Kogan Valderrama (Director),https://t.co/Js5zPh22ao,observ_pl_aguas
1186044597170049024,2021-04-08T10:53:41.000Z,1380111599256678401,es,"@mtnancyts @PoetaLapidario @Camara_cl @Senado_Chile @Confech @Cutchile @_adrianamunoz Estamos a un paso que el criminal indeseable comience a nombrar ffaa como ministros... Por que ya no gobierna, solo controla.",0,0,0,0,FALSE,2019-10-20T22:21:24.000Z,"",Oriel Gomez,Evadido...,"",OrielGomez11
1193194344058105856,2021-03-17T22:41:24.000Z,1372317172429680641,und,@Dpm_Chile2020 @Cutchile @ProfesoresRM @AcesChile @Confech @feusach @la_Fech @24HorasTVN @T13 @meganoticiascl @CHVNoticias @CNNChile @elmostrador @PiensaPrensa https://t.co/4jjUvam0QT,0,0,0,0,FALSE,2019-11-09T15:51:26.000Z,chile,"Constituci√≥n ILEGAL, bajo dictadura.","Calidad de vida, casos de √©xito: Canad√°, Nueva Zelanda, Australia, Finlandia, Luxemburgo, Noruega, ...","",Eecrocro1
1202571660676780033,2021-03-17T19:06:54.000Z,1372263190722191364,es,"@Dpm_Chile2020 @PaulaPinedaMar @Cutchile @ProfesoresRM @AcesChile @Confech @feusach @la_Fech @24HorasTVN @T13 @meganoticiascl @CHVNoticias @CNNChile @elmostrador @PiensaPrensa @raulfiguersa 

Eres lo mas inepto q pisa el planeta!!!",0,0,0,0,FALSE,2019-12-05T12:53:29.000Z,Bananas Country,Cristian Leal üá®üá±#Apruebo,"#apruebosinmiedo
Hasta que la Dignidad se haga costumbre !!!
Las cartas est√°n tiradas, el pueblo se re√∫ne, esto reci√©n comienza...
T√∫ me sigues yo te sigo üëç","",Cristia10377949
1247896625801875466,2021-04-08T23:30:37.000Z,1380302088320651266,es,Millones de estudiantes y familias trabajadoras este 2021 estamos m√°s precarizados que antes de la pandemia. D√≥nde est√°n y qu√© dicen las org estudiantiles? @la_Fech @Confech #Prohibici√≥nDeLosDespidos https://t.co/gB1t3hvHYN,1,0,8,4,FALSE,2020-04-08T14:38:48.000Z,"Puente Alto, Chile",Yuri Pe√±a - Candidato a Concejal x Stgo centro,"Historiador en formaci√≥n, marxista revolucionario por decisi√≥nüî•. Cola trotskista del PTR y de la agrupaci√≥n de juventud trabajadora y estudiantil VENCERüö©",https://t.co/Iu3OEjUgCV,yuriernsto
1247896625801875466,2021-04-09T00:06:25.000Z,1380311098117734410,es,"#EstamosChatos del desastre sanitario del gob de Pi√±era, y en las universidades reina el silencio de lxs ""dirigentes"". Se hace urgente convocar a asambleas para frenar el alza de los aranceles y luchar por la #Prohibici√≥nDeLosDespidos @la_Fech @Confech",8,0,14,1,FALSE,2020-04-08T14:38:48.000Z,"Puente Alto, Chile",Yuri Pe√±a - Candidato a Concejal x Stgo centro,"Historiador en formaci√≥n, marxista revolucionario por decisi√≥nüî•. Cola trotskista del PTR y de la agrupaci√≥n de juventud trabajadora y estudiantil VENCERüö©",https://t.co/Iu3OEjUgCV,yuriernsto
1272303778184728576,2021-03-17T23:56:18.000Z,1372336017659867137,und,@Dpm_Chile2020 @AquilesMora3 @PDC_Chile @24HorasTVN @T13 @CNNChile @meganoticiascl @CHVNoticias @El_Ciudadano @elmostrador @Censelio @PSChile @PCdeChile @elfrente_amplio @Cutchile @Confech Si,0,0,0,0,FALSE,2020-06-14T23:05:04.000Z,"Lo Barnechea, Chile",Gaettana,abogado PUC   ..coach linguistico Newfield...Network,"",Gaettana2
1276283539454144514,2021-03-19T09:50:37.000Z,1372847973055479808,es,@AlanElsson @Dpm_Chile2020 @pichiperuche @Cutchile @ProfesoresRM @AcesChile @Confech @feusach @la_Fech @24HorasTVN @T13 @meganoticiascl @CHVNoticias @CNNChile @elmostrador @PiensaPrensa No esperaba menos de un masca fusiles,0,1,1,0,FALSE,2020-06-25T22:38:36.000Z,Chile,Daniel Vargas,Detesto a los todos los EXTREMISTAS  tanto de DERECHA como de IZQUIERDA son los primeros en quedarse sin argumentos,"",Daniel65740321
1276283539454144514,2021-03-17T22:02:14.000Z,1372307315467169794,es,"@Dpm_Chile2020 @pichiperuche @Cutchile @ProfesoresRM @AcesChile @Confech @feusach @la_Fech @24HorasTVN @T13 @meganoticiascl @CHVNoticias @CNNChile @elmostrador @PiensaPrensa Si estos hijos de puta cuidaran a los ni√±os de Sename , como cuidan una puta estatua , ning√∫no ser√≠a abusado , torturado , asesinado ni prostituido , pero no tiene el mismo valor para ellos",1,1,2,0,FALSE,2020-06-25T22:38:36.000Z,Chile,Daniel Vargas,Detesto a los todos los EXTREMISTAS  tanto de DERECHA como de IZQUIERDA son los primeros en quedarse sin argumentos,"",Daniel65740321
1304583348141125632,2021-03-18T11:28:40.000Z,1372510259512770562,es,"@Dpm_Chile2020 @lromer2016 @Cutchile @ProfesoresRM @AcesChile @Confech @feusach @la_Fech @24HorasTVN @T13 @meganoticiascl @CHVNoticias @CNNChile @elmostrador @PiensaPrensa CASO ENJOY: PI√ëERA, UNA VEZ M√ÅS, GOBERNANDO EN BENEFICIO PROPIO. El Congreso lo sabe y, tambi√©n una vez m√°s, no lo destituye. https://t.co/cA9mmKFitE",0,0,0,0,FALSE,2020-09-12T00:51:46.000Z,"",Bosque Azul,Bosqueazul de Chile Bosquejos de Chile Vozquejas de Chile,"",BosqueAzul1
1316910536366444544,2021-03-23T22:05:43.000Z,1374482517932134407,und,@Dpm_Chile2020 @24HorasTVN @T13 @CNNChile @meganoticiascl @CHVNoticias @El_Ciudadano @elmostrador @Censelio @chileconvoca @EPInforma @MegafonoPopular @Cutchile @Confech @NOmasAFP @ConfusamChile @Fenpruss @ProfesoresRM @CNT_NOmasAFP ü§£ü§£ü§£ü§£,0,0,0,0,FALSE,2020-10-16T01:15:31.000Z,"",Maria Paz,"","",MariaPa77514524
1316910536366444544,2021-03-23T22:05:32.000Z,1374482470637170691,und,@Dpm_Chile2020 @24HorasTVN @T13 @CNNChile @meganoticiascl @CHVNoticias @El_Ciudadano @elmostrador @Censelio @chileconvoca @EPInforma @MegafonoPopular @Cutchile @Confech @NOmasAFP @ConfusamChile @Fenpruss @ProfesoresRM @CNT_NOmasAFP ü§£ü§£ü§£ü§£ü§£,0,0,0,0,FALSE,2020-10-16T01:15:31.000Z,"",Maria Paz,"","",MariaPa77514524
1317663809771884545,2021-04-07T03:21:18.000Z,1379635364848095233,es,Los mismos q defienden la #Plandemia son los q tienen pega segura/Los m√°s ricos en Chile aumentaron sus ganancias..¬ø y no hay camillas al igual q todos los putos a√±os del precario sistema d salud a√∫n vi√©ndolo venir ? Despierten por la chucha #PrimeraLinea @Confech @ColegioProfes https://t.co/eXDhK0gl4y,0,0,0,0,FALSE,2020-10-18T03:08:40.000Z,C√∫pula ,Cristian Masaru Emoto,No necesito la f√© ciega y me alegra poder cuestion√°rmelo todo.. as√≠ realmente soy libre. üòâ üåà  üé≠,"",emoto_masaru
1317663809771884545,2021-04-18T16:52:00.000Z,1383825651329732615,es,Manifestaciones en contra de las medidas dictatoriales covidiotas ... ¬ø Y en #Chile cuando ?  @la_Fech @Fech @ColegioProfes @AcesChile  @EstudiantesCAE @Confech @feuc  #Plandemia #NegocioCriminal https://t.co/W8nxuXs6jw,0,0,0,0,FALSE,2020-10-18T03:08:40.000Z,C√∫pula ,Cristian Masaru Emoto,No necesito la f√© ciega y me alegra poder cuestion√°rmelo todo.. as√≠ realmente soy libre. üòâ üåà  üé≠,"",emoto_masaru
1317663809771884545,2021-03-01T03:09:52.000Z,1366224138206076928,es,@Paul_axel2020 @ministeriosalud @ColegioProfes @Confech No s√≥lo pantallazos ni 20 argumentos : https://t.co/vpwqR2KVoW  Tambi√©n puedes razonar que un trapo de baja calidad manipulado por varias horas en un ambiente no est√©ril te enferma..no necesitas ser doctor para saberlo y vivenciarlo diariamente. Inf√≥rmate y debatimos campe√≥n  ;-),0,0,0,0,FALSE,2020-10-18T03:08:40.000Z,C√∫pula ,Cristian Masaru Emoto,No necesito la f√© ciega y me alegra poder cuestion√°rmelo todo.. as√≠ realmente soy libre. üòâ üåà  üé≠,"",emoto_masaru
1317663809771884545,2021-03-01T02:43:38.000Z,1366217537965477888,es,"@raulfiguersa El @ministeriosalud es responsable de las terribles consecuencias de usar un trapo por m√°s de 2 horas , en un ambiente no est√©ril . Buscar√© toda ayuda legal que me permita defenderme de la medida criminal impuesta.  #mascarillas #plandemia #0,2% @ColegioProfes @Confech https://t.co/IxdGZlyR7D",3,0,4,0,FALSE,2020-10-18T03:08:40.000Z,C√∫pula ,Cristian Masaru Emoto,No necesito la f√© ciega y me alegra poder cuestion√°rmelo todo.. as√≠ realmente soy libre. üòâ üåà  üé≠,"",emoto_masaru
1317663809771884545,2021-03-01T02:40:21.000Z,1366216710991339523,es,"@ministeriosalud El @ministeriosalud es responsable de las terribles consecuencias de usar un trapo por m√°s de 2 horas , en un ambiente no est√©ril . Buscar√© toda ayuda legal que me permita defenderme de la medida criminal impuesta.  #mascarillas #plandemia #0,2% @ColegioProfes @Confech https://t.co/Ri5l1YF6CK",0,1,0,0,FALSE,2020-10-18T03:08:40.000Z,C√∫pula ,Cristian Masaru Emoto,No necesito la f√© ciega y me alegra poder cuestion√°rmelo todo.. as√≠ realmente soy libre. üòâ üåà  üé≠,"",emoto_masaru
1324437702633279489,2021-03-18T16:36:50.000Z,1372587811942105088,es,@Dpm_Chile2020 @AcesChile @Cutchile @ProfesoresRM @Confech @feusach @la_Fech @24HorasTVN @T13 @meganoticiascl @CHVNoticias @CNNChile @elmostrador @PiensaPrensa PARA ESTO ES COBRO DE UN IMPUESTO +EL ROYALTI A LAS MINERAS DE DUE√ëOS TRAGONES Y DEPREDADORES Y SE SIENTEN INSULTADOS POR PAGAR UN ADICIONAL A LA POBRESA DE REGIONES DONDE DEPREDAN,1,0,1,0,FALSE,2020-11-05T19:46:29.000Z,"",Taboperez,me irrita la injusticia .trato ser mejor en esta puta vida igualdad libertad y humanidad,"",Taboperez6
1325458413778853889,2021-03-19T23:54:18.000Z,1373060290485571588,es,"@Dpm_Chile2020 @Cutchile @ProfesoresRM @AcesChile @Confech @feusach @la_Fech @24HorasTVN @T13 @meganoticiascl @CHVNoticias @CNNChile @elmostrador @PiensaPrensa Los fachos te van a decir que ellos se merecen estudiar as√≠ por que ""no se han esforzado lo suficiente. Son gente floja que quiere todo gratis"" te van a decir.

Tanto mal que le han hecho al pais los fachos bastardos. No tienen propuestas.. solo quieren que quede todo igual",0,0,0,0,FALSE,2020-11-08T15:22:00.000Z,"",Kenos,Queriamos cambios de fondo.. y empezamos. Vamos primero por una Constituci√≥n Democr√°tica. Despu√©s una Ley Tributaria que garantice una real redistribuci√≥n üá®üá±,"",Kenos_Radical
1332480884394647553,2021-03-01T02:49:26.000Z,1366218995590955009,es,@emoto_masaru @ministeriosalud @ColegioProfes @Confech Pero que fuerte investigaci√≥n aportas campe√≥n. Con 3 pantallazos rompiste un mito y salvaste a la humanidad campe√≥n üòÑ.,0,1,0,0,FALSE,2020-11-28T00:27:18.000Z,Chile,Paul Axel,üòÄ,"",Paul_axel2020
1336124867595431936,2021-03-01T01:25:56.000Z,1366197984086679553,und,"@EvepInicial @Nolavueltaclase @Anef_en_Accion @ConfusamChile @fenaedup @ForoPublica @ColegioProfes @CEPChileAG @AcesChile @ConesChile @Confech @AmpliaMesa @Fenated_ üì¢üé∂üéµ
#FeaLActitud
#FeaLActitud
#FeaLActitud
üì¢üé∂üéµ
#PostnatalDeEmergencia
#LosNi√±osPrimero",0,0,0,0,FALSE,2020-12-08T01:46:20.000Z,Tu üíú,Soy un Bots de #PostNatalDeEmergencia,"#LosNi√±osPrimero
#90D√≠asNoSonSuficientes #LaPrimeraInfanciaImporta #PostnatalDeEmergencia","",bots_un
1368564748300783618,2021-03-17T15:57:58.000Z,1372215645115416576,und,@Dpm_Chile2020 @PDC_Chile @24HorasTVN @T13 @CNNChile @meganoticiascl @CHVNoticias @El_Ciudadano @elmostrador @Censelio @PSChile @PCdeChile @elfrente_amplio @Cutchile @Confech https://t.co/doEntGoNdZ,0,0,0,0,FALSE,2021-03-07T14:11:29.000Z,"","Aquiles Mora NO+DC,PPD PS,PR","apasionado x la ciencia, bellas artes, humanidad","",AquilesMora3
1370791358538129426,2021-03-19T01:06:46.000Z,1372716140863094785,es,@Dpm_Chile2020 @alinekuppenheim @Cutchile @ProfesoresRM @AcesChile @Confech @feusach @la_Fech @24HorasTVN @T13 @meganoticiascl @CHVNoticias @CNNChile @elmostrador @PiensaPrensa Que comparaci√≥n m√°s absurda. Se gastan millones en televisi√≥n nacional en vez de cuidar ni√±os tambi√©n. O en sueldos de putos pol√≠ticos elegidos con el 1%,0,0,1,0,FALSE,2021-03-13T17:38:38.000Z,"",Alan Elsson,"","",AlanElsson
1370791358538129426,2021-03-24T19:40:43.000Z,1374808416632328199,es,@Dpm_Chile2020 @Cutchile @ProfesoresRM @AcesChile @Confech @feusach @la_Fech @24HorasTVN @T13 @meganoticiascl @CHVNoticias @CNNChile @elmostrador @PiensaPrensa Una comparaci√≥n absurda propia de un esquizofr√©nico de izquierda. Podr√≠amos decir se gastan millones en la basura de TVN o en los sueldos de los activistas del INDH mientras los ni√±os no tienen computadora. Los m√°s de 20 a√±os de gobiernos de izquierda fueron en vano.. no? https://t.co/xhP5lJtk6F,0,0,0,0,FALSE,2021-03-13T17:38:38.000Z,"",Alan Elsson,"","",AlanElsson
1370791358538129426,2021-03-24T18:23:30.000Z,1374788984140873734,es,@pichiperuche @Daniel65740321 @Dpm_Chile2020 @Cutchile @ProfesoresRM @AcesChile @Confech @feusach @la_Fech @24HorasTVN @T13 @meganoticiascl @CHVNoticias @CNNChile @elmostrador @PiensaPrensa No... solo un cornetero marxista. Solo eso ...,0,0,0,0,FALSE,2021-03-13T17:38:38.000Z,"",Alan Elsson,"","",AlanElsson
1370791358538129426,2021-03-19T01:13:58.000Z,1372717953767051269,es,@Daniel65740321 @Dpm_Chile2020 @pichiperuche @Cutchile @ProfesoresRM @AcesChile @Confech @feusach @la_Fech @24HorasTVN @T13 @meganoticiascl @CHVNoticias @CNNChile @elmostrador @PiensaPrensa Comparaci√≥n propia de una hetaira con analfabetismo funcional,0,1,0,0,FALSE,2021-03-13T17:38:38.000Z,"",Alan Elsson,"","",AlanElsson
143944292,2021-03-24T16:34:48.000Z,1374761628277862402,es,@Daniel65740321 @AlanElsson @Dpm_Chile2020 @Cutchile @ProfesoresRM @AcesChile @Confech @feusach @la_Fech @24HorasTVN @T13 @meganoticiascl @CHVNoticias @CNNChile @elmostrador @PiensaPrensa Jamas seria una chupa fusil.,0,1,0,0,FALSE,2010-05-14T21:34:09.000Z,"",apruebo,"","",pichiperuche
171230518,2021-03-01T01:23:47.000Z,1366197442207772674,es,"@Rokhiana Ojal√° los cabros tomen la posta y defiendan la educaci√≥n c√≥mo derecho...
Viene el tiempo d√≥nde esas discusiones se van a dar en ""el mejor escenario"" (por la constituyente)  ojal√° qu√© @Confech anden vivitos y sean actores protagonistas.",0,0,1,0,FALSE,2010-07-26T21:44:35.000Z,"",marza.lwm,Inform√≠voro,https://t.co/CvUxMyXjiM,MarzaLwm
18958142,2021-04-14T22:15:17.000Z,1382457459391016964,es,"Dejaremos los enlaces de algunas otras organizaciones parte de Unidad Social y les invitamos a conocer sus propuestas.
@UnidadSocialCh
@Confech
 @ModatimaChile @ConesChile @MigrantesChile @Cutchile @ColegioProfes @FundacionEmerge @sidarte_chile @ChileAsemuch",1,1,1,0,FALSE,2009-01-13T23:18:05.000Z,"Santiago, Chile",MUMS,"Movimiento por la Diversidad Sexual, desde 1991 luchando por los Derechos Humanos desde y para la Diversidad Sexual y de G√©nero.
Correo: contacto@mums.cl",https://t.co/Y6e2D1FtB6,MUMS_Chile
22277930,2021-03-13T02:02:19.000Z,1370555794559795200,es,"La contienda es desigual, pero tengo la naturaleza y la raz√≥n de mi lado. Inf√≥rmate en https://t.co/eFzqW6U4F9 Reg√°lame un ReTweet  @jpcrettino @sifup @CharlesAranguiz @pinigol51 @jgonzalezmusico @iamdelafuente @NaschlaA @felargentina @FEPUCV
@la_Fech¬† @Confech @fel_chile @Feuc https://t.co/v7cApQLZPY",1,0,1,0,FALSE,2009-02-28T17:50:14.000Z,Santiago de Chile,Fernando Neira Pezoa,Ingeniero y Ecologista. Convencido que trabajando en equipo podemos mejorar la Sociedad. Candidato Alcalde Santiago 2021,https://t.co/XiClMSAfXq,FernandoNeira
225199338,2021-03-17T22:03:30.000Z,1372307632665530368,es,"@Dpm_Chile2020 @OMdechile @Cutchile @ProfesoresRM @AcesChile @Confech @feusach @la_Fech @24HorasTVN @T13 @meganoticiascl @CHVNoticias @CNNChile @elmostrador @PiensaPrensa Verg√ºenza eterna, el abuso del estado, falta de sensibilidad social la imagen refleja la realidad dura violenta del chile donde existe 802 campamentos, 801 ni√±os maltratados en Sename, donde la media de pensiones en hombres es 180 lucas en mujeres 140 lucas, donde se roba el agua",1,0,2,0,FALSE,2010-12-10T23:41:43.000Z,HUALPEN,Jorge Carrillo,Conciente de mi alrededor y con ganas de conversar de contingencia y otras cosas. y adorar mi Zenaida y Veronica carrillo  H. por su puestos a mis nietos,"",jorgecarrillomo
255847048,2021-03-04T16:41:50.000Z,1367515642170064904,und,@canal_chile @OllaDigna @EPInforma @MegafonoPopular @PiensaPrensa @todonoticias @AustralTemuco @Feuc @AcesChile @ColegioProfes @Confech @radiousach @Radio19deAbril @RNewen1 https://t.co/kj0HMMQyMH,7,0,3,0,FALSE,2011-02-22T04:40:43.000Z,"Santiago, Chile",Erik AM Mussiett,"Ing. de Proyectos en ENTEL Chile.
Un poco Terco y Obstinado en lo que inicio.
Instituto Nacional, Colo Colo, UBB, Bautista y no hay mas.","",ignarito
3185279326,2021-03-02T03:23:35.000Z,1366589979640664067,es,@jandresgn @CNNChile @chilevision @Confech @AcesChile @ConesChile @eladiofloresHu1 @arielroberts @Danii_1700 @dagaemcri @euge2145 @bcastil32667233 @GobiernodeChile Un verdadero CSM,0,0,0,0,FALSE,2015-04-20T01:34:28.000Z,"",FREDI STOP üíö,#PayasDeDerecha üíöüéôüé∂üéµüé∂,"",TIO_LEGUAS
3409645547,2021-03-17T21:56:26.000Z,1372305853139849220,es,@Dpm_Chile2020 @alinekuppenheim @Cutchile @ProfesoresRM @AcesChile @Confech @feusach @la_Fech @24HorasTVN @T13 @meganoticiascl @CHVNoticias @CNNChile @elmostrador @PiensaPrensa Una mierda de pa√≠s!!!,1,0,1,0,FALSE,2015-08-09T03:10:46.000Z,"",Emma Grandon ,"","",EmmaGrandon
36616161,2021-04-15T01:40:46.000Z,1382509171153760260,und,@GRUPOCHILE #MasaVirtual #Comparte #Chile #America #Europa @eduardowmusic @TodosPescamos @litioparachile @NoalTAG @ModatimaPetorca @NoAltoMaipo @confech @Fech @Carabdechile @Ejercito_Chile @BomberosdeChile @Combutac7x1  @PDI_CHILE @MedicosVerdad @AbogadosVerdad @FACh_Chile #freed https://t.co/UJLXAgZNuW,0,0,0,0,FALSE,2009-04-30T07:09:38.000Z,Chile,MASAVIRTUAL CHILE,"Nos tratan de igualar, pero nos reconocer√°s como tus AMIGOS. SOMOS GRUPOCHILE EN MISI√ìN DE COMPARTIR CONTENIDOS DE BAJO PERFIL MEDI√ÅTICO.",https://t.co/4XfdbpaGSr,GRUPOCHILE
394816861,2021-03-22T12:13:49.000Z,1373971173466386436,es,"üò∑‚≠ïÔ∏è los estudiantes tienen una duda existencial, deben ir igual a clases , por el permiso qu√© hay en la comisar√≠a virtual ‚ÅâÔ∏è el ministro no dice nada @MECAMUS @Camila_RojasV @Confech @SitaPrisci",0,0,0,0,FALSE,2011-10-20T17:32:29.000Z,chile,Gonzalo Castro #usomascarilla #chiledesperto ‚íº,DEFENSOR DE LA VEJEZ -Enfermer√≠a geri√°trica /psiqui√°trica uconvenio Usach psico/investigaci√≥n#DonaSangreDonaVida #usamascarilla #buenmorir,"",gonzalocasstro
394816861,2021-03-25T21:41:18.000Z,1375201147166801923,es,"üò∑ urge que avancen en sus pr√°cticas, pasant√≠as , orientaci√≥n a todos los estudiantes del √°rea profesional de salud , se requerir√° un gran cambio de personas sobre exigidas en pandemia que no termina este a√±o seguir√° por muchos @usach @uchile @uc @Camila_RojasV @Confech #COVID19",0,0,0,0,FALSE,2011-10-20T17:32:29.000Z,chile,Gonzalo Castro #usomascarilla #chiledesperto ‚íº,DEFENSOR DE LA VEJEZ -Enfermer√≠a geri√°trica /psiqui√°trica uconvenio Usach psico/investigaci√≥n#DonaSangreDonaVida #usamascarilla #buenmorir,"",gonzalocasstro
394816861,2021-03-27T00:31:20.000Z,1375606327209234432,es,"üò∑‚≠ïÔ∏èno pueden negar matr√≠culas a estudiantes universitarios en periodos de pandemia 2020/2021 causas deudas , desfase,mucho m√°s  @mirkomacari @Camila_RojasV @Confech @feusach @eldesconcierto",0,0,1,0,FALSE,2011-10-20T17:32:29.000Z,chile,Gonzalo Castro #usomascarilla #chiledesperto ‚íº,DEFENSOR DE LA VEJEZ -Enfermer√≠a geri√°trica /psiqui√°trica uconvenio Usach psico/investigaci√≥n#DonaSangreDonaVida #usamascarilla #buenmorir,"",gonzalocasstro
394816861,2021-04-01T23:17:14.000Z,1377762004140756994,es,üò∑üíô estudiantes de enfermer√≠a en crisis ‚ÄºÔ∏èse debe avanzar y formar es vocaci√≥n de todos los #üíô @Educaciongrat @DrEnriqueParis @pdazan @feusach @Confech @ValdebenitoNata #enfermeria https://t.co/pcSZkgZBC3,3,0,7,1,FALSE,2011-10-20T17:32:29.000Z,chile,Gonzalo Castro #usomascarilla #chiledesperto ‚íº,DEFENSOR DE LA VEJEZ -Enfermer√≠a geri√°trica /psiqui√°trica uconvenio Usach psico/investigaci√≥n#DonaSangreDonaVida #usamascarilla #buenmorir,"",gonzalocasstro
394816861,2021-03-11T02:38:58.000Z,1369840239762636802,es,"üò∑supongo que el se√±or Ministro de Educaci√≥n ya cre√≥ un preuniversitario p√∫blico gratuito y de calidad ,tuvo un a√±o para generar el proyecto , por que no hay un preu para miles de estudiantes que el tanto dice cuidar y proteger @raulfiguersa #nomascae @Confech @AcesChile",1,0,0,0,FALSE,2011-10-20T17:32:29.000Z,chile,Gonzalo Castro #usomascarilla #chiledesperto ‚íº,DEFENSOR DE LA VEJEZ -Enfermer√≠a geri√°trica /psiqui√°trica uconvenio Usach psico/investigaci√≥n#DonaSangreDonaVida #usamascarilla #buenmorir,"",gonzalocasstro
394816861,2021-03-08T10:34:15.000Z,1368872684340322305,es,#plazadeladignidad #PLAZADIGNIDAD #alameda #revuelta @AcesChile @Confech @carito69696969 @humanoide_gtr cordialmente invitados. Al encuentro cultural el d√≠a de la mujer #Diadelamujer üíôüò∑,0,0,0,0,FALSE,2011-10-20T17:32:29.000Z,chile,Gonzalo Castro #usomascarilla #chiledesperto ‚íº,DEFENSOR DE LA VEJEZ -Enfermer√≠a geri√°trica /psiqui√°trica uconvenio Usach psico/investigaci√≥n#DonaSangreDonaVida #usamascarilla #buenmorir,"",gonzalocasstro
700053252,2021-03-17T22:51:49.000Z,1372319790522634240,es,@Dpm_Chile2020 @keko77777777 @Cutchile @ProfesoresRM @AcesChile @Confech @feusach @la_Fech @24HorasTVN @T13 @meganoticiascl @CHVNoticias @CNNChile @elmostrador @PiensaPrensa Y alguien piensa que les importa??. Les importa absolutamente nada.,0,0,1,0,FALSE,2012-07-17T00:31:29.000Z,Santiago de Chile,Andronica Lucy,"Republicana, ambientalista, animalista. Experta en Pol√≠tica Energ√©tica y M.Ambiente, 20 a√±os de trabajo con la sociedad civil. Un Chile mejor es posible !!","",alicia_sparza
701064691016200192,2021-04-02T16:27:00.000Z,1378021154842099719,ca,@Joseore42534925 @anef @ConfusamChile @Confech @ColegioProfes @ApoderadosOrg @la_Fech @Cutchile @ConesChile @AcesChile Un pure de caca,0,0,0,0,FALSE,2016-02-20T15:23:42.000Z,"Santiago, Chile",Eduardo Mondino,"No creo en los grises  blanco o Negro -Moro o Cristiano-
Fuerza Palestina Libre y soberana.","",emondino06
918246134,2021-04-11T20:56:31.000Z,1381350471475027971,und,‚Å¶@Mineduc‚Å© ‚Å¶@raulfiguersa‚Å© ‚Å¶@GobiernodeChile‚Å© ‚Å¶@Senado_Chile‚Å© ‚Å¶@Camara_cl‚Å© ‚Å¶@mindelamujer‚Å© ‚Å¶@ColegioProfes‚Å© ‚Å¶@AcesChile‚Å© ‚Å¶@Confech‚Å© ‚Å¶@ApoderadosOrg‚Å© https://t.co/LAvzm3fFYx,1,0,1,0,FALSE,2012-11-01T04:39:51.000Z,"Concepcion, üá®üá±",Nancy,"De Conce.üá®üá±BACHELETISTA EDUC.Y SALUD GRATIS,SIST. √öNICO PREVISI√ìN PARA TODOS ENüá®üá±, NI UNA-CONSTITUYENTES INDEPENDIENTES, JADUE PRESIDENTE Cumplea√±o 6/Enero.","",mtnancyts
918246134,2021-04-08T04:50:34.000Z,1380020219196936192,es,"‚Å¶@Camara_cl‚Å© ‚Å¶@Senado_Chile‚Å© ‚Å¶@Confech‚Å© ‚Å¶@Cutchile‚Å© ‚Å¶@_adrianamunoz‚Å© 
HASTA CUANDO PERMITEN QUE ESTE GOBIERNO SE BLINDE CON LOS ANTIGUOS SEGUIDORES DE PINOCHET Y CULPABLES  DE TANTO ASESINATOS EN LA DICTADURA  De üá®üá±‚ÄºÔ∏è‚ÅâÔ∏è https://t.co/sFSvRIT1Sg",18,1,11,1,FALSE,2012-11-01T04:39:51.000Z,"Concepcion, üá®üá±",Nancy,"De Conce.üá®üá±BACHELETISTA EDUC.Y SALUD GRATIS,SIST. √öNICO PREVISI√ìN PARA TODOS ENüá®üá±, NI UNA-CONSTITUYENTES INDEPENDIENTES, JADUE PRESIDENTE Cumplea√±o 6/Enero.","",mtnancyts
918246134,2021-03-22T16:59:25.000Z,1374043045709119492,es,"@CNNChile @CNNEE @Mega @TVN @canal13 @chilevision @elmercurioec @lacuarta @biobio @LaRedTV @CamaraSenadores @DiputadosChile @colmedchile @ColegioProfes @Cutchile @AcesChile @Confech 
EL PASO A PASO Düá®üá± ES ESTRATEGIA PARA MANTENER LA PANDEMIA‚ÄºÔ∏è https://t.co/cezQwzGkQf",0,0,0,0,FALSE,2012-11-01T04:39:51.000Z,"Concepcion, üá®üá±",Nancy,"De Conce.üá®üá±BACHELETISTA EDUC.Y SALUD GRATIS,SIST. √öNICO PREVISI√ìN PARA TODOS ENüá®üá±, NI UNA-CONSTITUYENTES INDEPENDIENTES, JADUE PRESIDENTE Cumplea√±o 6/Enero.","",mtnancyts
918246134,2021-04-11T18:54:06.000Z,1381319664077258752,es,"NO AL MACHISMO, QUE LAS VIDAS DE TODES EMPIECEN RESPETANDO A LAS MUJERES...  !!
Ni una menos!!
No ‚ûïViolencia contra la mujer!!
‚Å¶@Mineduc‚Å© ‚Å¶@ColegioProfes‚Å© ‚Å¶@AcesChile‚Å© ‚Å¶@Confech‚Å© ‚Å¶@mindelamujer‚Å© https://t.co/oQU807P2s3",1,0,1,0,FALSE,2012-11-01T04:39:51.000Z,"Concepcion, üá®üá±",Nancy,"De Conce.üá®üá±BACHELETISTA EDUC.Y SALUD GRATIS,SIST. √öNICO PREVISI√ìN PARA TODOS ENüá®üá±, NI UNA-CONSTITUYENTES INDEPENDIENTES, JADUE PRESIDENTE Cumplea√±o 6/Enero.","",mtnancyts
918246134,2021-04-08T17:53:56.000Z,1380217359340814336,und,@Gobiernodechile @sebastianpinera @indh @camara_cl @senado_chile  @cutchile @confech @aces https://t.co/3TyVc8XsXe,0,0,0,0,FALSE,2012-11-01T04:39:51.000Z,"Concepcion, üá®üá±",Nancy,"De Conce.üá®üá±BACHELETISTA EDUC.Y SALUD GRATIS,SIST. √öNICO PREVISI√ìN PARA TODOS ENüá®üá±, NI UNA-CONSTITUYENTES INDEPENDIENTES, JADUE PRESIDENTE Cumplea√±o 6/Enero.","",mtnancyts
918246134,2021-04-01T15:27:04.000Z,1377643684150308865,es,"@ministeriosalud @DrEnriqueParis @pdazan @colmedchile  @ispch @AlcaldesDeChile @ColegioProfes @Confech @AcesChile @sebastianpinera 
Se vacunar√°n PRONTO a ni√±os de 12 a 16 a√±os en Chile‚ÅâÔ∏è",0,0,0,0,FALSE,2012-11-01T04:39:51.000Z,"Concepcion, üá®üá±",Nancy,"De Conce.üá®üá±BACHELETISTA EDUC.Y SALUD GRATIS,SIST. √öNICO PREVISI√ìN PARA TODOS ENüá®üá±, NI UNA-CONSTITUYENTES INDEPENDIENTES, JADUE PRESIDENTE Cumplea√±o 6/Enero.","",mtnancyts
918246134,2021-03-20T22:31:55.000Z,1373401948788031489,es,"@ColegioProfes @AcesChile @Confech @CRUCH_Chile @Camara_cl 
COMO NADIE PUEDE PARAR LAS IDEAS ARMADAS DE PI√ëERA ‚ÅâÔ∏è https://t.co/moX7ZcmBPZ",0,0,1,0,FALSE,2012-11-01T04:39:51.000Z,"Concepcion, üá®üá±",Nancy,"De Conce.üá®üá±BACHELETISTA EDUC.Y SALUD GRATIS,SIST. √öNICO PREVISI√ìN PARA TODOS ENüá®üá±, NI UNA-CONSTITUYENTES INDEPENDIENTES, JADUE PRESIDENTE Cumplea√±o 6/Enero.","",mtnancyts
918246134,2021-03-20T22:11:04.000Z,1373396700711227395,es,"Que PRETENDE HACE CON LOS NI√ëOS Y ADOLESCENTES‚ÄºÔ∏è ‚Å¶@sebastianpinera‚Å© Y ‚Å¶@Mineduc‚Å© ‚Å¶@raulfiguersa‚Å© 
@ACES @confech https://t.co/Xugmd8rQwL",0,1,2,0,FALSE,2012-11-01T04:39:51.000Z,"Concepcion, üá®üá±",Nancy,"De Conce.üá®üá±BACHELETISTA EDUC.Y SALUD GRATIS,SIST. √öNICO PREVISI√ìN PARA TODOS ENüá®üá±, NI UNA-CONSTITUYENTES INDEPENDIENTES, JADUE PRESIDENTE Cumplea√±o 6/Enero.","",mtnancyts
965167734,2021-03-18T02:44:45.000Z,1372378412506042372,es,@Dpm_Chile2020 @Cutchile @ProfesoresRM @AcesChile @Confech @feusach @la_Fech @24HorasTVN @T13 @meganoticiascl @CHVNoticias @CNNChile @elmostrador @PiensaPrensa Me saco el sombrero por todos los que estudian as√≠. Los admiro.,1,0,1,0,FALSE,2012-11-22T23:53:49.000Z,"Santiago, Chile",Marcelo Gonzalez L,Chile llora.,"",Marcelohgl
