author_id,text,lang,id,created_at.x,public_metrics.retweet_count,public_metrics.reply_count,public_metrics.like_count,public_metrics.quote_count,username,name,description,created_at.y,verified,url
1051578660,@KarlaEnAccion @desbordes @RodrigoDelgadoM @podr√≠a mostrarle este video al presidente para que recuerde cada palabra que sus compatriotas est√°n viviendo actualmente https://t.co/wBGgQSsqGo,es,1384674764703338504,2021-04-21T01:06:04.000Z,0,0,0,0,claudiaariva,Claudia,nacimiento 23 de noviembre,2013-01-01T01:47:53.000Z,FALSE,""
108984063,"@RodrigoDelgadoM Renuncie a este gobierno, usted no es para estar ah√≠. Ud es de la gente, ud sabe c√≥mo funciona el pueblo. No sea leso",es,1384638535127519232,2021-04-20T22:42:06.000Z,0,0,0,0,kikevargasfritz,Kike VF,"",2010-01-27T16:18:48.000Z,FALSE,https://t.co/iL1nkph3aS
1102066406,"Otra vez en contra del derecho a informarnos.
@Carabdechile 
@RodrigoDelgadoM https://t.co/B1kgPaMKPC",es,1384658898163011584,2021-04-21T00:03:01.000Z,1,0,0,0,fuong69,Pily,"Patipelada. Mel√≥mana. Dog y cat lover. üêàüêï 
 Yo ya sab√≠a querer de lejos mucho antes de la pandemia.
#NoFachos
#Pi√±eraCTM",2013-01-18T21:26:48.000Z,FALSE,""
1106080974,"@RodrigoDelgadoM @sebastianpinera @DptoExtranjeria @GalliJF @Sub_Interior @laSUBDERE @min_interior @Minrel_Chile @SubPrevDelito @katymartorell @GobiernodeChile @Gob_Interior Por favor ordenen los tr√°mites pendientes. Mi caso tengo 2 a√±os q solicite la permanencia  definitiva, tengo trabajo estable indefinido y cotizo,  en diciembre recibi correo algunos documentos esta (claro que est√°n vencido han pasado dos a√±os) mi esposa e hijos tienen definitiva",es,1384658191083057155,2021-04-21T00:00:13.000Z,1,0,1,0,abreujlu,jose abreu,"",2013-01-20T12:09:45.000Z,FALSE,""
111699348,Sospecho que el Ministro @RodrigoDelgadoM no est√° ni ah√≠ con decisi√≥n de llevar #tercerretiro10xcientosintc al #TribunalConstitucional,es,1384673464506793984,2021-04-21T01:00:54.000Z,0,0,0,0,RobertoSahr,Roberto Sahr,"Ex Consejero Regional de Magallanes, Ex Concejal de Punta Arenas, liberal, federalista, cristiano y popular. Estado Federal en Nueva Constituci√≥n.",2010-02-05T21:29:44.000Z,FALSE,https://t.co/c8gsK6eDwQ
112306813,"@sebastianpinera @RodrigoDelgadoM @jaimebellolio @DrEnriqueParis @KarlaEnAccion, etc. Todos sin distinci√≥n, traidores a la patria, verg√ºenza de gobernantes, lacra social, se enriquecen con el pueblo de chile, espero no quieran llamar a mi mam√° para censurarme",es,1384653000296255490,2021-04-20T23:39:35.000Z,0,0,0,0,sguerra81,Sebastian Guerra,"",2010-02-08T00:58:33.000Z,FALSE,""
1138620088054104065,"Eso esta bien o esta mal se√±or @RodrigoDelgadoM ??

@PamJiles @CorteIDH https://t.co/k4tBlhBazh",es,1384722192060100609,2021-04-21T04:14:32.000Z,2,0,1,0,fnee1328,Esta vez me llamo Eduardo,"Amigo de los amigos, una ronda de consciencia para tod@s, yo invito!
Sin colores pol√≠ticos, Tocomplelover...



Gracias a la vida, que me ha dado tantoüé∂",2019-06-12T01:32:38.000Z,FALSE,""
1167606872,@neofreudiano @FpvrPrensa @sebastianpinera @jaimebellolio @RodrigoDelgadoM Perm√≠teme q lo dude üòÖ,es,1384686382405373955,2021-04-21T01:52:14.000Z,0,0,0,0,Carla_H_S,Carla,Dra. en Did√°ctica de las Ciencias // Subdirectora @FisicaUsach // Coordinadora @NAEC_Chile // Aprendiendo a pintar en cuarentena üñç,2013-02-11T02:30:37.000Z,FALSE,""
119563809,As√≠ se hace @sebastianpinera @RodrigoDelgadoM https://t.co/RjB6CTrkyB,es,1384610017769185291,2021-04-20T20:48:47.000Z,0,0,0,0,RoroAzul,Pe√±alolenTV üíöüëÆ,Twitter para destacar lo mejor de la Comuna de Pe√±alolen y denunciar lo peor... #Pe√±alolen,2010-03-04T01:04:56.000Z,FALSE,""
1196837969203736579,@RodrigoDelgadoM @PDI_CHILE @katymartorell @GalliJF @GobiernodeChile @Sub_Interior @SubPrevDelito @min_interior La √∫nica delincuencia son ustedes #ElPeorPresidenteDeLaHistoria @sebastianpinera https://t.co/qqoXTKgbyo,es,1384679192365830147,2021-04-21T01:23:40.000Z,1,0,1,0,Amparo_Latina,Amparo,"La meritocracia jam√°s existi√≥. Nunca fue mercado, siempre fue pulper√≠a. Matando a mi binario interno",2019-11-19T17:09:50.000Z,FALSE,""
1196837969203736579,@cgajardop C√≥mo justifican que es por la vejez si estamos en pandemia! @RodrigoDelgadoM @sebastianpinera ladrones! Sostenidos por los delincuentes de @Carabdechile @FACh_Chile @Armada_Chile @Ejercito_Chile un ü§Æ #ElPeorPresidenteDeLaHistoria,es,1384676449723035649,2021-04-21T01:12:46.000Z,0,0,0,0,Amparo_Latina,Amparo,"La meritocracia jam√°s existi√≥. Nunca fue mercado, siempre fue pulper√≠a. Matando a mi binario interno",2019-11-19T17:09:50.000Z,FALSE,""
1206162172226740225,@RodrigoDelgadoM @DptoExtranjeria @GobiernodeChile @min_interior @SubPrevDelito @katymartorell @laSUBDERE @Minrel_Chile @GalliJF @Sub_Interior @Gob_Interior Mi. Senora recient tiennes una hija se vas a regresar su madres y solo. Yo. Que estas trabajando que vas pasar por Mi hija senor rodrigo? Si dejo Mi Trabajo para ella como vas a tener plata para ayudar la?,es,1384682367185457154,2021-04-21T01:36:17.000Z,0,0,0,0,HGuerschom,Hyppolite Guerschom,Je suis un entrepreneur,2019-12-15T10:41:04.000Z,FALSE,""
1206983357478899712,@geneperez_ @guzmar17 @RodrigoDelgadoM @DptoExtranjeria @sebastianpinera @GalliJF @Sub_Interior @laSUBDERE @min_interior @Minrel_Chile @SubPrevDelito @katymartorell @GobiernodeChile @Gob_Interior Hola buenas tardes elmio es del 2012 donde se saca el titulo de residencia,es,1384598004674580481,2021-04-20T20:01:03.000Z,0,0,0,0,Berusca9,Berusca,Ser incondicional,2019-12-17T17:04:23.000Z,FALSE,""
1215454469019795456,"@S_Schwartzmann @GobiernodeChile @RodrigoDelgadoM ""aplausos para uds"" que han contribuido que a @Carabdechile se les falte el respeto de esa forma los tienen con las manos amarradas 0 apoyo a su gestion,intolerable el trato hacia ellos,pero si reaccionan despues son sumariados muy mal",es,1384666344050806785,2021-04-21T00:32:36.000Z,0,0,0,0,PgI40423801,Patricia,optimismo,2020-01-10T02:05:14.000Z,FALSE,""
1236448936023535616,@juanjoseossasc @GobiernodeChile @sebastianpinera @MaximoPavezC @CIyT_gob @Segpres @min_interior @RodrigoDelgadoM @DptoExtranjeria @Gob_Interior https://t.co/KxthyhatYp,und,1384663791774928896,2021-04-21T00:22:28.000Z,0,0,0,0,oscarnpolanco,Oscar Polanco,"#apruebo, traveler.",2020-03-08T00:29:44.000Z,FALSE,""
1238103602394259457,Ministro @RodrigoDelgadoM mire a sus j√≥venes so√±adores el gran aporte que hacen a la convivencia nacional https://t.co/hTTXdPoPI3,es,1384726506132459520,2021-04-21T04:31:40.000Z,0,0,0,0,RalPinto16,Ra√∫l Pinto,"Estudiente de ingenier√≠a en gesti√≥n log√≠stica, defensor de la vida, libertad y propiedad privada",2020-03-12T14:04:45.000Z,FALSE,""
1241107614244560897,@juanjoseossasc @GobiernodeChile @sebastianpinera @MaximoPavezC @CIyT_gob @Segpres @min_interior @RodrigoDelgadoM @DptoExtranjeria @Gob_Interior Hijo de puta,es,1384632592843087878,2021-04-20T22:18:30.000Z,0,0,1,0,aojedav995,Andr√©s Ojeda ‚ö™Ô∏è üá®üá± üá®üá±,üá®üá±üá®üá± #CoffeeLover ‚òïÔ∏è De #Temuco viviendo en #PuertoMontt #Capricornio ‚ôëÔ∏è amante de la vida y de los viajes ‚úàÔ∏è üåç,2020-03-20T21:01:37.000Z,FALSE,https://t.co/qaJtJNX6nb
1267577203522445315,@RodrigoDelgadoM @sebastianpinera @DptoExtranjeria @GalliJF @Sub_Interior @laSUBDERE @min_interior @Minrel_Chile @SubPrevDelito @katymartorell @GobiernodeChile @Gob_Interior Para nacionales de Brasil tambi√©n es necesario el certificado de antecedentes? Porque en la tramitaci√≥n habitual no se lo piden.,es,1384603361471647751,2021-04-20T20:22:20.000Z,0,1,0,0,ccalaui,Calaui,üáßüá∑  üá®üá±,2020-06-01T22:02:24.000Z,FALSE,https://t.co/APdfFQIGEq
1267577203522445315,"@leonardo3112 @RodrigoDelgadoM @sebastianpinera @DptoExtranjeria @GalliJF @Sub_Interior @laSUBDERE @min_interior @Minrel_Chile @SubPrevDelito @katymartorell @GobiernodeChile @Gob_Interior Na verdad ya lo tengo, pero tengo que legalizarlo. Voy por eso. Gracias! Saludos",es,1384648244526043136,2021-04-20T23:20:41.000Z,0,0,1,0,ccalaui,Calaui,üáßüá∑  üá®üá±,2020-06-01T22:02:24.000Z,FALSE,https://t.co/APdfFQIGEq
1278817648579616768,"@UEenChile @RodrigoDelgadoM @GalliJF @min_interior @GobiernodeChile @enriqueoj3600 @IrlEmbChile @ItalyinChile @AlemaniaenCL @ambafrancecl @FinEmbChile @SwedeninChile @PLenChile Conversar sobre DDHH con personeros de gobierno que viola DDHH es un contrasentido tremendo, en Wallmapu el pueblo mapuche sufre violaciones sistematicas de derechos ancestrales por parte de este gobierno",es,1384678563622887424,2021-04-21T01:21:10.000Z,0,0,0,0,JuanVid65725214,Juan Vidal,"un dia mas, en el pais de la impunidad para los ricos y politicos",2020-07-02T22:27:49.000Z,FALSE,""
128775421,"@UEenChile @SwedeninChile @RodrigoDelgadoM @GalliJF @min_interior @GobiernodeChile @enriqueoj3600 @IrlEmbChile @ItalyinChile @AlemaniaenCL @ambafrancecl @FinEmbChile @PLenChile Y los escucharon? Veamos de aqu√≠ a un par de semana si realmente les qued√≥ algo...
Sabemos lo que piensan sobre ""reforma policial"" y la seguridad pa√≠s. C√≥mo fueron los aportes de los respectivos pa√≠ses de la UE a sus habitantes?. Podr√≠an aprovechar el impulso de mostrarles eso üôÑ",es,1384631059569119239,2021-04-20T22:12:24.000Z,0,0,0,0,PvK_,#Pavlik,DJ! Mi propio COACH e imaginiero. Aliado de la raz√≥n y enemigo de la fuerza. Tigre de fuego. No obst√°culos... S√≥lo retos!.,2010-04-02T04:36:59.000Z,FALSE,https://t.co/tuRxdjiwHW
1288560283271790592,"@RodrigoDelgadoM @sebastianpinera @DptoExtranjeria @GalliJF @Sub_Interior @laSUBDERE @min_interior @Minrel_Chile @SubPrevDelito @katymartorell @GobiernodeChile @Gob_Interior 22 meses esperando la permanencia definitiva, y nadie da soluciones. Quieren ordenar la casa? H√°ganlo bien",es,1384607869480407040,2021-04-20T20:40:15.000Z,1,0,2,0,SergioCatalan_1,Sergio Galindo,Made in Barranquilla,2020-07-29T19:41:39.000Z,FALSE,""
1290306213209661446,@juanjoseossasc @GobiernodeChile @sebastianpinera @MaximoPavezC @CIyT_gob @Segpres @min_interior @RodrigoDelgadoM @DptoExtranjeria @Gob_Interior Malditos perros csm.. Son la üí©üí© m√°s grande de este pais.,es,1384679979418636288,2021-04-21T01:26:47.000Z,0,0,1,0,Victor96759270,Victor Lepe L,"",2020-08-03T15:19:20.000Z,FALSE,""
1320349973989478401,@GobiernodeChile Malnacidos de mierda despu√©s no se quejen si viene otro estadillo hijos de üê©üê© tus malditos bono ni me sirven bastardo ql... la gente volver√° a la calle delincuente ql @sebastianpinera @RodrigoDelgadoM,es,1384633645261070338,2021-04-20T22:22:40.000Z,1,0,0,0,Hernan78084235,Hernan,conceüè≥Ô∏è‚ÄçüåàPTA.ARENASüè≥Ô∏è‚Äçüåàpudahuel,2020-10-25T13:02:29.000Z,FALSE,https://t.co/HBSI55uCCy
1329443404808380418,@RodrigoDelgadoM @sebastianpinera @DptoExtranjeria @GalliJF @Sub_Interior @laSUBDERE @min_interior @Minrel_Chile @SubPrevDelito @katymartorell @GobiernodeChile @Gob_Interior Oye en las cisternas hay un grupo de colombianos que hacen fiestas todo el dia y no dejan a los vecinos en paz. Salio un reportaje en #BuenosDiasTVN a esos wns deber√≠an deportarlos pq adem√°s son unos malditos traficantes https://t.co/2zU5WgdNcF,es,1384584046047543297,2021-04-20T19:05:35.000Z,0,0,0,0,Kamizama14,Kamisama. Aprob√© ‚òùüëΩ,"",2020-11-19T15:16:31.000Z,FALSE,""
1330298763274055682,El ministro del interior huy√≥ del punto de prensa porque sabe que ese v√≠deo lo perseguir√≠a por siempre. Un pusil√°nime @RodrigoDelgadoM #TerceRetiro10ciento,es,1384649235094818816,2021-04-20T23:24:37.000Z,1,0,2,0,seba_chukaw,Seba Mu√±oz,Costa Valdiviana. Opini√≥n personal. RT no implica apoyo,2020-11-21T23:55:24.000Z,FALSE,""
1330298763274055682,El ministro del interior @RodrigoDelgadoM sali√≥ arrancando del punto de prensa para el env√≠o al TC del #TerceRetiro10ciento,es,1384632825287172102,2021-04-20T22:19:25.000Z,0,0,0,0,seba_chukaw,Seba Mu√±oz,Costa Valdiviana. Opini√≥n personal. RT no implica apoyo,2020-11-21T23:55:24.000Z,FALSE,""
1338614018978836482,@RodrigoDelgadoM @DptoExtranjeria @sebastianpinera @GalliJF @Sub_Interior @laSUBDERE @min_interior @Minrel_Chile @SubPrevDelito @katymartorell @GobiernodeChile @Gob_Interior Hola mis hijos entraron sin pasaporte en traron como refujiados  el papa tiene la difinitiva como asen ellos para la visa si no tienen pasaporte gracias,es,1384617553658454022,2021-04-20T21:18:44.000Z,0,0,0,0,Lalo05516221,Lalo,me gustan las aventuras,2020-12-14T22:37:22.000Z,FALSE,""
1338614018978836482,@RodrigoDelgadoM hola como postulan mos hijos ellos entraron como refujiados como ago para q ellos ingresen ala regularisacion para ellos ya q no tienen pasaporte ninguno como are el papa ya tiene la difinitiva,es,1384618315084189697,2021-04-20T21:21:45.000Z,0,0,0,0,Lalo05516221,Lalo,me gustan las aventuras,2020-12-14T22:37:22.000Z,FALSE,""
134878989,Pi√±era ctm...!!! @presidencia_cl @sebastianpinera @ceciliamorel @jaimebellolio @juanjoseossasc @RodrigoDelgadoM Tribunal Constitucional #TercerRetiro10xCiento #TerceRetiro10ciento https://t.co/WZRzXcAkJP,es,1384642033315373060,2021-04-20T22:56:00.000Z,3,0,4,0,eduard_alvarez,"üá®üá±PI√ëERA CTM...!!! 3er, 4to, 5to 10%...","‚Ä¢QUIERO mi 3er 10%...!!!
‚Ä¢Asamblea Constituyente 
#AprueboNuevaConstitucionüí™üî•ACABüî•
‚Ä¢La @pepahoffmann, se caga a gonzalo m√ºller con el chino torres..!!!ü§£ü§£ü§£",2010-04-19T18:19:55.000Z,FALSE,""
1353357177491230722,@RodrigoDelgadoM @sebastianpinera @DptoExtranjeria @GalliJF @Sub_Interior @laSUBDERE @min_interior @Minrel_Chile @SubPrevDelito @katymartorell @GobiernodeChile @Gob_Interior vayan a todas las tomas del pa√≠s y los que tengan antecedentes para afuera,es,1384668080471748610,2021-04-21T00:39:30.000Z,0,0,0,0,Andrea86183889,Andrea,"",2021-01-24T15:01:27.000Z,FALSE,""
135599487,@RodrigoDelgadoM @sebastianpinera @DptoExtranjeria @GalliJF @Sub_Interior @laSUBDERE @min_interior @Minrel_Chile @SubPrevDelito @katymartorell @GobiernodeChile @Gob_Interior Pi√±era acaba de prender la mecha,es,1384658534491697152,2021-04-21T00:01:34.000Z,0,0,0,0,rigaete,ricardo jorge gaete,"",2010-04-21T19:25:00.000Z,FALSE,""
1356651646370148361,@Lafacha8 @RodrigoDelgadoM @sebastianpinera @DptoExtranjeria @GalliJF @Sub_Interior @laSUBDERE @min_interior @Minrel_Chile @SubPrevDelito @katymartorell @GobiernodeChile @Gob_Interior @OIMChile @OIMCentroAmer @ONU_es @ONUmigration @crsouva @FafuC @gene_llerena @EnojadoChileno @VegaLincir @Chucurumbito @VeronicG__ @ericahenriquezo @PordenoneBudoia Ser√≠a todo.. ü§î,es,1384641396930498565,2021-04-20T22:53:29.000Z,1,1,2,0,Locojorge2,@Locojorge,Soy s√≥lo Pinochetista,2021-02-02T17:13:04.000Z,FALSE,""
1358494640115245057,"@DerechaNews @aldocardinali HASTA CUANDO TANTA PERMISIVIDAD CON ESTOS DELINCUENTES?? @GobiernodeChile @RodrigoDelgadoM TODO AQUEL Q VIOLE LAS LEYES COMETIENDO ACTOS DE SUBVERSION Y TERRORISMO.... DEBE IR BIEN PRESOS Y LA ""JUSTICIA"" Q SE APRIETE BIEN LA VENDA Y DEJE DE MIRAR POR UN HOYITO A LA IZQUIERDA.",es,1384679112548175872,2021-04-21T01:23:21.000Z,5,0,3,0,GrandmotherSos,GrandmotherSOS,"",2021-02-07T19:17:23.000Z,FALSE,""
1358954124398764040,@RodrigoDelgadoM @sebastianpinera @DptoExtranjeria @GalliJF @Sub_Interior @laSUBDERE @min_interior @Minrel_Chile @SubPrevDelito @katymartorell @GobiernodeChile @Gob_Interior https://t.co/esLFLt8J3w,und,1384584599544770561,2021-04-20T19:07:47.000Z,0,0,0,0,Mawashi29152634,üíñMawashi #NoAlTTP11,"Cuenta n√∫mero 23 _ s√≠ganme los sigo a todos!

pero no me sigan Fachos ni venezofachos",2021-02-09T01:41:33.000Z,FALSE,""
1365350644241084420,@RodrigoDelgadoM @DptoExtranjeria @sebastianpinera @GalliJF @Sub_Interior @laSUBDERE @min_interior @Minrel_Chile @SubPrevDelito @katymartorell @GobiernodeChile @Gob_Interior Buenas noches quisiera averiguar yo tengo con mis hijas menores de edad el tramite de visa definitiva la cual no avanza del 5%llevamos un a√±o y medio y ahora me sale a mi https://t.co/yjlitdR4JQ.aparezco pero si llamo al.101 si aparezco que debo hacer gracias,es,1384661248571318274,2021-04-21T00:12:22.000Z,0,0,0,0,SolanyiPrado,Solanyi Prado ocampo,Sol,2021-02-26T17:19:03.000Z,FALSE,""
1365439681408679936,@juanjoseossasc @GobiernodeChile @sebastianpinera @MaximoPavezC @CIyT_gob @Segpres @min_interior @RodrigoDelgadoM @DptoExtranjeria @Gob_Interior Chupalo ossa üòÇüòÇüòÇüòÇ,pt,1384631433801654272,2021-04-20T22:13:53.000Z,0,0,1,0,Cristia31925357,Cristian,Justicia para Tomasito,2021-02-26T23:12:56.000Z,FALSE,""
1373735036231553036,"Se les dijo a prueben el tercer retiro o atenganse a las consecuencias no es una amenaza es un hecho. Uds ser√°n los √∫nicos responsable del estallido social 2.0 y no digan que se les advirtio
@sebastianpinera 
@juanjoseossasc 
@RodrigoDelgadoM 
@rcerdan
@patriciomelero https://t.co/MHGaWpO2xp",es,1384681851646787585,2021-04-21T01:34:14.000Z,0,0,0,0,RetiroTercer,Tercer Retiro,"Es nuestro dinero que nos ha costado guardar.
$$$VAMOS POR ESE TERCER 10%$$$",2021-03-21T20:35:43.000Z,FALSE,""
1377975981282054145,"@RodrigoDelgadoM buenas noches Sr. Ministro del interior, una consulta mi pareja es extranjero envi√≥ los documentos para regularizar su situaci√≥n migratoria y cancelo la multa para que puedo regularizar y env√≠o su documentaci√≥n por correo y ya han pasado 3 meses y no hay rpta.",es,1384675022451654663,2021-04-21T01:07:06.000Z,0,0,0,0,Susy21910987,Susy,"",2021-04-02T13:28:06.000Z,FALSE,""
1379281496083681283,@Carabdechile caso aislado?? @GobiernodeChile @RodrigoDelgadoM https://t.co/49Jy1T7xqU,pt,1384649711446077441,2021-04-20T23:26:31.000Z,0,0,0,0,TenienteStelle,TenienteCarminha üíô,"SiEmPrE VoLvEr√â
4ta cuenta, p√°jaro ql.",2021-04-06T03:55:20.000Z,FALSE,""
1380522636699168770,@juanjoseossasc @GobiernodeChile @sebastianpinera @MaximoPavezC @CIyT_gob @Segpres @min_interior @RodrigoDelgadoM @DptoExtranjeria @Gob_Interior Chupaaaaaaa picooooooo,es,1384634396574109696,2021-04-20T22:25:40.000Z,1,0,3,0,AndrsConejeros2,Andr√©s Conejeros,"",2021-04-09T14:07:10.000Z,FALSE,""
1381425539215413251,"@RodrigoDelgadoM  necesitamos m√°s seguridad en las poblaciones m√°s pobres por ejemplo la Pintana, San Ram√≥n, la granja todo el sector sur de la capital",es,1384654471448367107,2021-04-20T23:45:26.000Z,0,0,0,0,Juan70662852,Juan,"",2021-04-12T01:55:03.000Z,FALSE,""
1382092112842330114,@guzmar17 @RodrigoDelgadoM @DptoExtranjeria @sebastianpinera @GalliJF @Sub_Interior @laSUBDERE @min_interior @Minrel_Chile @SubPrevDelito @katymartorell @GobiernodeChile @Gob_Interior Me gustar√≠a saber lo mismo por favor,es,1384640087393251335,2021-04-20T22:48:16.000Z,0,0,0,0,DorviThamara,Thamara Dorvi,‚ò∫Ô∏èüíïüíïüíïü•∞ü•∞ü•∞üòçüë©‚Äç‚ù§Ô∏è‚Äçüë®üíèü§©‚ù£Ô∏èmi familia,2021-04-13T22:03:48.000Z,FALSE,""
1384685334479441925,"@RodrigoDelgadoM @sebastianpinera @DptoExtranjeria @GalliJF @Sub_Interior @laSUBDERE @min_interior @Minrel_Chile @SubPrevDelito @katymartorell @GobiernodeChile @Gob_Interior Deporta a esas escorias. Vienen reci√©n llegadas, entran a la mala y tienen m√°s beneficios y mas bonos que los mismos chilenos. No mas lacra caribe√±a, chavistas arrepentidos y cobardes #Pi√±eraTraidor",es,1384696231176425473,2021-04-21T02:31:22.000Z,0,0,0,0,EvelynPatriota2,EvelynPatriota2,Chile para los chilenos #Pi√±eraTraidor,2021-04-21T01:48:21.000Z,FALSE,""
142516330,"@DptoExtranjeria @RodrigoDelgadoM Estimados, buenas tardes. ¬øPodr√≠an indicarme por favor el enlace para descargar la nueva ley o d√≥nde la puedo ubicar?. Gracias.",es,1384618647763705858,2021-04-20T21:23:05.000Z,0,0,0,0,eamendezn,Eduardo M√©ndez Navas,#Inform√°tico #SysAdmin #Senior #Unix #Solaris #AIX #Linux #RedHat #Middleware #OracleAS10g #WebLogic11g #JBoss #WildFly #WAS #TIBCO #SoftwareLibre,2010-05-11T02:40:51.000Z,FALSE,""
144040768,"@RodrigoDelgadoM @sebastianpinera @DptoExtranjeria @GalliJF @Sub_Interior @laSUBDERE @min_interior @Minrel_Chile @SubPrevDelito @katymartorell @GobiernodeChile @Gob_Interior Le damos las gracias a chile por acogernos en esta linda tierra, pero no es culpa nuestra que hayan tenido una ley de m√°s de 35 a√±os. Nosotros contribuimos al crecimiento del pa√≠s con nuestro sudor, no nos vean como un problema que requiere soluci√≥n.",es,1384607783849537540,2021-04-20T20:39:55.000Z,0,0,0,0,marinalx,Alexander.,"Colombiano orgulloso üòÉsalsero  enamorado d3 la vida.!! t√©cnico profesional en construcci√≥n civil, radico en santiago de chile.",2010-05-15T04:00:34.000Z,FALSE,""
158237903,@juanjoseossasc @GobiernodeChile @sebastianpinera @MaximoPavezC @CIyT_gob @Segpres @min_interior @RodrigoDelgadoM @DptoExtranjeria @Gob_Interior Cuico qliao siendo cuico qliao,it,1384674621052567554,2021-04-21T01:05:30.000Z,0,0,0,0,jjmont3r,JMont3ro,"Floridano de coraz√≥n pero siempre digo que nac√≠ en Valpo para darle color. 2 adoptados üêïüê©.
üé∏ rock'N'roll | ‚öΩ deporte | üçî comida",2010-06-22T04:10:01.000Z,FALSE,""
162955676,@RodrigoDelgadoM @sebastianpinera @DptoExtranjeria @GalliJF @Sub_Interior @laSUBDERE @min_interior @Minrel_Chile @SubPrevDelito @katymartorell @GobiernodeChile @Gob_Interior A qu√© se refiere con estampado de la √∫ltima visa???? Hay que escanear el estampado?? Es que en los tr√°mites de la pdi solo dan tarjeta de turismo y registro del primer estampado de visa https://t.co/wDqYssVmSi,es,1384679462160281602,2021-04-21T01:24:44.000Z,0,0,0,0,willjmb666,wilberth molina,"",2010-07-05T04:35:52.000Z,FALSE,""
168234149,"@sebastianpinera  @RodrigoDelgadoM ya soltaron a los perros culiaos de @Carabdechile
Andan todo con la correa suelta. Con el hocico lleno de mentolathum. 
Nunca mas caminar√°n en paz mientras vivan en Chile.",es,1384720793075073024,2021-04-21T04:08:58.000Z,0,0,0,0,Felopio1,Felipe Romero #Apruebo #A+CC,Rom√°ntico Viajero üíô‚ù§Ô∏è. Pensamientos Socialistas. Powerlifter en Formaci√≥n.,2010-07-18T19:50:42.000Z,FALSE,""
1702761482,"@RodrigoDelgadoM @sebastianpinera @DptoExtranjeria @GalliJF @Sub_Interior @laSUBDERE @min_interior @Minrel_Chile @SubPrevDelito @katymartorell @GobiernodeChile @Gob_Interior Te vendiste. Le vendiste tu alma al diablo @sebastianpinera 
Ahora se viene la respuesta del pueblo indolentes sin coraz√≥n!!",es,1384700497282703360,2021-04-21T02:48:19.000Z,0,0,0,0,Cqsilva1984,Cristina Alejandraüêï,Chilenaüá®üá± Amo la naturalezaüå±üê¨ü¶úcomerüçüüòã y dormirüò¥ 100% Alba ‚ö´‚ö™ #Ositaüê∂ #DogLoverüêæ,2013-08-26T19:35:18.000Z,FALSE,""
1938817111,"@Senado_Chile @SenadorBianchi @loretosenadora @Luzebensperger @Insulza @karinluck @RenzoTrisotti @RodrigoDelgadoM @min_interior Paren su webada
El pueblo necesita #TercerRetiroAhora",es,1384650902552842246,2021-04-20T23:31:15.000Z,0,0,0,0,lomejordejose,#FuerzaAbuelaConTercerRetiro,"#NuevaConstitucion
#YoAprueboIndependientes
#WeAreLegion
#QuieroMiTercer10XCiento
#TercerRetiro10XCiento
#JaduePresidente",2013-10-05T20:38:09.000Z,FALSE,""
1938817111,"@Senado_Chile @SenadorBianchi @loretosenadora @Luzebensperger @Insulza @karinluck @RenzoTrisotti @RodrigoDelgadoM @min_interior Discuten pura webadas 
El pueblo necesita el 10 % ciento",es,1384650671174082564,2021-04-20T23:30:20.000Z,0,0,1,0,lomejordejose,#FuerzaAbuelaConTercerRetiro,"#NuevaConstitucion
#YoAprueboIndependientes
#WeAreLegion
#QuieroMiTercer10XCiento
#TercerRetiro10XCiento
#JaduePresidente",2013-10-05T20:38:09.000Z,FALSE,""
199120086,"@juanjoseossasc @GobiernodeChile @sebastianpinera @MaximoPavezC @CIyT_gob @Segpres @min_interior @RodrigoDelgadoM @DptoExtranjeria @Gob_Interior Te escuch√© textual hace unos minutos el ""esto no prendi√≥ cabros"".

#TercerRetiro10xCientoAhora #TercerRetiroAHORA",es,1384638483260657666,2021-04-20T22:41:54.000Z,1,0,3,0,OurLowLands,C√©sar.-,U r a n t i a,2010-10-06T02:26:36.000Z,FALSE,https://t.co/7VR8gJxBPN
2310833759,"@RodrigoDelgadoM Ministro, qu√© medidas tomaron para proteger a los trabajadores del Hospital Padre Hurtado? Porque me imagino que ya las tomaron...",es,1384676721316831234,2021-04-21T01:13:51.000Z,0,0,0,0,payo6810,paola gandulfo,"",2014-01-29T00:12:44.000Z,FALSE,""
2364232545,@RodrigoDelgadoM @sebastianpinera @DptoExtranjeria @GalliJF @Sub_Interior @laSUBDERE @min_interior @Minrel_Chile @SubPrevDelito @katymartorell @GobiernodeChile @Gob_Interior #RenunciaPi√±era,und,1384638761489903618,2021-04-20T22:43:00.000Z,0,0,0,0,fernandoaranc13,fernando arancibia,Feliz de haber formado una gran y hermosa familia !!!!! La vida es bella pero si la aprovechamos es Maravilloza!!!!,2014-02-25T04:29:17.000Z,FALSE,""
2388357578,"@RodrigoDelgadoM se acuerda cuando era alcalde y opinaba esto?, Pero su ambici√≥n de poder accedi√≥ a que @sebastianpinera le hiciera lobotom√≠a y de olvid√≥ de sus convicciones, hoy solo ser√° c√≥mplice de un tirano, de un personaje enfermo, que ha permitido el abuso, de la ciudadan√≠a https://t.co/ST3SlZu0Ey",es,1384696065870417921,2021-04-21T02:30:43.000Z,0,0,0,0,SandraEHA,Sandra Hermosilla,"Mujer, Mam√°, profesional......",2014-03-14T04:01:24.000Z,FALSE,""
2388357578,"@mirkomacari Y el cobarde de @sebastianpinera manda a voceros y si queda la escoba, culpar√° a la gente, son unos desalmados #GobiernoDeLaMuerte #GobiernoCriminalyCorrupto  
@DrEnriqueParis @KarlaEnAccion @RodrigoDelgadoM c√≥mplices",es,1384638451887263757,2021-04-20T22:41:46.000Z,0,0,0,0,SandraEHA,Sandra Hermosilla,"Mujer, Mam√°, profesional......",2014-03-14T04:01:24.000Z,FALSE,""
2391672396,"@juanjoseossasc @GobiernodeChile @sebastianpinera @MaximoPavezC @CIyT_gob @Segpres @min_interior @RodrigoDelgadoM @DptoExtranjeria @Gob_Interior @juanjoseossasc hace un mes  ten√≠amos cientos de ni√±as y ni√±os migrantes irregulares, hijos de padres extranjeros residentes con permanencia definitiva.
üëâNi√±os esperando 24 meses por una visa.
¬øDurante los √∫ltimos 3 a√±os no hubo una migraci√≥n segura, ordenada y regular?",es,1384690563375669251,2021-04-21T02:08:51.000Z,0,0,0,0,berracosenchile,Inmigrantes Berracos En Chile #COVIDMIGRACION,Organizaci√≥n de #Inmigrantes y #Chilenos que buscan ayudar a solucionar la problem√°tica migratoria a trav√©s de la gesti√≥n pol√≠tica.,2014-03-15T22:03:56.000Z,FALSE,https://t.co/K89rVdLCQX
2464123197,"@juanjoseossasc @GobiernodeChile @sebastianpinera @MaximoPavezC @CIyT_gob @Segpres @min_interior @RodrigoDelgadoM @DptoExtranjeria @Gob_Interior Habla del mejoramiento de las pensiones üòÇüòÇüòÇüòÇ es un sistema muerto , para las sabandijas como vo est√°n vivas a√∫n ..... chupalomeandopajaronqlo",es,1384638384736542720,2021-04-20T22:41:30.000Z,1,0,2,0,mapxone,Felipe,"",2014-04-06T06:11:14.000Z,FALSE,""
251460778,Porque en chile estar en isapre significa pertenecer al 90 de vulnerabilidad en RSH? Porque la clase pol√≠tica no tiene los huevos para terminar con esto? @mjossandon @RodrigoDelgadoM @Diego_Schalper @MinDesarrollo @storrealbaa @guidogirardi @ceciliamorel @sebastianpinera me pasa!,es,1384708085944565760,2021-04-21T03:18:28.000Z,0,0,0,0,alexisolivaresc,alexis olivares c.,"Considero Una bendici√≥n d Dios la vida, chileno c/opini√≥n, Cristiano, 4 hijos, de la U, autodidacta, Donante, dignidad para üá®üá± nunca facho, ni zurdo ni momio",2011-02-13T05:16:42.000Z,FALSE,""
252260750,"@RodrigoDelgadoM @sebastianpinera @DptoExtranjeria @GalliJF @Sub_Interior @laSUBDERE @min_interior @Minrel_Chile @SubPrevDelito @katymartorell @GobiernodeChile @Gob_Interior USTEDES SE PASAN
AL TC??
MAL, MUY MAL
ESTE GOBIERNO DEBE SALIR A LA BREVEDAD POSIBLE",es,1384647337604169731,2021-04-20T23:17:05.000Z,0,0,0,0,mtlcocker,Mar√≠a Teresa Lorca,"",2011-02-14T20:51:17.000Z,FALSE,""
2564806708,"@illapu Toqu√© por mis vecinos #venezolanos y #colombianos Es tremenda injusticia q  ellos q se lo pasan infringiendo las normas, vendiendo drogas y asaltando, tengan el puto #BonoClaseMediaRechazado Es al menos una falta de respeto. @RodrigoDelgadoM hazte cargo de tus ghettos #miserables",es,1384701908804308997,2021-04-21T02:53:56.000Z,0,0,0,0,Florenc42201366,Florencia Soto,"",2014-05-26T06:30:51.000Z,FALSE,""
261996603,Te cocinaste @sebastianpinera y tu Gobierno @juanjoseossasc @rcerdan @RodrigoDelgadoM @jaimebellolio @KarlaEnAccion üî• Quedar√°n en la historia como los que nos dieron la espalda en la peor pandemia en 100 a√±os #Pi√±eraSeAcab√≥ #ElPeorGobiernoDeLaHistoria #Estallido2021 #Cacerolazo,es,1384703395152412673,2021-04-21T02:59:50.000Z,1,0,2,0,tomascsilva,Tom√°s Castro #RenunciaPi√±era #WallmapuLibre,"Azul de coraz√≥n. Sue√±o y me mueve que haya un Chile m√°s justo y equitativo para todas y todos. Y s√≠ po, #AprueboConvenci√≥nConstitucional",2011-03-07T03:50:05.000Z,FALSE,""
2662121530,@RodrigoDelgadoM todav√≠a no puedo entender su doble standard. Lo consideraba ahora es uno no mas de los penca de este pa√≠s. Lamentable.,es,1384678411583561731,2021-04-21T01:20:34.000Z,0,0,0,0,BravoguerraC,CLAUDIA BRAVO,Persona Alegre.,2014-07-02T01:25:24.000Z,FALSE,""
271421792,@RodrigoDelgadoM https://t.co/1ck3bwWtwJ,und,1384650686860779520,2021-04-20T23:30:23.000Z,0,0,0,0,ValpoAwuante,Porte√±o SW,"",2011-03-24T13:41:08.000Z,FALSE,""
288373290,"@meganoticiascl No funciona el bot√≥n ""siguiente"" para permiso retirar alimentos Junaeb. Hace mas de 1hora sacando permiso y no funciona... Es un asco la p√°gina. @min_interior @RodrigoDelgadoM @katymartorell Necesito la alimentaci√≥n.",es,1384695261327470592,2021-04-21T02:27:31.000Z,0,0,0,0,AleVillegasN,Alejandra Norambuena,"",2011-04-26T18:53:56.000Z,FALSE,""
289590413,"@SitaToc Hay que tocarle la puerta al se√±or ministro @RodrigoDelgadoM, los ‚Äúmontajes tienen patas cortas y cojean‚Äù",es,1384689414538993665,2021-04-21T02:04:17.000Z,0,0,0,0,drolett_marilaf,Bonifacio,"‚ôçÔ∏èCiclista üö≤anal√≠tico, detallista, cr√≠tico y autocr√≠tico; y de pensamiento de izquierda. #Apruebo+CCüëçüèª",2011-04-28T22:27:07.000Z,FALSE,""
300457104,"En el 2do. piso de la moneda, no habr√° ning√∫n wn que le diga a @sebastianpinera que se deje de disparar en los pies? Este Presidente no tiene remedio... @GobiernodeChile @jaimebellolio  @RodrigoDelgadoM @KarlaEnAccion",es,1384634917108305920,2021-04-20T22:27:44.000Z,0,0,0,0,pepee_lucho,Pepe.,#FueraComunistasDeChile #ChileLibreDeComunistas,2011-05-17T20:00:51.000Z,FALSE,""
308592284,Gaseando dentro de una propiedad??? Qu√© opina de esto el @min_interior @SubseDDHH @SubseVoceriaGob @Carabdechile @RodrigoDelgadoM https://t.co/dJq3B4hHYO,es,1384732739140820993,2021-04-21T04:56:26.000Z,0,0,0,0,maripepa_,Mar√≠a Jos√© J.,"√ëo√±a de nacimientoü§ì, sure√±a en Stgo.üßâ, mam√° gatunaüêà, sobreviviente y lenta como tortuga.
Intentando ser cada d√≠a mejor üíú",2011-05-31T17:29:56.000Z,FALSE,""
3357403659,@abogadomeza @Partido_FN_CL @LavinJoaquin @joseantoniokast  @ignaciobriones_ @jvanbiobio @evelynmatthei @Carabdechile @meganoticiascl @canal13 @TVN @24HorasTVN @jorgematthei @CNNChile @ElMercurio_cl @elmostrador @sebastianpinera @RodrigoDelgadoM @latercera https://t.co/CgB6oW1l8F,und,1384605971243220994,2021-04-20T20:32:42.000Z,4,0,4,0,loreto_letelier,Loreto Letelier,"Abogada litigante, penalista; madre, ex candidata a Diputada UDI. Sec General  @Partido_FN_CL #Facebook Loreto Letelier Barrera.",2015-07-03T20:54:37.000Z,FALSE,""
353098640,@chasconybarbon @RodrigoDelgadoM @sebastianpinera @DptoExtranjeria @GalliJF @Sub_Interior @laSUBDERE @min_interior @Minrel_Chile @SubPrevDelito @katymartorell @GobiernodeChile @Gob_Interior Preoc√∫pese de los chilenos da lo mismo los extranjeros,es,1384592558517522433,2021-04-20T19:39:25.000Z,0,0,0,0,erlamellado,E. M. M.,"",2011-08-11T15:04:30.000Z,FALSE,""
353098640,@Alejand11378713 @RodrigoDelgadoM @DptoExtranjeria @sebastianpinera @GalliJF @Sub_Interior @laSUBDERE @min_interior @Minrel_Chile @SubPrevDelito @katymartorell @GobiernodeChile @Gob_Interior Si no le gusta v√°yase,es,1384591986209005569,2021-04-20T19:37:08.000Z,0,0,0,0,erlamellado,E. M. M.,"",2011-08-11T15:04:30.000Z,FALSE,""
353098640,@Acolejandra @RodrigoDelgadoM @DptoExtranjeria @sebastianpinera @GalliJF @Sub_Interior @laSUBDERE @min_interior @Minrel_Chile @SubPrevDelito @katymartorell @GobiernodeChile @Gob_Interior ü§∑‚Äç‚ôÄÔ∏èü§∑‚Äç‚ôÄÔ∏è,und,1384655363832565761,2021-04-20T23:48:59.000Z,0,1,0,0,erlamellado,E. M. M.,"",2011-08-11T15:04:30.000Z,FALSE,""
353098640,@biael_21 @RodrigoDelgadoM @DptoExtranjeria @sebastianpinera @GalliJF @Sub_Interior @laSUBDERE @min_interior @Minrel_Chile @SubPrevDelito @katymartorell @GobiernodeChile @Gob_Interior V√°yase a su pa√≠s !!!,es,1384591894324391939,2021-04-20T19:36:46.000Z,0,0,0,0,erlamellado,E. M. M.,"",2011-08-11T15:04:30.000Z,FALSE,""
353098640,@Acolejandra @RodrigoDelgadoM @DptoExtranjeria @sebastianpinera @GalliJF @Sub_Interior @laSUBDERE @min_interior @Minrel_Chile @SubPrevDelito @katymartorell @GobiernodeChile @Gob_Interior NO m√°s venecos por favor no queremos a las visitas,es,1384591074522456075,2021-04-20T19:33:31.000Z,0,1,0,0,erlamellado,E. M. M.,"",2011-08-11T15:04:30.000Z,FALSE,""
4334541683,"@katymartorell alguna novedad con el reintegro de los c√≥digos de SII a comisaria virtual? Todavia no cumplen con lo que dijeron, eran 2 semanas de restricciones @GobiernodeChile @voceriagobierno @jaimebellolio @RodrigoDelgadoM @sebastianpinera @pdazan @DrEnriqueParis",es,1384629132764581895,2021-04-20T22:04:45.000Z,0,0,1,0,DiegoBarr9,Diego Barr,"",2015-12-01T01:04:56.000Z,FALSE,""
469457568,@marcodebcn @CHVNoticias @RodrigoDelgadoM @katymartorell @min_interior √Åndate pa espa√±a basura qla ajajajja,es,1384704667720945667,2021-04-21T03:04:54.000Z,0,0,0,0,RobertoOsorio15,roer,Que te importa lo que haga wn oh!,2012-01-20T16:27:17.000Z,FALSE,""
53140568,@RodrigoDelgadoM @PDI_CHILE @katymartorell @GalliJF @GobiernodeChile @Sub_Interior @SubPrevDelito @min_interior El diablo hablando de cruces!! Gobierno nefasto,es,1384680766626537473,2021-04-21T01:29:55.000Z,0,0,0,0,kikayfelipe,kika,"",2009-07-02T18:12:41.000Z,FALSE,""
544054224,"@RodrigoDelgadoM @DptoExtranjeria @sebastianpinera @GalliJF @Sub_Interior @laSUBDERE @min_interior @Minrel_Chile @SubPrevDelito @katymartorell @GobiernodeChile @Gob_Interior Hola, a partir de qu√© fecha se podr√°n hacer solicitudes desde el consulado de chile en Venezuela ????",es,1384620928437424143,2021-04-20T21:32:09.000Z,0,0,0,0,Josephlavil, ùœÉ—ï—îph,S√≥lo soy yo.,2012-04-03T04:30:11.000Z,FALSE,""
556490093,"@raurios @pepe_auth @KarlaEnAccion @sebastianpinera @rodrigosepu @RodrigoDelgadoM La felicito...como es capaz de intentar mostrar grandeza en una medida miserable de todo punto de vista...espero que su gobierno y ud. (respetuosamente), no verlos nunca m√°s en televisi√≥n, de verdad produce rechazo tanta miseria e indolencia humana....",es,1384707723778998273,2021-04-21T03:17:02.000Z,0,0,0,0,albertocerda2,alberto cerda,"",2012-04-18T02:46:36.000Z,FALSE,""
60959109,"@RuschAndre @valdivia_viktor @adnradiochile @Carabdechile @GobiernodeChile @sebastianpinera @min_interior @RodrigoDelgadoM es verdad y siempre pasar√°, lo dem√°s son utop√≠as , no habr√° una instituci√≥n perfecta",es,1384736008462295040,2021-04-21T05:09:26.000Z,0,0,0,0,platini2008,platini,"",2009-07-28T17:05:28.000Z,FALSE,""
61120772,"@sebastianpinera @KarlaEnAccion @RodrigoDelgadoM que triste, por su tosudez los q andamosmen la calle trabajando en transporte sufriremos la furia de la gente por no aceptar el 10%.
Dia que pasa, me lamento yaner votado por Ud.
Quien nos proteger√°??",es,1384718766114738176,2021-04-21T04:00:55.000Z,0,0,1,0,gastonalvarado,Gaston Alvarado,"Van Turismo y Viajes, 7 pax, eventos,matrimonios, TV, Delegaciones,VIP, Portu√±ol",2009-07-29T05:16:46.000Z,FALSE,https://t.co/qKF3bksDxJ
708833755339825152,@HRSS_Chi @FORTALEZAC1 @medixi @FiscaliadeChile @PJudicialChile @RodrigoDelgadoM @PDI_CHILE ü§úü§õüëå,und,1384595018514632706,2021-04-20T19:49:11.000Z,0,0,0,0,Rudolf__Karl,RudolfKarl,"Mi pais por sobre todo / Mein Land vor allem (AFD)/ My country above all.üá®üá± üá©üá™  üá∫üá∏
Si le gusta la libre expresi√≥n, d√©jeme Twittear en paz.",2016-03-13T01:55:11.000Z,FALSE,""
726559188533415937,"Para ustedes mentirosos de mierda
@sebastianpinera 
@DrEnriqueParis 
@pdazan 
@RodrigoDelgadoM 
@katymartorell 
@GobiernodeChile 

@TeAmoValpo no se si ya lo viste @dridelatorre haciendo menci√≥n a tu caso https://t.co/PjO06pKdp0",es,1384593512621039618,2021-04-20T19:43:12.000Z,2,0,2,0,FigueroaOney,Oney Figueroa,"#Faenero de corazon, TNS en Electricidad, enamorado y defensor de mi #VALPARAISO querido, eterno admirador de #bomberosdechile. Wanderino hasta la muerte.",2016-04-30T23:49:44.000Z,FALSE,""
74391828,@ccalaui @RodrigoDelgadoM @sebastianpinera @DptoExtranjeria @GalliJF @Sub_Interior @laSUBDERE @min_interior @Minrel_Chile @SubPrevDelito @katymartorell @GobiernodeChile @Gob_Interior Es bueno q estudiaras la ley y empezar a conseguirlo x lo q tengo entendido no importa nacionalidad a todos les van a pedir antecedentes de su pa√≠s de origen.. Saludos..,es,1384633450678870016,2021-04-20T22:21:54.000Z,0,1,1,0,leonardo3112,leonardo vera,"empresario nocturno argentino, radicado en chile hace 20 a√±os,papa,abuelo, exfutbolista loko x el deporte las pastas y los asados..",2009-09-15T07:28:29.000Z,FALSE,""
77386040,Y los que supuestamente eran representantes de la nueva derecha joven resultaron ser la misma mierda üí©üí© que los viejos @jaimebellolio @RodrigoDelgadoM,es,1384692926488399876,2021-04-21T02:18:14.000Z,0,0,0,0,jonatan7peralta,Jonatan Peralta D√≠az,"Leo,
Bicicleta üö≤,
Colo Colo ‚ö™‚ö´",2009-09-26T03:29:35.000Z,FALSE,""
803686058,@BuenosDiasTVN @MuchoGustoMEGA @ContigoCHV @Bienvenidos13 @mentiraslared @pautalibrelared @Tolerancia0 @Cooperativa @portaldemeli @sebastianpinera @RodrigoDelgadoM @RAMIREZCHILE @adnradio @ministeriosalud @DrEnriqueParis @Carabdechile @cariciadirecto @elmostrador @thecliniccl https://t.co/a9KxGGOk7w,und,1384583682929922062,2021-04-20T19:04:08.000Z,0,0,0,0,Arturo_eagle_ca,Arturo Calvo G√°ez (Yo Apruebo),Tesorero Centro Padres y Apoderados Colegio Jaime Larra√≠n. Desilusionado a m√°s no poder de toda la casta pol√≠tica.,2012-09-05T02:34:39.000Z,FALSE,https://t.co/NL3ecbgV5B
811729962378072064,"@RodrigoDelgadoM @sebastianpinera @DptoExtranjeria @GalliJF @Sub_Interior @laSUBDERE @min_interior @Minrel_Chile @SubPrevDelito @katymartorell @GobiernodeChile @Gob_Interior La nueva ley de inmigraci√≥n es una farsa, la ley de refugiados es lo mismo y solo falta que un inmigrante diga que es ‚Äúrefugiado‚Äù para que se le den todas las ventajas que al chileno se le niegan por ser pobre",es,1384614597852794883,2021-04-20T21:06:59.000Z,0,0,0,0,RaroyValioso,Libros_Raros_y_Valiosos,la busqueda de tesoros lleno de historias que puedes leer y que quieren que los leas,2016-12-22T00:27:59.000Z,FALSE,""
811729962378072064,"@karen203014 @RodrigoDelgadoM @sebastianpinera @min_interior @GobiernodeChile @GalliJF @laSUBDERE @Sub_Interior @SubPrevDelito @katymartorell Los extranjeros no hacen tramites en las embajadas de Chile en sus pa√≠ses, la polic√≠a no hace control de ingreso y el pago de impuestos son directamente proporcionales a los beneficios que reciben del estado, la nueva ley deja al chileno en segundo plano para ser reemplazado",es,1384615230643179523,2021-04-20T21:09:30.000Z,0,0,0,0,RaroyValioso,Libros_Raros_y_Valiosos,la busqueda de tesoros lleno de historias que puedes leer y que quieren que los leas,2016-12-22T00:27:59.000Z,FALSE,""
83357442,"@pblpndz @RodrigoDelgadoM @katymartorell @sebastianpinera @DptoExtranjeria @GalliJF @Sub_Interior @laSUBDERE @min_interior @Minrel_Chile @SubPrevDelito @GobiernodeChile @Gob_Interior Compa ni los EEUU han podido ordenar su casa de inmigrantes... Soy venezolano y te entiendo de como est√©s x tanta mierda q han entrado a este pa√≠s empezando x venezolanos , colombianos e incluso peruanos.. y hay muchos chilenos tambi√©n aprovechando el momento.. ya pronto acabara",es,1384587158908964867,2021-04-20T19:17:57.000Z,0,0,0,0,constructora24,BMFF,"",2009-10-18T12:49:13.000Z,FALSE,""
83357442,@Acolejandra @RodrigoDelgadoM @DptoExtranjeria @sebastianpinera @GalliJF @Sub_Interior @laSUBDERE @min_interior @Minrel_Chile @SubPrevDelito @katymartorell @GobiernodeChile @Gob_Interior Q mensaje un poco tonto el tuyo...aislados?? Este es el pa√≠s q m√°s nos han dado oportunidades y de paso nos han aguantado de tanto maracucho üòÇüòäüòÇüòÇ,es,1384586040925581314,2021-04-20T19:13:31.000Z,0,0,0,0,constructora24,BMFF,"",2009-10-18T12:49:13.000Z,FALSE,""
85462885,@erlamellado @RodrigoDelgadoM @DptoExtranjeria @sebastianpinera @GalliJF @Sub_Interior @laSUBDERE @min_interior @Minrel_Chile @SubPrevDelito @katymartorell @GobiernodeChile @Gob_Interior Veneca‚ù§,es,1384663699827347457,2021-04-21T00:22:06.000Z,0,0,0,0,Acolejandra,Malalelita A.A,"Impulsiva, asertiva, intuitiva... Objetiva..",2009-10-27T00:53:15.000Z,FALSE,""
85462885,@erlamellado @RodrigoDelgadoM @DptoExtranjeria @sebastianpinera @GalliJF @Sub_Interior @laSUBDERE @min_interior @Minrel_Chile @SubPrevDelito @katymartorell @GobiernodeChile @Gob_Interior ü§£ü§£ es triste por ti. Pero a√∫n te toca!!,es,1384651548563845120,2021-04-20T23:33:49.000Z,0,1,0,0,Acolejandra,Malalelita A.A,"Impulsiva, asertiva, intuitiva... Objetiva..",2009-10-27T00:53:15.000Z,FALSE,""
857481408419385344,@RodrigoDelgadoM @sebastianpinera @DptoExtranjeria @GalliJF @Sub_Interior @laSUBDERE @min_interior @Minrel_Chile @SubPrevDelito @katymartorell @GobiernodeChile @Gob_Interior de todos modos gracias a chile por tanto,es,1384690863629119495,2021-04-21T02:10:02.000Z,0,0,0,0,Victorperez0414,Victor,"",2017-04-27T06:27:53.000Z,FALSE,""
857481408419385344,@RodrigoDelgadoM @sebastianpinera @DptoExtranjeria @GalliJF @Sub_Interior @laSUBDERE @min_interior @Minrel_Chile @SubPrevDelito @katymartorell @GobiernodeChile @Gob_Interior y bueno sin faltar el respeto pero el tiempo es demasiado queremos estar legales y cumplir toda la ley pero deben mejorar los resultados en el tiempo de espera,es,1384690749544050689,2021-04-21T02:09:35.000Z,0,1,0,0,Victorperez0414,Victor,"",2017-04-27T06:27:53.000Z,FALSE,""
857481408419385344,@RodrigoDelgadoM @Gob_Interior @DptoExtranjeria @GobiernodeChile @Sub_Interior @GalliJF @laSUBDERE @SubPrevDelito @katymartorell @Minrel_Chile @min_interior me parece q deber√≠an mejorar los procesos actuales tambi√©n como es posible q alguien espere uno o dos a√±os.para una visa definitiva me parece muy mal eso,es,1384690449198239746,2021-04-21T02:08:24.000Z,0,0,0,0,Victorperez0414,Victor,"",2017-04-27T06:27:53.000Z,FALSE,""
866834315245649924,@juanjoseossasc @GobiernodeChile @sebastianpinera @MaximoPavezC @CIyT_gob @Segpres @min_interior @RodrigoDelgadoM @DptoExtranjeria @Gob_Interior Hijo de puta,es,1384636138208514049,2021-04-20T22:32:35.000Z,0,0,2,0,estebanleupin,Esteban Leupin,"",2017-05-23T01:53:00.000Z,FALSE,""
89443433,Las barricadas que se producen a esta hora en distintos puntos del pais deja en evidencia 2 cosas: 1)el malestar fundamentado con la desconexion por parte de uds y 2)que tienen 0 manejo en la fiscalizacion en el toque de queda. @GobiernodeChile @jaimebellolio @RodrigoDelgadoM,es,1384698173071966209,2021-04-21T02:39:05.000Z,0,0,0,0,Arancubia,Francisco Javier,"Abogado
Magister en Educacion
Hablo y escribo Chino MANDARIN
Fan de The Beatles
Fan de las Peliculas de Terror hechas para la Tv de los a√±os 70 y 80
40 a√±os",2009-11-12T13:17:18.000Z,FALSE,""
905171655688941568,@Senado_Chile @SenadorBianchi @loretosenadora @Luzebensperger @Insulza @karinluck @RenzoTrisotti @RodrigoDelgadoM @min_interior üëçüëçüëç https://t.co/dvIKUPbwYK,und,1384608969013006337,2021-04-20T20:44:37.000Z,0,0,1,0,HenrySubiabre,Luis Henry Subiabre,"lo de mejor de mi vida ,mi familia",2017-09-05T20:51:54.000Z,FALSE,""
945013667220910087,"@RodrigoDelgadoM @sebastianpinera @DptoExtranjeria @GalliJF @Sub_Interior @laSUBDERE @min_interior @Minrel_Chile @SubPrevDelito @katymartorell @GobiernodeChile @Gob_Interior Que se pudra en el infierno tu presidente, escoria humana",es,1384588376771338242,2021-04-20T19:22:48.000Z,0,0,1,0,udechileMETAL,Sir Charles,"",2017-12-24T19:29:50.000Z,FALSE,""
