author_id,text,created_at.x,id,lang,public_metrics.retweet_count,public_metrics.reply_count,public_metrics.like_count,public_metrics.quote_count,verified,location,url,username,created_at.y,name,description
1101121250783649792,@Criiisvargas @sebastiansichel Si mal no recuerdo propone que el estado pague la pensi√≥n cuando los padres est√°n ausentes de la misma,2021-04-21T04:52:09.000Z,1384731662068690945,es,0,0,0,0,FALSE,"","",MattLdeLibertad,2019-02-28T14:05:38.000Z,Mat√≠as P,"Chileno
Estudiante de Ing.Comercial
Liberal en todo, como debe ser."
1102571448487628802,"Le decimos FUERA a @LuciaDammert 

Asi habla un candidado con pelotas/ovarios bien puestos por su pais.

Bien Keiko.

@matiasdelrio @kikemujica @cbofillr @elvillegaschile @joseantoniokast @IvanValenzuelaU @fuentesilva2 @sebastiansichel @gonzalomuller @hiranechecho https://t.co/sKSfXGPkd7",2021-04-21T00:52:53.000Z,1384671448309108745,es,0,1,1,0,FALSE,Chile,"",AlexDeLargeCHI,2019-03-04T14:08:12.000Z,Alex DeLarge,"Estudiante, Trabajador, Emprendedor, Melomano , Ex chico problema y esta bien lo asumo, solo me muevo en esta vida por inter√©s o miedo... igual que T√∫."
1107429254176870407,"@sebastiansichel Payaso de cuello y corbata, nefasto igual que toda la UDI y RN.",2021-04-20T22:26:51.000Z,1384634695120572421,es,0,0,0,0,FALSE,"","",eduleonc1,2019-03-17T23:51:24.000Z,edu.leon.c,"Trabajador Social. Maipucino. Aficionado de las astronom√≠a, la m√∫sica, y de la pol√≠tica."
1128060708577579009,@werblack_lg @sebastiansichel @ayudaJUNAEB @GobiernodeChile Quieres comida de marca??? Pero que capitalista comentario,2021-04-20T22:38:00.000Z,1384637501768355844,es,0,1,5,0,FALSE,"","",AmericoOctavio1,2019-05-13T22:13:26.000Z,Americo Octavio,"Do√±ihue, agricultor"
113016155,@DomingoGodoy @MacadelaCalle @Cesarangapa @sebastiansichel Tienes raz√≥n.,2021-04-21T02:06:48.000Z,1384690050068254723,es,0,0,1,0,FALSE,Santiago de Chile,https://t.co/liQQKXEb4l,ClauMenaresB,2010-02-10T12:33:37.000Z,Claudia Menares B.,En la #Constituci√≥n no podemos olvidar la #Protecci√≥n de los #DDHH y #Bienestar de las #PersonasMayores es una deuda social pendiente q tenemos como sociedad.
116560212,"Buenas noches. Tendencias en @Twitter #caserolazo #TerceRetiro10ciento @DMatamala @CNNChile @AntofagastaTV @tv_monica @dip_jmcastro @paulinanu @MinDesarrollo @s_villarrealb @KarlaEnAccion @rcerdan @sebastiansichel @LavinJoaquin @desbordes #caserolazo ""raspado de olla clase 1/2""üçú https://t.co/dRaKI6vkFc",2021-04-21T01:03:17.000Z,1384674063046557697,es,2,1,2,0,FALSE,Chile,"",javierz73,2010-02-22T22:30:05.000Z,Javier M Z√π√±iga V,"T√©cnico Fotovoltaico #ERNC üåû‚ö°‚ôªÔ∏è Electricista, Rigger, Carpintero, Trabajo desde los 13 a√±os. üí™üá®üá±‚ôªÔ∏èüåé 946639042. El Trabajo Dignifica La Vida üí™üë∑‚Äç‚ôÄÔ∏èü§ùüë∑üí™üá®"
1166789379488194560,"@sebastiansichel Demostrando realmente sus intenciones y a que lado siempre apoyar√°n todos AMIGUIS,  @ignaciobriones_  @joseantoniokast",2021-04-21T01:58:46.000Z,1384688027029721088,es,0,0,0,0,FALSE,"","",antonio02052055,2019-08-28T19:07:32.000Z,Antonio banda,""
116874209,"@sebastiansichel Pensaba votar por ti, pero Ahora pienso que ser√≠a como un voto en blanco (callampa), ser√≠a seguir con el gobierno de mierda de la derecha",2021-04-20T23:59:26.000Z,1384657994730905600,es,0,0,0,0,FALSE,"-33.589234,-70.553352","",CESCOBAR9,2010-02-23T21:10:02.000Z,Cristian Escobar,Muy buen amigo amante de mis. 4 Hijitas y mi esposa
1185625614751031296,@sebastiansichel Un poeta. Inspirador,2021-04-21T02:15:05.000Z,1384692134780055552,es,0,0,0,0,FALSE,"Las Condes, Chile","",larenas78,2019-10-19T18:35:59.000Z,Rodrigo Larenas,"En cualquier tarea se puede ganar o perder, lo importante es la nobleza de los recursos utilizados"
118579594,"@sebastiansichel muerto politico, ded√≠quese a otra cosa se√±or, cuidese.",2021-04-20T23:55:39.000Z,1384657045161451521,es,0,0,0,0,FALSE,iquique ,"",GUSTRAX81,2010-03-01T03:46:15.000Z,GUSTAVO CEBALLOS,"Iquique√±o de Coraz√≥n, nortino 100%,futbolero, papa de Mat√≠as mi alegr√≠a."
1187497684124520448,"@sebastiansichel ""No discutamos, buena onda, digamos que vamos a reformar y terminamos sin hacer nada como siempre, para que el populacho se quede tranquilo"".",2021-04-20T22:26:30.000Z,1384634608042475521,es,0,0,1,0,FALSE,"","",DeformusBlock,2019-10-24T22:34:56.000Z,Marco,""
1190019409882046465,@werblack_lg @AmericoOctavio1 @sebastiansichel @ayudaJUNAEB @GobiernodeChile Seguro el estado te va a alimentar mejor.,2021-04-21T00:13:12.000Z,1384661459225939969,es,0,0,1,0,FALSE,"","",Ptorres81130372,2019-10-31T21:35:33.000Z,Ptorres,""
1192667001967271937,@sebastiansichel pobrecito candidato que nadie lo pesca ni pal webeo.,2021-04-21T00:15:03.000Z,1384661926463131655,es,0,1,1,0,FALSE,"Santiago, Chile","",pejesapo666,2019-11-08T04:55:58.000Z,pejesapo666,Pa puro escribir weas.
1194334518943113216,@desbordes @LavinJoaquin @sebastiansichel @ignaciobriones_ @evelynmatthei  ü§êü§êü§êü§êü§êü§ê,2021-04-21T02:24:46.000Z,1384694570139652097,und,0,0,0,0,FALSE,"","",rossishelton,2019-11-12T19:22:14.000Z,Rossishelton #VotarSinMiedo,Amo a los animalesüíï. tengo a 2 amores en la vida m√≠a! hasta que la Dignidad se haga costumbre..con todo si no pa que!!üí™
119524715,"@sebastiansichel Te ten√≠a fe, pero pasas de largo, no te acuerdas cuando te emocionabas y hac√≠as emocionar a la gente con t√∫  historia de vida, q paso, manos negras q te hicieron cambiar en dos meses, no entendieron nada y siguen sin entender. Sigan comiendo pan con jam√≥n acaramelado",2021-04-20T22:21:18.000Z,1384633299679813635,es,0,3,8,0,FALSE,"Santiago, CHILE","",figueroarojasca,2010-03-03T22:34:38.000Z,Cristian,""
1215460052380852224,"@sebastiansichel Compadre date por enterado que son pocos quienes comparten tu vision de la politica chilena, pretenciosos como tu son parte del problema.",2021-04-21T03:21:14.000Z,1384708781024612354,es,0,0,0,0,FALSE,"","",Enzo60788743,2020-01-10T02:27:26.000Z,Enzo,#renunciapi√±era
1216926631,@RcGonzalez84 @sebastiansichel Tu dices que c√≥mo no la aprueban con este super congreso?,2021-04-21T00:25:58.000Z,1384664671853195266,es,0,0,0,0,FALSE,"","",ObelixSCL,2013-02-25T00:53:52.000Z,Ob√©lix Le Gaulois,"Me tuitersuicid√© en Isla de Pascua, resucit√© en la Galia, en 50 A.C.  Si te doy unfollow, no eres t√∫, soy yo."
1225855802638045184,@fcejas_24 @sebastiansichel No te preocupes!! Yo le aportare 10...,2021-04-21T04:56:34.000Z,1384732770946199553,es,0,0,0,0,FALSE,"","",LaVicki8,2020-02-07T18:56:41.000Z,La Vicki,"Profesional,Madre,y Abuela Feliz..
cristiana,de Derecha hasta la muerte"
1225855802638045184,@patrici230949 @sebastiansichel Algunos chileno!! El resto que es mayor√≠a seguimos siendo dignos!!,2021-04-21T04:55:10.000Z,1384732418683383808,es,0,0,0,0,FALSE,"","",LaVicki8,2020-02-07T18:56:41.000Z,La Vicki,"Profesional,Madre,y Abuela Feliz..
cristiana,de Derecha hasta la muerte"
1233389539911196674,"üî¥ Este mi√©rcoles en #MesonConstituyente vea al pre candidato presidencial @sebastiansichel y a la candidata a la CC distrito 13 
@SusanaHiplan. Moderador @ejgarciaa https://t.co/v83z17AdeW",2021-04-21T00:45:27.000Z,1384669575011315713,es,3,0,5,0,FALSE,Chile,https://t.co/KbIDWwJyO9,ElBaquedanocl,2020-02-28T13:52:46.000Z,El Baquedano,"Un medio que te dice las cosas como son.

https://t.co/KbIDWwJyO9"
123898399,@sebastiansichel Tenia fe @sebastiansichel acabas de perder 6 votos sumando a mi familia Chao chanta,2021-04-20T23:20:56.000Z,1384648305108557825,es,0,2,6,0,FALSE,"","",fcejas_24,2010-03-17T15:19:53.000Z,fcejas,""
1257170370760712194,"@sebastiansichel @sebastianpinera est√° entregando en bandeja de plata las pr√≥ximas elecciones a la izquierda.. ni si quiera al centro. Est√° dejando muy mal a la derecha no recapacit√≥ nunca en su actuar lamentable.. Uds. Debe poner la mesura y liderar, lo veo poco en los medios..vamos que se puede",2021-04-21T01:38:46.000Z,1384682995026694146,es,0,0,0,0,FALSE,"","",patoadoc2,2020-05-04T04:49:17.000Z,Patricio,""
1261134792008953859,"@Anthony07777 @FRI30 @PamJiles @sebastiansichel Eso es falso, los ahorros son rentables, lo que dices es por no saber ver tus cartelas al ver tus rentabilidad. Mi papa es jubilado y saca arriba de 500 lucas y no es na millonario. Que quieres jubilarte como en Argentina, donde ah√≠ si que los viejos pasan hambre.",2021-04-20T23:18:45.000Z,1384647755377872897,es,0,1,0,0,FALSE,"","",CokeLibertario,2020-05-15T03:22:31.000Z,Coke_libertario,viva la libertad
1261134792008953859,"@FRI30 @PamJiles @sebastiansichel No es privilegio, es h√°bito. Yo no gano mucho y aun asi logr√© ahorrar e invertir. Adem√°s de que me paguen las cotizaciones. Tu simplemente no quieres cambiar tus h√°bitos financieros. Y que se puede, si, se puede.",2021-04-20T23:16:33.000Z,1384647203096956933,es,0,0,0,0,FALSE,"","",CokeLibertario,2020-05-15T03:22:31.000Z,Coke_libertario,viva la libertad
1261134792008953859,"@Anthony07777 @FRI30 @PamJiles @sebastiansichel Mentira, no necesitas ganar 1 mill√≥n, eres tu la ignorante que no tienes ni siquiera datos para comprobar tus mentiras.",2021-04-20T23:19:39.000Z,1384647982784688128,es,0,1,0,0,FALSE,"","",CokeLibertario,2020-05-15T03:22:31.000Z,Coke_libertario,viva la libertad
1273303164121464833,"@sebastiansichel El fin de esa gente es aplastar al presidente, no nosotros los ciudadanos, que lamentable!!!",2021-04-20T23:55:56.000Z,1384657114484858881,es,0,0,0,0,FALSE,"","",RosaMam5,2020-06-17T17:15:16.000Z,Rosa Mam√°,""
1280906639462277124,"Ya no enga≈ào uno de derecha @sebastianpinera  ninguno m√°s , por m√°s que se llame liberal , este weon enga√±o incluso a los que √©ramos derecha centro liberal , a los que nunca fuimos Pƒ∞NOCHETƒ∞STA cago @IavinJoaquin  @sebastiansichel @ignaciobriones_  todos @jalessandri https://t.co/z39vIY0dly",2021-04-21T01:56:20.000Z,1384687413621108736,es,0,0,0,0,FALSE,"","",don_gromo,2020-07-08T16:48:48.000Z,#sinretirotodosvotamosporPamela,"Soy un gatito con fotog√©nico, divertido , l√∫dico , juguet√≥n, me gustan las c√°maras  y las redes , pero por sobre todo soy un gato con opini√≥n y deslenguado"
1286344827337138182,"@sebastiansichel Quien dijo q Sichel era una opci√≥n para presidente!?? Jajjaja si es lamebolas de Pi√±era! El presidente m√°s odiado de la historia! Est√° remando para el mismo lado q la derecha tradicional, los super ricos, y la gente q se cague. Lo quieren vender como del pueblo ja! Si claro ü§£",2021-04-21T00:09:35.000Z,1384660550500683779,es,0,0,0,0,FALSE,"Santiago, Metropolitana de San","",PaolaPa91665835,2020-07-23T16:58:15.000Z,Paola Paredes,""
128725731,"@sebastiansichel estimado Buenas tardes, con todo respeto, me gustar√≠a solicitar su ayuda en difundir nuestro servicio de cobro de facturas ALTSOLUTION Pymesüëç https://t.co/vFUrxUV6Gh",2021-04-20T22:39:15.000Z,1384637815854673920,es,0,0,0,0,FALSE,Santiago Chile,https://t.co/QkaWjsk7Hn,PatitaAlvarez,2010-04-02T01:11:43.000Z,Patricia Alvarez,"Jefa De RRHH en AltSolutions adem√°s practico Running!me gusta mucho la m√∫sica y bailar, compartir con mis hijos familia y amigas!"
1289775470288998400,"@sebastiansichel A la mayor√≠a de los chilenos tambi√©n le molesta que vayan al TC(frente a esta necesidad)los parlamentarios tienen esa facultad para hacer est√° acusaci√≥n aunque a muchos les moleste,si defienden tanto la constituci√≥n debe ser ante todo evento no solo para la conveniencia de ustede",2021-04-21T01:05:14.000Z,1384674552928690178,es,0,0,0,0,FALSE,"","",CecyPerezSoto,2020-08-02T04:10:18.000Z,Cecilia,Madre de 3 hijos
1290157531420073985,@sebastiansichel @sebastiansichel ya sabe a quien darle las gracias ü§£,2021-04-20T22:24:25.000Z,1384634081997099010,es,0,0,0,0,FALSE,"","",Alejand90912658,2020-08-03T05:28:32.000Z,Alejandra Camposano,musica: backstreet boys
1297189173686874117,@sebastiansichel Callate sac√≥ wueaas y quieres ser presidente,2021-04-21T00:18:22.000Z,1384662761775542272,es,0,0,0,0,FALSE,"","",Ricardo47915597,2020-08-22T15:09:45.000Z,Ricardo,.....
129859243,@andres20ad Adi√≥s @evelynmatthei ... adi√≥s @ignaciobriones_ ... adi√≥s @sebastiansichel ... adi√≥s @LavinJoaquin ... adi√≥s @desbordes,2021-04-21T04:21:47.000Z,1384724018071326722,hu,0,0,1,0,FALSE,Santiago de Chile,"",bzunigar,2010-04-05T16:42:21.000Z,Andr√©s Z√∫√±iga,"Lic Educaci√≥n, Mg"
130371929,"@sebastiansichel Que pena, te consideraba muy acertado.",2021-04-21T02:32:56.000Z,1384696624438554625,es,0,0,0,0,FALSE,"Conc√≥n, Valpara√≠so","",clorivi,2010-04-07T03:14:24.000Z,Claudia Rivera,yo no me callo ni estoy como ausente üòâ#noalmaltratoanimal #aguaparaunperro #tenenciaresponsable #adopta #nosonmuebles #noabandones
1328863407219601411,@sebastiansichel ahora tienes tu voto ..mira la protesta ...eras un candidato ..ahora solo uno m√°s del mont√≥n,2021-04-21T00:59:55.000Z,1384673214694100997,es,0,0,2,0,FALSE,"","",Manu734783531,2020-11-18T00:51:56.000Z,Manu,musica .aire libre
1335046342780006401,@AlexDeLargeCHI @LuciaDammert @matiasdelrio @kikemujica @cbofillr @elvillegaschile @joseantoniokast @IvanValenzuelaU @fuentesilva2 @sebastiansichel @gonzalomuller @hiranechecho https://t.co/MA4jM7gmhr,2021-04-21T02:42:39.000Z,1384699070334255105,und,0,0,0,0,FALSE,"","",Hades77415202,2020-12-05T02:20:35.000Z,Hades,""
1341579777375948802,@sebastiansichel Vendido,2021-04-20T23:50:01.000Z,1384655625326632964,es,0,0,0,0,FALSE,"","",CarmenL02593050,2020-12-23T03:02:12.000Z,Carmen Lagos,amo ami familia
134917009,La polarizaci√≥n NO resuelve los problemas del pa√≠s!! #Armon√≠a @sebastiansichel https://t.co/v6CbqWXr26,2021-04-21T00:14:03.000Z,1384661675014492164,es,0,0,0,0,FALSE,"Santiago, Chile","",gclivio,2010-04-19T20:47:43.000Z,"Gabriela Clivio, CFA","Economist, MA in Finance and MA in Economics. Founding member CFA Society Chile. Corp. Fin. University Professor. Pe√±arol & Scuderia Ferrari fan. üá∫üáæüá®üá±üá®üá¶"
135159407,@sebastiansichel https://t.co/kvaYG60Rsn,2021-04-20T22:20:40.000Z,1384633138245218306,und,0,0,0,0,FALSE,chile,"",minoiquita,2010-04-20T14:07:49.000Z,la_shalita,AprueboAprueboAprueboAprueboAprueboAprueboAprueboAprueboAprueboAprueboAprueboAprueboApruebo y me gustan los gatos
135599487,@sebastiansichel Pi√±era acaba de prender la mecha,2021-04-20T23:57:41.000Z,1384657553599123456,es,0,0,0,0,FALSE,"","",rigaete,2010-04-21T19:25:00.000Z,ricardo jorge gaete,""
1359546596271259650,@sebastiansichel Que pasa Sebasti√°n pens√© que usted era diferente pero ahora defendiendo a Pi√±era !!!Todo lo que hace ese hombre es indefendible .,2021-04-21T01:47:15.000Z,1384685130149728265,es,0,0,0,0,FALSE,"","",ngelaHe54534932,2021-02-10T16:56:29.000Z,√Ångela Hernandez,amo a mis hijos ü•∞
1361822703737393152,"@sebastiansichel @sebastianpinera la maldicion sebastian. Sabes q con este comentario pierdes  como 300.001 votos. Osea mejor no se postule. @PamJiles ruego que este defensor de las afp. No salga como presidente, 1% de aprobacion https://t.co/KDI97JVbQj",2021-04-21T00:43:43.000Z,1384669139227144192,es,0,0,0,0,FALSE,"","",Maurici31224625,2021-02-16T23:40:18.000Z,Solo digo la verdad,""
1364932035396173828,@sebastiansichel @reinikecarola El problema no es creer en las democracias el problema es creer en los pol√≠ticos que las administran puros delincuentes mentirosos ladrones asesinos depravados y cuanto delincuente est√° pululando por los 3 poderes del estado ah√≠ est√° el error,2021-04-21T02:55:45.000Z,1384702365979365376,es,0,0,0,0,FALSE,"","",jrberrios3,2021-02-25T13:35:45.000Z,jrberrios,Bloqueo a todos los rojos y quien se me ocurra soy el que cri√≥ y libero el zorzal as√≠ me ubican
1371525678634573824,"@sebastiansichel Es una herramienta democr√°tica y si la oposici√≥n cree que debe usarla est√° en su derecho, ellos tb fueron elegidos por el pueblo.
La cantidad de acusaciones constitucionales solo demuestra lo nefasto de tu gobierno.",2021-04-20T22:48:32.000Z,1384640153260630018,es,0,0,1,0,FALSE,"","",el_rojo_juan,2021-03-15T18:16:35.000Z,El Rojo Juan,No se que hago ac√°.
1374014054331789318,"@sebastiansichel QUI√âN O QU√â PARTIDO, SEGUIR√Å APOYANDO A PI√ëERA y EST√ÅN DISPUESTOS A ""UNDIRSE"" CON √âL Y SU GOBIERNO
DESACREDITADO, ODIODO CADA D√çA M√ÅS,
""HOY APOYARLO ES UN SUICIDIO POL√çTICO""
EL PUEBLO NO VOTARA POR TRAIDORES MISERABLES Y COBARDES!!!",2021-04-21T01:31:41.000Z,1384681209591119874,es,0,0,0,0,FALSE,"","",Valeria08925319,2021-03-22T15:04:55.000Z,Valeriaüòú,""
1374014054331789318,"@sebastiansichel QUI√âN O QU√â PARTIDO, SEGUIR√Å APOYANDO A PI√ëERA y EST√ÅN DISPUESTOS A ""UNDIRSE"" CON √âL Y SU GOBIERNO 
DESACREDITADO, ODIODO CADA D√çA M√ÅS,
""HOY APOYARLO ES UN SUICIDIO POL√çTICO""
PORQUE PERDER√ÅN VOTOS Y CREDIBILIDAD
EL PUEBLO NO PERDONAR√Å!",2021-04-21T02:24:24.000Z,1384694478586396683,es,1,0,2,0,FALSE,"","",Valeria08925319,2021-03-22T15:04:55.000Z,Valeriaüòú,""
1375580252987068419,"@sebastiansichel Qu√© pasa cuando el presidente pierde su represebrarividad?
Qui√©n no representa, no escucha y no se preocupa de los inter√©s de la mayor√≠a a quienes supuestamente representa, es quien atenta directamente contra la democracia.",2021-04-20T22:37:03.000Z,1384637263355777027,es,0,0,0,0,FALSE,"","",HeisenbergTomas,2021-03-26T22:48:01.000Z,Tom√°s Heisenberg,""
1375863900252540930,@Eave89 @sebastiansichel No esta demas mostrar este recuerdo para que este imbecil no salga electo https://t.co/rSbboCq3qf,2021-04-21T04:38:24.000Z,1384728199528058880,es,0,0,0,0,FALSE,"","",isaiasjara15,2021-03-27T17:35:19.000Z,isaias jara,wena compare
1375978858919387139,"@sebastiansichel üñï
@ignaciobriones_ üñï
@LavinJoaquin üñï
@evelynmatthei üñï
üêÑüêÑüêÑüêÑ
üê∏üê∏üê∏üê∏
üï∑Ô∏èüï∑Ô∏èüï∑Ô∏èüï∑Ô∏è",2021-04-21T02:29:19.000Z,1384695716187152385,und,1,0,0,0,FALSE,"","",RosaMir10058409,2021-03-28T01:11:50.000Z,Rosa Miranda,Mi disciplina y perseverancia
1375978858919387139,"QUE TENDR√ÅN QUE DECIR LOS PRECIDENCIALES, @LavinJoaquin Y @evelynmatthei,
PULCRO SILENCIO ü§´ü§´ü§´ü§´ü§´

YO ME IMAGINO QUE EST√ÅN FELICES‚ÄºÔ∏è

@ignaciobriones_, FELIZ
@sebastiansichel, FELIZ

PERO M√ÅS FELIZ YO
PORQUE NO SALDRAN
üç∏üçæ

EL √öNICO QUE ME DA    PENA ES
@desbordes

‚òéÔ∏èüá®üá±üåπ‚ÄºÔ∏è",2021-04-21T00:39:48.000Z,1384668155738562563,es,0,0,0,0,FALSE,"","",RosaMir10058409,2021-03-28T01:11:50.000Z,Rosa Miranda,Mi disciplina y perseverancia
1381998409754816516,"@PublimetroChile El principio del fin , @DrEnriqueParis @jaimebellolio @sebastiansichel @sebastianpinera @KarolCariola",2021-04-21T03:00:19.000Z,1384703517517025289,es,0,0,0,0,FALSE,"","",CarlosJaraGonz3,2021-04-13T15:51:32.000Z,Carlos Jara G.,un buen plato de carnes o mariscos  y un rico vino para el paladar.
1381998409754816516,@sebastiansichel Y pretendes ser presidente de chile ? Tendras tu recompensa .,2021-04-21T02:53:24.000Z,1384701777434578945,es,0,0,0,0,FALSE,"","",CarlosJaraGonz3,2021-04-13T15:51:32.000Z,Carlos Jara G.,un buen plato de carnes o mariscos  y un rico vino para el paladar.
1382837323465916422,@sebastiansichel Sichel te estaba creyendo el cuento al relatar tu historia pero veo que eres de las mismas ratas de gobierno.,2021-04-21T03:46:36.000Z,1384715162226241537,es,0,0,0,0,FALSE,"","",Carlinat6,2021-04-15T23:25:04.000Z,Carlinat,jajajaj
1384677900109193216,@sebastiansichel Y este weon quiere ser presidente https://t.co/5XmKs5gmPx,2021-04-21T01:43:40.000Z,1384684228080807938,es,0,0,0,0,FALSE,"Estaci√≥n Central, Chile","",Juan57545673,2021-04-21T01:18:56.000Z,Juan,sin trabajo
1526584219,"@sebastiansichel La oposici√≥n lo √∫nico que aporta al pa√≠s es bloquear cualquier proyecto del gobierno y acusaciones constitucionales, pero a la izquierda no le gusta que le rechacen sus proyectos populistas para da√±ar la democracia y la institucionalidad!!",2021-04-21T01:29:56.000Z,1384680771772985346,es,1,0,5,0,FALSE,Ciudadana de Chile ,"",h_beax,2013-06-18T03:12:07.000Z,Bea,Por un Chile m√°s desarrollado.
156052690,@sebastiansichel ahora estai contento junto a @LavinJoaquin ? #Tercer10xCiento #estallido2021,2021-04-21T02:31:57.000Z,1384696377620508672,es,0,0,0,0,FALSE,"Chill√°n, Chile","",CristianFsco,2010-06-15T22:14:00.000Z,Cristian V√°squez R.,Industrialino e Inacapino de üíô / #Apruebo / Aveces juego a ser prevencionista / Ex Forestry
157178251,"#Cacerolazo #TerceRetiroDel10MV @desbordes @sebastiansichel @IavinJoaquin @ignaciobriones_ @evelynmatthei 
#tercerRetiroyPi√±erapalaCasa 
No habr√° ning√∫n voto ni para presidenciable, diputados, senadores y constituyente 
Ser√°n extirpados estos caballeristicos. La peor derrota. https://t.co/830CidelY1",2021-04-21T05:27:10.000Z,1384740472724336645,es,1,0,0,0,FALSE,"","",_ed1245,2010-06-19T02:29:31.000Z,Ed.,""
159826243,@sebastiansichel espera que navarro te investigue con una comision por atentar comentar algo contra los DH en venezuela..  lo tienen todo preparado..!!,2021-04-20T23:02:52.000Z,1384643761540456448,es,0,0,0,0,FALSE,chile,"",ChilenoUn,2010-06-26T12:40:26.000Z,segun la constitucion no soy due√±o de mi dinero,""
160985041,"@sebastiansichel Consulta? Porque dice Sichel Presidente...
De que? No habias dejado el Bco Estado..?
O estas presidiendo algo.... me perdi..",2021-04-21T02:47:39.000Z,1384700327514017794,es,0,0,0,0,FALSE,Santiago  - Chile,https://t.co/D4c4WI0hFw,parodiciudad,2010-06-29T17:31:30.000Z,Paradox / üçãIronicAcidMan,"Amante del deporte, los autos, el mkt & adv! El mejor amigo de mis amigos. ...ir√≥nico y sin filtro.. muy mal portado. Liberal - Independiente..."
162588086,@sebastiansichel Muy bien,2021-04-21T02:33:43.000Z,1384696821444927492,es,0,0,0,0,FALSE,localidad XYZ,"",Chamonix11,2010-07-04T03:29:32.000Z,Alejandro Cl√©ment,Bi√≥logo Darwiniano por los Andes y Los Fiordos.
16416898,@werblack_lg @sebastiansichel @ayudaJUNAEB @GobiernodeChile Y en la moneda comiendo caviar,2021-04-21T01:06:55.000Z,1384674977245536256,es,0,0,0,0,FALSE,Concepci√≥n Chile,https://t.co/j84wDpfJlg,filexmaster,2008-09-23T08:27:56.000Z,Felipe Veliz üÖï,üá®üá±üêç DJ & Graphic Designer & Illustrator #DesignThinking #Innovation Digital Artist in @terranovup CEO @estaciongg https://t.co/G9cdpzXEFq IG: filexmaster ‚òÖ
165508456,@sebastiansichel Duterte sabe c√≥mo eliminar el narcotr√°fico. https://t.co/EU3cPDPyUC,2021-04-21T01:13:35.000Z,1384676658037370883,es,0,0,0,0,FALSE,Chile,"",Zenteno_1987,2010-07-11T19:41:44.000Z,Zenteno,"Si buscas fachos, mira este v√≠deo... gil
https://t.co/fmw58LA9FM"
166574138,@CUANTITATIVA_CL @CriteriaChile @ActivaResearch @Cadem_cl @PamJiles @LavinJoaquin @evelynmatthei @joseantoniokast @sebastiansichel @desbordes @marcoporchile No cachan nada de lo que hay detras de eso...es ajedrez puro...se la doy al segundo piso...averiguen la jugada...yo no se las dire...el que juega ajedrez la ve r√°pida...suerte jiles,2021-04-21T04:48:23.000Z,1384730713124188161,es,0,0,0,0,FALSE,"√ëu√±oa, Chile","",danielvp20,2010-07-14T14:05:22.000Z,Francescoli,""
18558079,"Ma√±ana mi√©rcoles 21 a las 08:30, estar√° @sebastiansichel en radio https://t.co/gxJxiids6J con Diego Escobar.
#sichelpresidente 
#SePuede 
#jovenesxSichel 

S√∫mate  en https://t.co/uJQuVO8oss https://t.co/1zsQDNRrzw",2021-04-21T00:05:16.000Z,1384659461839720449,es,3,0,5,0,FALSE,"","",MauroMCuevas,2009-01-02T18:12:33.000Z,Mauricio Mu√±oz #TodosXSichel,"Administrador P√∫blico, Menci√≥n Ciencias Pol√≠ticas. Postitulo en Gobierno y Gerencia P√∫blica UChile. Egresado y tesista del MGGP INAP-UChile"
1947504410,@sebastiansichel Andate a la mierda üí©vende patria y defiende las AFP seguro hay tienes pega saco de weas as√≠ como distes la hora en el banco del estado weon fresco raja y quieres el voto de derecha pico te daremos,2021-04-20T23:46:32.000Z,1384654748377305092,es,0,0,0,0,FALSE,"","",pedrocancino4,2013-10-08T17:26:31.000Z,chile libre,""
1947504410,@sebastiansichel Contigo nunca weon y no seras presidente ni de curso eres una mierda üí©ü§∑andate a la chucha y con tu pi√±era juntos y yo soy de derecha y seg√∫n uds de clase media y nunca un gobierno me ha regalado nada eres la misma mierda üí©vende patria a los zurdos cobarde sin pantalones üëñ,2021-04-20T23:49:29.000Z,1384655492044230656,es,0,0,1,0,FALSE,"","",pedrocancino4,2013-10-08T17:26:31.000Z,chile libre,""
1947504410,@sebastiansichel Politico de mierda üí©,2021-04-20T23:50:23.000Z,1384655716850540554,es,0,0,0,0,FALSE,"","",pedrocancino4,2013-10-08T17:26:31.000Z,chile libre,""
195774307,"Banco estado no es amigable con el usuario, ni de forma presencial, ni en la implementaci√≥n tecnol√≥gica que dejaron los amigos de el candidato @sebastiansichel 
Veamos la experiencia de hoy al acompa√±ar a mi Mam√° https://t.co/4hR4k7Am7C",2021-04-21T02:38:39.000Z,1384698061671305219,es,0,1,0,1,FALSE,"Santiago, Chile","",amolinachile,2010-09-27T15:04:53.000Z,Andr3s MoIina,"Digital signage, Scala Inc developer. Hablo de todo menos de trabajo!!!!!"
223436637,@sebastiansichel Es necesario se investigue a fondo su pasada por Bancoestado!!,2021-04-21T05:44:22.000Z,1384744799287324672,es,0,0,0,0,FALSE,"Las Condes, Chile","",riochino2001,2010-12-06T11:40:59.000Z,Jose Santos Gonzalez,Les deseo una feliz Navidad y un mejor a√±o 2021!!! ü§ó En la foto mis padres. Y NO OLVIDAR 2021 A√ëO EN QUE TENEMOS QUE SEPULTAR A LA DERECHA!!
286441597,@RomeoGalle @werblack_lg @sebastiansichel @ayudaJUNAEB @GobiernodeChile *del mencionado,2021-04-21T04:47:14.000Z,1384730420949000193,es,0,0,0,0,FALSE,Qu√© te importa,"",IndependienteTi,2011-04-23T01:00:01.000Z,Pol√≠tico Incorrecto,Pol√≠ticamente incomprendido
286441597,"@RomeoGalle @werblack_lg @sebastiansichel @ayudaJUNAEB @GobiernodeChile Una asquerosidad el comentario de la mencionada, verg√ºenza.",2021-04-21T04:46:40.000Z,1384730281756741635,es,0,1,1,0,FALSE,Qu√© te importa,"",IndependienteTi,2011-04-23T01:00:01.000Z,Pol√≠tico Incorrecto,Pol√≠ticamente incomprendido
2947176970,@sebastiansichel https://t.co/SpF7B6Qbpe,2021-04-20T23:50:09.000Z,1384655659736645633,und,0,0,0,0,FALSE,"","",Franbra200814,2014-12-29T00:41:06.000Z,3 retiro ahora ya,""
2947176970,@sebastiansichel https://t.co/IUPUBLai9j,2021-04-20T23:50:19.000Z,1384655699297423363,und,0,0,0,0,FALSE,"","",Franbra200814,2014-12-29T00:41:06.000Z,3 retiro ahora ya,""
322943980,"@sebastiansichel Tampoco me va a temblar la mano , NO VOTAR POR TI...!!! #tercerRetiroyPi√±erapalaCasa #tercerretiro10cientopobreza",2021-04-20T23:21:29.000Z,1384648445269585925,es,1,0,0,0,FALSE,chile,"",katencitavq,2011-06-24T00:35:59.000Z,Chilenitadecuore‚ù§Ô∏è,"Inmensamente feliz üå∏üåπüåª
Casada y Enamorada üíë"
3300128105,"@PamJiles FUTURO PRESIDENTE DE CHILE. LA #DERECHA NO SE VOTA M√ÅS !
@LavinJoaquin
@desbordes
@Camara_cl @Senado_Chile
@GobiernodeChile @udipopular @RNchile @PLRchile 
@sebastianpinera
@joseantoniokast @ignaciobriones_ @sebastiansichel 
@BancadaEvopoli 
@evopoli 
@TRIBCONST_CHILE https://t.co/RjJIp8dTvF",2021-04-20T23:22:31.000Z,1384648703282188288,es,0,0,0,0,FALSE,Chile,"",Alma_Berenike,2015-05-27T05:25:27.000Z,Ber√©nike.ü¶ã üá®üá± üåπ,"Avanzar siempre avanzar... Agradecida de DIOSüôè 
Chilena y peregrina de ‚ù§ 
Amo a los animales y  alimento a los sin hogarüêæ 
This is Chile üá®üá±"
331213351,@sebastiansichel este gbno ha estado por debajo d ela democracia y ud est√° en ello.,2021-04-20T22:20:59.000Z,1384633220034084866,es,0,0,1,0,FALSE,Santiago de Chile,"",quichex,2011-07-07T20:34:06.000Z,Christian Urrutia,""
3343471797,@sebastiansichel Y quieres ser presidente? Con ese pensamiento tan basura? Estas claro que no saldr√°s ni para presidente de junta de vecinos ü•±,2021-04-20T23:18:22.000Z,1384647661077340169,es,0,0,0,0,FALSE,"valpara√≠so , Chile","",Claudio54465093,2015-06-24T02:07:45.000Z,elwa wito,30 a√±os
362521303,Pi√±era enterrando toda opci√≥n a @LavinJoaquin @ignaciobriones_ @sebastiansichel @desbordes #ElPeorGobiernoDeLaHistoria,2021-04-21T03:18:08.000Z,1384708001546838016,es,0,0,0,0,FALSE,"#Temuco, #Chile","",carrillo_f,2011-08-26T14:53:49.000Z,Francisco,""
366836592,A lo @sebastiansichel mientras te ofrezcan un poco de poder ser√°s capaz de hasta hacer campa√±a por Kkkkasstt https://t.co/bnuQLarBRS,2021-04-21T02:59:08.000Z,1384703217599143937,es,0,0,1,0,FALSE,"","",Se_Bob,2011-09-02T22:37:08.000Z,Fidel Fiesta,"Hicimos Historia üí™üèæ Ahora todas, todos, todxs por una nueva constituci√≥n escrita en democracia. LGTBIQ+ üåà"
370654279,@CokeLibertario @FRI30 @PamJiles @sebastiansichel Y los tuyos donde Est√°n?..parece que el ignorante es otro..preg√∫ntale a todos si se puede cotizar mas alto con  sueldos de 500 lucas...cretino.,2021-04-21T04:37:14.000Z,1384727906824372226,es,0,0,0,0,FALSE,Chile-Santiago,"",Anthony07777,2011-09-09T12:00:40.000Z,Anthony Alvear Acu√±a,"Publicista USACH, MKT digital UC,licenciado en MKT Internacional menci√≥n negocios,dise√±o publicitario, asesor√≠as y analista nivel comercial,Karate Kenpo y Kendo"
370654279,@CokeLibertario @FRI30 @PamJiles @sebastiansichel Parece que vives en una realidad paralela..conozco bien el sistema de fondos..no me vas a venir a decir que no es as√≠...mi mam√° se jubila este mes..tiene 81 millones y va a sacar $550.700 pesos...,2021-04-21T04:35:05.000Z,1384727366136705025,es,0,0,0,0,FALSE,Chile-Santiago,"",Anthony07777,2011-09-09T12:00:40.000Z,Anthony Alvear Acu√±a,"Publicista USACH, MKT digital UC,licenciado en MKT Internacional menci√≥n negocios,dise√±o publicitario, asesor√≠as y analista nivel comercial,Karate Kenpo y Kendo"
473079517,"@sebastiansichel No entiendo a que apunta este hilo... Que la oposicion sea en su mayor√≠a una verg√ºenza pol√≠tica que no se enfoca en su trabajo sino que en pelear entre ellos, justifica que el gobierno haga lo mismo? Que como recibieron acusaciones pueden acusar? Piensen en la gente!",2021-04-21T01:18:38.000Z,1384677928655540224,es,0,0,1,0,FALSE,Santiago,"",PepaVasquez1,2012-01-24T16:30:04.000Z,Pepa,Enamorada de mis 3 amores... azul hasta la m√©dula #21üòç
502447576,"@jagaggero @sergioulloa1 @sebastiansichel Sichel es de izquierda, deber√≠a ir como candidato por ese sector",2021-04-21T02:54:15.000Z,1384701989683085312,es,0,1,0,0,FALSE,"","",juankarlosopazo,2012-02-25T03:55:50.000Z,juan carlos opazo,""
52266475,@sebastiansichel @jorgeerrazuriz No entienden nada...y t√∫ tampoco. Fuiste weno. Este gobierno podr√≠a ser demandado por notable abandono de deberes. No protege a su gente. Cierren por fuera.,2021-04-20T22:32:56.000Z,1384636228063141888,es,0,0,0,0,FALSE,"santiago, CHILE","",kokecaballero,2009-06-30T01:57:31.000Z,koke caballero,Cada momento es irreemplazable. No volver√°s a ver las cosas con la misma perspectiva todos los d√≠as.La vida no tiene bot√≥n de rebobinar.Los Sue√±os son Posibles.
61587812,"@AmericoOctavio1 @sebastiansichel @ayudaJUNAEB @GobiernodeChile M√°s que la marca se trata de calidad, tu sabes porque son las diferencias d precios en las comidas,sabes que mientras m√°s caro es mejor la calidad se elaboran cn otros productos y de mayor nutriente, nada q ver el capitalismo ac√° As√≠ como dan d lo m√°s barato podr√≠an dar lo mejor",2021-04-20T22:45:31.000Z,1384639393705639941,es,0,1,0,0,FALSE,Chile,"",werblack_lg,2009-07-30T20:19:10.000Z,C. G. üòà,"Libra, donante, feliz, agradecida de la vida,de Dios, intentando la imparcialidad, respondo a  personas educadas que intercambien opini√≥n respetuosamenteüôÇ"
65292556,"@sebastiansichel Lobo con piel de oveja, nadie te compra  tu vida de hippie",2021-04-21T01:36:10.000Z,1384682338542669825,es,0,0,1,0,FALSE,"","",Stebandi2s,2009-08-13T06:06:10.000Z,Esteban Vidal,"existo luego pienso, un nuevo dia vendra."
725840542567940100,@sebastiansichel Ustedes no entienden CONCHETUMARE!! Por eso se tienen que,2021-04-20T22:32:13.000Z,1384636048047808516,es,0,0,0,0,FALSE,"","",patricile1619,2016-04-29T00:14:05.000Z,Leandro Patricio,""
797282130959200256,@juankarlosopazo @sergioulloa1 @sebastiansichel No discutir√© algo tan rid√≠culo,2021-04-21T02:55:54.000Z,1384702404822720512,es,0,0,0,0,FALSE,"La Reina, Chile","",jagaggero,2016-11-12T03:37:27.000Z,Jos√© Andr√©s Gaggero üá®üá± üáÆüáπ,"Ni compa√±ere ni patriota

Para mi, Twitter es para intercambiar bits de opini√≥n, servicio p√∫blico y videos de gatitos

Para discusiones sesudas est√° Tik Tok"
797282130959200256,@sergioulloa1 @sebastiansichel No s√© si sea prudente entrar a una primaria con partidos como la UDI o RN que ensucian por.proximidad. Sichel est√° muy.por encima de esa alianza (Chile Vamos) que se desintegra,2021-04-21T02:49:04.000Z,1384700684264742912,es,0,1,0,0,FALSE,"La Reina, Chile","",jagaggero,2016-11-12T03:37:27.000Z,Jos√© Andr√©s Gaggero üá®üá± üáÆüáπ,"Ni compa√±ere ni patriota

Para mi, Twitter es para intercambiar bits de opini√≥n, servicio p√∫blico y videos de gatitos

Para discusiones sesudas est√° Tik Tok"
818956257772060684,Tal cual @evelynmatthei @ignaciobriones_ @sebastiansichel @ignaciobriones_ @LavinJoaquin se quedaron fuera del sill√≥n presidencial y si nos da la weaita ponemos a @PamJiles en la Moneda https://t.co/4wiFSEJWdx,2021-04-21T03:20:44.000Z,1384708656151805952,es,0,0,0,1,FALSE,"Pe√±alol√©n, Chile",https://t.co/qcmxV2rUb6,pulento_medina,2017-01-10T23:02:42.000Z,juan medina r,Todo seria mas f√°cil y menos violento si los que tienen en extremo se preocuparan por los que que en extremo no tienen.
818956257772060684,@LavinJoaquin @desbordes @evelynmatthei @ignaciobriones_ @sebastiansichel TIENEN CLARO QUE HOY SE LES TERMINO LA POSIBILIDAD DE SER CONTINUIDAD DE GOBIERNO #TerceRetiro10ciento,2021-04-20T23:14:20.000Z,1384646643878961153,es,0,0,1,0,FALSE,"Pe√±alol√©n, Chile",https://t.co/qcmxV2rUb6,pulento_medina,2017-01-10T23:02:42.000Z,juan medina r,Todo seria mas f√°cil y menos violento si los que tienen en extremo se preocuparan por los que que en extremo no tienen.
82518668,@PamJiles @sebastiansichel Pi√±era ya envi√≥ el #TercerRetiro10xCiento al TC... QUE HAREMOS?,2021-04-20T22:18:58.000Z,1384632714180104193,es,0,0,0,0,FALSE,"Las Condes, Chile","",mariajosemsm,2009-10-15T02:29:24.000Z,Maria Jos√©... Cote y Jose,#Familia #D's üôåüôèüôå #Mam√° #Ingeniero #MujerporSobreTodo
832039072281530369,"@pejesapo666 @sebastiansichel Es un gran tipo, muy humano y de frente con la verdad, que algunos cieguitos no le guste no es su problema el ve el beneficio y necesidades a las personas no como los pol√≠ticos que miran su propio beneficio y boicotean todo sin preocuparse del pueblo",2021-04-21T00:46:16.000Z,1384669783510200321,es,0,0,3,0,FALSE,"","",FernandoAbarzu2,2017-02-16T01:29:08.000Z,Fernando Abarzua,""
832039072281530369,"@figueroarojasca @sebastiansichel Y que tiene que ver? Lo que dice es muy cierto, las c√°maras no se dedican a gobernar ni pensar en las personas solo discuten, se enfrentan y boicotean, todos tiran ego√≠stamente para su lado y su beneficio o no se han dado cuenta?",2021-04-21T00:42:56.000Z,1384668943114194946,es,0,0,1,0,FALSE,"","",FernandoAbarzu2,2017-02-16T01:29:08.000Z,Fernando Abarzua,""
832039072281530369,"@werblack_lg @sebastiansichel @ayudaJUNAEB @GobiernodeChile El gobierno no es solo la presidencia son todos los que de una manera u otra hacen gobierno, S.  Sichel tiene toda la raz√≥n, ac√° no  se gobierna , no se piensa en las personas ni en sus necesidades , solo se dedican a pelear y boicotear, y eso el pueblo parece que no lo cacha",2021-04-21T00:40:07.000Z,1384668232427220995,es,0,0,0,0,FALSE,"","",FernandoAbarzu2,2017-02-16T01:29:08.000Z,Fernando Abarzua,""
891415088,"@figueroarojasca @sebastiansichel Obviamente esta gente no ve lo REALMENTE importante de su historia de vida, que con esfuerzo y sacrificio CUALQUIER PERSONA puede salir adelante y llegar al √©xito. Finalmente demuestran que lo que verdaderamente quieren es tenerlo todo regalado y sin esfuerzo ü§∑üèª‚Äç‚ôÇÔ∏è",2021-04-21T02:40:51.000Z,1384698618976874498,es,0,0,0,0,FALSE,"","",RomeoGalle,2012-10-19T17:15:10.000Z,Galle: El BOT con opini√≥n,"üß† Liberal, ‚ùåAnti-Violencia, ‚ùåAnti-Marxistas, ‚òùüèºPro-Di√°logo, ‚òùüèºPro-Argumentos.

""Ninguna cantidad de evidencia persuadir√° a un idiota"""
891415088,"@werblack_lg @sebastiansichel @ayudaJUNAEB @GobiernodeChile Nadie que tenga hambre se queja por la marca, hay que ser bien miserable. Esa es la dignidad que tanto piden, no por falta de ""algo"" si no que es ¬øporque hay gente que tiene ese ""algo"" que es mejor que el m√≠o?

Volvemos a lo de siempre, envidia y resentimiento ü§∑üèª‚Äç‚ôÇÔ∏è",2021-04-21T02:38:02.000Z,1384697906653958147,es,0,1,4,0,FALSE,"","",RomeoGalle,2012-10-19T17:15:10.000Z,Galle: El BOT con opini√≥n,"üß† Liberal, ‚ùåAnti-Violencia, ‚ùåAnti-Marxistas, ‚òùüèºPro-Di√°logo, ‚òùüèºPro-Argumentos.

""Ninguna cantidad de evidencia persuadir√° a un idiota"""
910521198043439104,"@sebastiansichel Algo as√≠ como. Rompi las zapatillas, pero voy a ir a comprar calcetines. El problema y la tragedia son los infames tribunales de injusticia, eso hay que arreglar.",2021-04-21T00:34:20.000Z,1384666780300349442,es,0,0,0,0,FALSE,"Curic√≥, Chile","",UrdangarinP,2017-09-20T15:09:05.000Z,Luis Urdangarin K üá®üá± C. a concejal por Curic√≥,"Chuquicamatino de nacimiento. Emprendedor toda la vida, hoy agricultor. Republicano, amante de nuestro pa√≠s y su gente. #RecuperemosChile"
95486163,"@sebastiansichel Se√±or, vayase a la casa, que nadie votara x usted",2021-04-20T22:43:22.000Z,1384638851143147525,es,0,0,0,0,FALSE,"","",carooooolaaaaa,2009-12-08T19:36:18.000Z,Carolaaaa,""
974717455,"@sebastiansichel Sebasti√°n, creo en t√∫ inter√©s por ayudar a Chile, pero, debes ser desgastante dar palos al aire. 
Hoy el Chileno s√≥lo quiere v√≠vir de los bonos y no trabajar. Yo, gracias a Dios 
sigo trabajando pese a m√°s de 35 a√±os
de hacerlo,y, no vivo de bonos.Suerte ‚úÖ",2021-04-21T00:49:11.000Z,1384670514203987968,es,0,1,5,0,FALSE,üèîÔ∏èRegi√≥n de Los Lagos üóª,"",patrici230949,2012-11-27T21:04:04.000Z,‚öñÔ∏è PATRIOTA ‚öîÔ∏è,"Debemos querer y amar a la Patria üá®üá± porque ella nos vi√≥ nacer y crecer y hoy nos necesita, sepamos responderle
c√≥mo se merece, con respeto
y cari√±o."
