author_id,text,created_at.x,id,lang,public_metrics.retweet_count,public_metrics.reply_count,public_metrics.like_count,public_metrics.quote_count,name,url,created_at.y,description,verified,username,location
10085882,"Mirar a Chile, un poco tambi√©n a  Am√©rica Latina y el mundo, desde el mesianismo, el fanatismo, el populismo y la farandulizaci√≥n, con dos provocadoras ""vacunas"": feminismo y redes sociales. Siempre desde la duda sugerente @eugeniotironi
en el @cepchile https://t.co/dWOIFeiOBW",2021-04-15T14:21:53.000Z,1382700711352340481,es,0,0,2,1,ricardoroman,https://t.co/ynrVUqyPV4,2007-11-09T02:06:04.000Z,"Transformar la Educaci√≥n creatividad maker rob√≥tica  innovaci√≥n educaci√≥n emocional coaching Chile - America Latina - Espa√±a
| Director @ColegioABG y FabLab ABG",FALSE,ricardoroman,"-33.358106,-71.663140"
1045449656845697025,"#PensandoEnPol√≠tica üéô | Estreno segunda temporada de nuestro podcast ""Pensando en Pol√≠tica"" @ASECH_ag 
Conversamos junto a @eugeniotironi sobre la elecci√≥n de los Constituyentes. Abordamos sus proyecciones y expectativas frente a este hist√≥rico momento.
https://t.co/9yALGbcfau",2021-04-06T18:00:53.000Z,1379494334932910080,es,5,0,10,1,Pensando en Pol√≠tica,https://t.co/x1mYwEK79y,2018-09-27T23:06:36.000Z,Somos una comunidad que fomenta la discusi√≥n pol√≠tica a trav√©s de la reflexi√≥n y el respeto mutuo. Tu opini√≥n nos importa: ¬°Conversemos de pol√≠tica! üëáüèΩ,FALSE,pensarnpolitica,""
104827762,"@eugeniotironi La responsabilidad individual es de sentido com√∫n, en tanto que la del Estado se desdibuja intencional y permanentemente, desde las 7 modernizacaiones hacia adelante.",2021-04-17T21:37:29.000Z,1383535110251638793,es,0,0,0,0,Fernando Espinoza,"",2010-01-14T14:36:32.000Z,"",FALSE,feresaar,""
114331554,@eugeniotironi ¬øBarra?,2021-03-29T03:01:13.000Z,1376368821922111489,eu,0,0,0,0,Marketview BC,http://t.co/5UK7tz7YnR,2010-02-15T01:47:13.000Z,Nuestra misi√≥n es apoyar a las empresas a ser exitosas. Somos un equipo de profesionales Evangelizadores del Marketing y de la Estrategia bien implementada.,FALSE,MarketviewBC,Chile
117840570,"üîòComenz√≥ el encuentro ""¬øTenemos vacuna contra el mesianismo pol√≠tico? junto a @eugeniotironi, Carmen Le Foulon y Leonidas Montes.

Sigue la transmisi√≥n a continuaci√≥n:
https://t.co/8Y3ylZ0qAn https://t.co/TJgRYNLM5E",2021-04-14T22:42:21.000Z,1382464269841797122,es,1,1,4,1,El CEP,https://t.co/DTxJ9OSOnA,2010-02-26T20:00:10.000Z,"Desde 1980 un lugar de reflexi√≥n, encuentro y debate sobre ideas y pol√≠ticas p√∫blicas. #CEP40A√±os https://t.co/4BYk3QNzS4",FALSE,cepchile,"S√≥tero Sanz 162, Santiago"
117840570,"üîµ ¬°HOY 18:30 hrs! Seminario: ‚Äú¬øTenemos vacuna contra el mesianismo pol√≠tico?‚Äù junto a @eugeniotironi, Carmen Le Foulon y Leonidas Montes

Inscr√≠bete a continuaci√≥n
https://t.co/rEIQeWEcyv https://t.co/OvPAoKiQB4",2021-04-14T13:26:31.000Z,1382324389820125190,es,0,0,2,0,El CEP,https://t.co/DTxJ9OSOnA,2010-02-26T20:00:10.000Z,"Desde 1980 un lugar de reflexi√≥n, encuentro y debate sobre ideas y pol√≠ticas p√∫blicas. #CEP40A√±os https://t.co/4BYk3QNzS4",FALSE,cepchile,"S√≥tero Sanz 162, Santiago"
117840570,"üî¥¬°Pr√≥ximo mi√©rcoles 14 de abril 18:30 hrs! Seminario: ""¬øTenemos vacuna contra el mesianismo pol√≠tico?"" junto a @eugeniotironi , Carmen Le Foulon y Leonidas Montes

Inscr√≠bete ac√°:
https://t.co/rEIQeWEcyv a trav√©s de @cepchile",2021-04-09T13:39:35.000Z,1380515739891814403,es,2,0,6,0,El CEP,https://t.co/DTxJ9OSOnA,2010-02-26T20:00:10.000Z,"Desde 1980 un lugar de reflexi√≥n, encuentro y debate sobre ideas y pol√≠ticas p√∫blicas. #CEP40A√±os https://t.co/4BYk3QNzS4",FALSE,cepchile,"S√≥tero Sanz 162, Santiago"
118927018,@cseebach @pablobelgique @eligeeducar @JoaquinWalker @veronicacabezas @claro @tomasrecartb @Ignacio_Irarraz @JPobletea @JoseWeinstein @humbertosichel @robertomendez @eugeniotironi Ser√≠a ideal que esa valoraci√≥n se viera reflejada en los sueldos,2021-04-01T16:09:24.000Z,1377654337124634626,es,0,0,1,0,alejandra arze,"",2010-03-02T03:53:29.000Z,"",FALSE,alearze,"santiago, chile"
1213821600727887873,"@Sergioespana @eugeniotironi El otro error creer q se comparan, se trata de explicarse los hechos, ahondar posibles causas, para buscar soluciones, o v√≠as de consenso, pero bueno as√≠ estamos",2021-03-16T23:21:18.000Z,1371964823009951748,es,0,1,0,0,Ulises Santiago,"",2020-01-05T13:56:45.000Z,Ingenier√≠a y antropolog√≠a,FALSE,UlisesS03633474,""
1213821600727887873,"@Sergioespana @eugeniotironi Explicaci√≥n, q es distinto pero bueno el tamiz ideol√≥gico q le vamos a hacer, as√≠ estamos",2021-03-16T23:28:04.000Z,1371966527256338433,es,0,0,0,0,Ulises Santiago,"",2020-01-05T13:56:45.000Z,Ingenier√≠a y antropolog√≠a,FALSE,UlisesS03633474,""
1215719702993014784,"@bernardolarrain @clausanhueza @eugeniotironi @cseebach @jorgeerrazuriz @natigonzalez_b @susanajimenezs @mclarof @AldoLema_cl @rdparedes @ccifuentesh El problema ha sido justo como este tuit. Han explicado los beneficios del crecimiento de manera tan enredada que nadie entiende nada. Mientras sigan intentando parecer sofisticados e intelectuales, seguir√°n ultra desconectados y habl√°ndose al ombligo",2021-04-11T16:30:56.000Z,1381283636767567873,es,0,0,0,0,Cristi√°n Sep√∫lveda,"",2020-01-10T19:39:06.000Z,"Liberal, amante de la cultura y del libre mercado. Pero lo de libre sin eufemismos...",FALSE,CristinSeplved2,"La Florida, Chile"
1221957938006364160,@revistapasando @VieragalloQ @Juventud_PPD @MarianaPerryF @red_seca @citizenalmeida @cafe_c_historia @revista_trama @eugeniotironi @claudiorar @CIDOC_UFT Un eslab√≥n perdido pues la CS hablaba de una mayor√≠a por los cambios y una opci√≥n socialista post dictadura. Los cambios y el socialismo quedaron en el camino.,2021-03-19T19:42:53.000Z,1372997022006059009,es,0,1,0,0,Granuja,"",2020-01-28T00:47:46.000Z,"Soy un viejo critico
Soy un vejete fome, dice mi nieto
Ciudadano, no s√∫bdito, ni cliente
 Camino por la vereda izquierda
 Alma mater Universidad del Matadero",FALSE,Granuja17,""
1227035418421604352,@eugeniotironi El socio listo tironi (con min√∫scula)E l soci√≥logo AD hok. Hoy columnista del mercurio ilumin√°ndonos con sus renovados y profundos an√°lisis manito en la pera. Que ser humano m√°s charcha....,2021-04-06T23:35:42.000Z,1379578594297536512,es,0,0,0,0,Pabliz,"",2020-02-11T01:03:44.000Z,Bioqu√≠mico(Ph.D). Microbi√≥logo amante de los biofilms. M√∫sico y pap√° todos los d√≠as.,FALSE,AlvizPablo,Osorno
1238145538945683457,@eugeniotironi You too?,2021-03-26T00:58:34.000Z,1375250794304438274,en,0,0,0,0,Luz Olguin üá™üá¶üáÆüá±üá®üá±,"",2020-03-12T16:51:30.000Z,"De Espa√±a al Sur de Chile, Teaching and farming..",FALSE,LuzOlguin5,""
1248326794220056582,"@bernardolarrain @clausanhueza @eugeniotironi @cseebach @jorgeerrazuriz @natigonzalez_b @susanajimenezs @mclarof @AldoLema_cl @rdparedes @ccifuentesh Pongamonos serios: Modernizar la empresa significa no solo un ""buen trato con proveedores y vecinos"" sino la remuneraci√≥n justa de los trabajadores, el respeto de la ley (aunque sea precaria), la participaci√≥n de trabajadores en toma de decisiones q les competen y mucho m√°s.",2021-04-11T17:56:32.000Z,1381305179136536579,es,0,0,2,0,ChasK,"",2020-04-09T19:08:12.000Z,"33.000 y contando
y Coquimbo a Fase 2
con Coronavac ser√≠an 6.600",FALSE,ChasK00N,""
1257741441574543365,"@RuizFernandezDJ @eugeniotironi Es la raza ! , dec√≠an por ah√≠...",2021-04-07T02:38:44.000Z,1379624654072123397,es,0,0,0,0,victor tapia,"",2020-05-05T18:38:37.000Z,"Antofagastino.
Libertad y Justicia , siempre !!!",FALSE,victort31381501,""
1264578497604960258,Culpar a otros y evadir responsabilidades es de la esencia de la izquierda @eugeniotironi https://t.co/usUo8AAgrV,2021-04-13T11:39:00.000Z,1381934946009382912,es,0,0,0,0,Fernando Silva Zavan,"",2020-05-24T15:26:34.000Z,"Chileno, Patriota, Cat√≥lico, Libertario, MBA, Gesti√≥n de Riesgos, ORSA, Seguros, Tai Chi Kong, Bicicletas, Motos
Omnia mea mecum porto",FALSE,FdoSilvaZavan,"Santiago, Chile"
1268713606872473601,"@bernardolarrain @clausanhueza @eugeniotironi @cseebach @jorgeerrazuriz @natigonzalez_b @susanajimenezs @mclarof @AldoLema_cl @rdparedes @ccifuentesh Algo que decir??????
https://t.co/aMBYmKuHM7",2021-04-11T17:24:40.000Z,1381297156980580352,es,0,0,0,0,Pelao,"",2020-06-05T01:18:03.000Z,"",FALSE,Pelao93709051,""
1284650230756134913,@ASECH_ag @eugeniotironi @PabTorrejon @tsilvasepulveda @marcos_rivas @QuintaEmprende @diariosustentab @Poder_Liderazgo @banigualdad Excelente üëèüëèüëè,2021-04-05T15:04:51.000Z,1379087644395724801,es,0,0,0,0,Separafilas,https://t.co/iFSs8Mgqvd,2020-07-19T00:44:32.000Z,"|‚òéÔ∏è 2 2840 2161  | üë®üèª‚Äçüíª hola@separafilas.cl |Delimita Accesos, Protege Exhibiciones, Encausa el flujo de personas, Gu√≠a, Cierra o Demarca espacios",FALSE,separafilas,"Santiago, Chile"
1292903090782445568,Esta vez me parece un comentario razonable ‚Å¶@eugeniotironi‚Å© https://t.co/7Fb8FTfMZx,2021-04-13T12:14:56.000Z,1381943986886152196,es,1,0,1,0,RafaelHirmasS,"",2020-08-10T19:18:58.000Z,abuelo feliz / azul / anti z / 100%P üá®üá± üáµüá∏ üá®üá±,FALSE,RafaelHirSa,""
1308520121980407808,"@radiobeethoven @eugeniotironi Hola¬°¬°¬° para ser socio, hay que pagar algo?? No tengo idea de cuales son las condiciones",2021-04-19T19:18:00.000Z,1384224781508112387,es,0,0,0,0,Patricia,"",2020-09-22T21:35:01.000Z,alegre,FALSE,Patrici74657096,""
1313994689402605569,@eugeniotironi üëèüèªüëèüèªüëèüèª‚úÖ,2021-04-13T16:08:57.000Z,1382002878471102469,und,0,0,0,0,gloria,"",2020-10-08T00:09:22.000Z,Resiliente,FALSE,gloria93558245,""
1314269586066477056,@eugeniotironi Estimados: Los quiero Invitar a este importante evento: https://t.co/r3oSXcHkjJ,2021-04-08T14:23:11.000Z,1380164321083338753,es,0,0,0,0,Rainbowcubits,https://t.co/Ksc3HaZCMA,2020-10-08T18:21:32.000Z,"#Sostenibilidad, transparencia, confianza. Con nuestra plataforma #Blockchain.
Los inversionistas est√°n atentos...",FALSE,rainbowcubits,"Santiago, Chile"
1323223190,"Opini√≥n | ‚ÄúFin del binarismo‚Äù, por @eugeniotironi https://t.co/eyTSYBFfwn https://t.co/S6WNew2iXO",2021-03-31T01:20:00.000Z,1377068124420329473,es,3,0,6,0,El Mercurio,https://t.co/a8WU1ZkxqF,2013-04-02T20:29:26.000Z,Cuenta del diario El Mercurio.,TRUE,ElMercurio_cl,"Santiago, Chile"
1323223190,"Opini√≥n | ‚ÄúGracias, no queremos sus aplausos‚Äù, por @eugeniotironi https://t.co/nddMjm7LNl https://t.co/pjL5vWTCh4",2021-04-13T17:40:00.000Z,1382025792155099140,es,11,1,27,1,El Mercurio,https://t.co/a8WU1ZkxqF,2013-04-02T20:29:26.000Z,Cuenta del diario El Mercurio.,TRUE,ElMercurio_cl,"Santiago, Chile"
1323223190,"Opini√≥n | ‚ÄúFin del binarismo‚Äù, por @eugeniotironi https://t.co/eyTSYBFfwn https://t.co/LUbxH7opLU",2021-03-30T15:00:01.000Z,1376912101223063556,es,0,0,1,0,El Mercurio,https://t.co/a8WU1ZkxqF,2013-04-02T20:29:26.000Z,Cuenta del diario El Mercurio.,TRUE,ElMercurio_cl,"Santiago, Chile"
1323223190,"Opini√≥n | ‚ÄúGracias, no queremos sus aplausos‚Äù, por @eugeniotironi https://t.co/nddMjm7LNl https://t.co/eZfFwbZxOo",2021-04-14T01:20:00.000Z,1382141554521903105,es,1,0,5,1,El Mercurio,https://t.co/a8WU1ZkxqF,2013-04-02T20:29:26.000Z,Cuenta del diario El Mercurio.,TRUE,ElMercurio_cl,"Santiago, Chile"
1323223190,"Opini√≥n | ‚ÄúFin del binarismo‚Äù, por @eugeniotironi https://t.co/eyTSYBWQnV https://t.co/OX3S3Q8cb0",2021-03-30T20:00:00.000Z,1376987595129806848,es,2,0,6,0,El Mercurio,https://t.co/a8WU1ZkxqF,2013-04-02T20:29:26.000Z,Cuenta del diario El Mercurio.,TRUE,ElMercurio_cl,"Santiago, Chile"
1348691955715350530,@bernardolarrain @clausanhueza @eugeniotironi @cseebach @jorgeerrazuriz @natigonzalez_b @susanajimenezs @mclarof @AldoLema_cl @rdparedes @ccifuentesh En lo absoluto. Es errado el diagnostico en la primera parte del tuit. Lo que se propone es una nueva forma de entender la participacion del Estado sin perder de vista la generacion de riqueza en primer lugar. https://t.co/TcD3oDSIlg,2021-04-11T15:20:53.000Z,1381266008862777344,es,0,0,0,0,Mal_Menor,"",2021-01-11T18:08:34.000Z,Bielsista | Amarillo üê•| Ingeniero Civil | Mag. Finanzas Corp ~ Dipl. Adm. Riesgos @fenuchile ~ Liberalismo Igualitario | #Vot√©Apruebo,FALSE,Mal_Men0r,. üÜë
1351338245905403909,"@bernardolarrain @clausanhueza @eugeniotironi @cseebach @jorgeerrazuriz @natigonzalez_b @susanajimenezs @mclarof @AldoLema_cl @rdparedes @ccifuentesh Hablar de crecimiento a secas es como hablar de los chilenos, donde un magallanico no se parece en nada a un chilote o a un rancaguino o a un iquique√±o. Nunca se han cuestionado quien crece cuando Chile crece y si buscan bien, ah√≠ est√° la causa de que gente rechace el crecimiento",2021-04-11T15:40:23.000Z,1381270916005572608,es,0,0,0,0,Roberto Hurtado,"",2021-01-19T01:18:46.000Z,"ROBERTO HURTADO
CANDIDATO CONSTITUYENTE DISTRITO 26
INDEPENDIENTE - LISTA DEL APRUEBO
Guitarrista, gestor cultural, ingeniero, emprendedor, discapacitado",FALSE,RobertoHurtado0,""
1368210121692708868,@eugeniotironi https://t.co/1p6hTKz35Q,2021-03-28T01:16:16.000Z,1375980024256430083,und,0,0,0,0,JavierZenTao,"",2021-03-06T14:41:35.000Z,Como un chungungo.....,FALSE,JavierZenTao1,""
1369045474737594372,@eugeniotironi Ya oeeeee. Un buen foco led encima,2021-03-26T01:17:43.000Z,1375255610757943296,es,0,0,0,0,El Rey del Bongo,"",2021-03-08T22:01:14.000Z,"All animals are equal, but some are more equal than others",FALSE,KingoftheBong20,"New York, USA"
138828805,@eugeniotironi Larroulet,2021-03-29T02:56:11.000Z,1376367556370563080,en,0,0,0,0,#newüß†4üá®üá±,"",2010-04-30T18:33:18.000Z,"Feliz Esposo y Padre. Social-Humanista, Chuncho y Navalino. Obrero-agricultor, BQ y a veces Dr. en Ciencias, UdeC.",FALSE,pacastrom,CHILE
138828805,@eugeniotironi Larroulet,2021-03-29T02:56:54.000Z,1376367737363177473,en,0,0,0,0,#newüß†4üá®üá±,"",2010-04-30T18:33:18.000Z,"Feliz Esposo y Padre. Social-Humanista, Chuncho y Navalino. Obrero-agricultor, BQ y a veces Dr. en Ciencias, UdeC.",FALSE,pacastrom,CHILE
156438068,"@bernardolarrain @clausanhueza @eugeniotironi @cseebach @jorgeerrazuriz @natigonzalez_b @susanajimenezs @mclarof @AldoLema_cl @rdparedes @ccifuentesh Si no se meten la mano al bolsillo, aumentan el.salario m√≠nimo a 500 Lucas y aceptan Sindicatos para negociar en buenas condiciones este Pa√≠s se va a la mierda
Basta de abusos,es hora que paguen la cuenta y distribuyan mejor la riqueza
Despu√©s no se quejuen",2021-04-11T15:07:36.000Z,1381262664458964995,es,0,0,0,0,Marcelo,"",2010-06-16T23:29:20.000Z,"",FALSE,mgonzalr,""
158419900,"@bernardolarrain @clausanhueza @eugeniotironi @cseebach @jorgeerrazuriz @natigonzalez_b @susanajimenezs @mclarof @AldoLema_cl @rdparedes @ccifuentesh El ""chorreo"" ya fue superado. Aterriza!",2021-04-12T02:42:20.000Z,1381437500053458944,es,0,0,0,0,Juan Marcelo CASTRO,"",2010-06-22T16:58:36.000Z,RT no implica adhesi√≥n tw no s√≥lo inteligencias. Me gusta aprender y cortar el pasto. Pensador cr√≠tico,FALSE,juanmcastror,Trup√°n
166597082,"Negar orden judicial ante riesgo de muerte parte de torturas y crimenes de lesa humanidad. 
 @WHAAsstSecty @washingtonpost @totonia68 @IntlCrimCourt @JMVivancoHRW @mbachelet @jairbolsonaro @eugeniotironi @JosepBorrellF @hermanntertsch @hectorschamis @MariaCorinaYA @soyfdelrincon https://t.co/leq4jEvLIA",2021-03-20T00:22:35.000Z,1373067410958352385,es,2,0,3,0,Daniela Valda,"",2010-07-14T15:08:45.000Z,Periodista. Asesora y analista en comunicaciones y RR.II. Mis tweets son a t√≠tulo personal.,FALSE,dvalda,""
1832725957,@eugeniotironi Lo que no s√© es porqu√© no sabemos?,2021-03-29T12:45:34.000Z,1376515880369152002,es,0,0,0,0,jacqueline bitran,"",2013-09-08T18:19:48.000Z,"",FALSE,jaquibitran,""
187325482,"@bernardolarrain @clausanhueza @eugeniotironi @cseebach @jorgeerrazuriz @natigonzalez_b @susanajimenezs @mclarof @AldoLema_cl @rdparedes @ccifuentesh Tu dices, por ejemplo, cuando hacemos que nuestras empresas se coludan?",2021-04-12T06:02:52.000Z,1381487965621248011,es,0,0,0,0,Serpico,"",2010-09-05T22:41:44.000Z,"",FALSE,DR_Younger,"Santiago, Chile"
196669887,@eugeniotironi Se hab√≠a ido?,2021-03-26T16:23:27.000Z,1375483545859276808,es,0,0,0,0,Sergio Espa√±a Ram√≠rez,https://t.co/M7dNx19FUY,2010-09-29T17:00:40.000Z,Las opiniones vertidas en esta cuenta no representan el pensamiento del titular de la misma.,FALSE,Sergioespana,"El Tr√°nsito, Chile "
196669887,@UlisesS03633474 @eugeniotironi Y as√≠ estamos comparando hechos igualmente horrorosos.,2021-03-16T23:08:01.000Z,1371961480229314565,es,0,1,0,0,Sergio Espa√±a Ram√≠rez,https://t.co/M7dNx19FUY,2010-09-29T17:00:40.000Z,Las opiniones vertidas en esta cuenta no representan el pensamiento del titular de la misma.,FALSE,Sergioespana,"El Tr√°nsito, Chile "
196669887,"@UlisesS03633474 @eugeniotironi Ah√≠ estamos, buscando la raz√≥n de una muerte",2021-03-16T23:24:38.000Z,1371965660700491777,es,0,1,0,0,Sergio Espa√±a Ram√≠rez,https://t.co/M7dNx19FUY,2010-09-29T17:00:40.000Z,Las opiniones vertidas en esta cuenta no representan el pensamiento del titular de la misma.,FALSE,Sergioespana,"El Tr√°nsito, Chile "
198207434,@cepchile @eugeniotironi Que buena la pregunta sobre P. Giles y tambi√©n la respuesta de E. Tironi. Esperaba la pregunta ......,2021-04-14T23:38:41.000Z,1382478448212512768,es,0,0,0,0,Tren Andino,"",2010-10-03T17:15:23.000Z,"",FALSE,trenandino,Puerto Montt
215383830,@gonzalowinter @eugeniotironi ley√≥ la columna diputado?,2021-03-30T14:45:25.000Z,1376908427918721034,es,0,0,0,0,Santiago Valenzuela,"",2010-11-13T19:52:52.000Z,Estudiante de Derecho UC | Cruzado del Alma,FALSE,svalenzuelap,""
22219266,¬°El Diario de Claudio Espinosa est√° disponible! https://t.co/wpuPRgKYev Gracias a @eugeniotironi,2021-03-17T12:47:52.000Z,1372167801444691973,es,0,0,0,0,Claudio Espinosa,https://t.co/XSTCPktkzl,2009-02-28T02:20:24.000Z,"si por ac√°... al fin del mundo, pero hacia el norte, mirando al Pac√≠fico y me cuida mi espalda los Andes.",FALSE,claudioespinosa,"√úT: -20.546625,-70.177907"
225260288,"@carola_cuevasm @eugeniotironi Tironi se apituto en todos los gobiernos de la concertaci√≥n como asesor y en que asesor√≥ que llegamos a un estallido delictual, cual fue su aporte como soci√≥logo ? Cero y sigue d√°ndoselas de intelectual",2021-03-21T13:34:15.000Z,1373629028008087559,es,0,0,0,0,Caro cancino,"",2010-12-11T03:54:01.000Z,"",FALSE,carito_cancino,chile
225260288,@ElMercurio_cl @eugeniotironi Entonces ud no supo del periodo de la esclavitud y Monarquias . Si la vida de hoy tiene pautas me puede decir como es una vida moderna sin ellas ?,2021-03-21T13:31:50.000Z,1373628419670470662,es,0,0,0,0,Caro cancino,"",2010-12-11T03:54:01.000Z,"",FALSE,carito_cancino,chile
228963715,@cseebach @eligeeducar @JoaquinWalker @veronicacabezas @claro @tomasrecartb @Ignacio_Irarraz @JPobletea @JoseWeinstein @humbertosichel @robertomendez @eugeniotironi lastima que no se vea reflejado en los sueldos ese reconocimiento,2021-04-01T02:46:44.000Z,1377452342090551296,es,0,0,2,0,cecilia lago,"",2010-12-21T04:45:07.000Z,argentina / mil a√±os en chile. profe- estudiante de Psicolog√≠a-mam√°-esposa-amiga-artista-donante-so√±adora-optimista por decisi√≥n,FALSE,lagocecilia,""
2435807251,@cseebach @tomasrecartb @eligeeducar @JoaquinWalker @veronicacabezas @claro @Ignacio_Irarraz @JPobletea @JoseWeinstein @humbertosichel @robertomendez @eugeniotironi Fant√°stico que se valore!! Pero en los sueldos??! Ufff faltan a√±os luz!,2021-04-01T11:51:33.000Z,1377589448972632066,es,0,0,2,1,Anto Podest√†,"",2014-04-09T17:25:45.000Z,"",FALSE,PodestSilvana,"La Serena, Chile‚ù§"
2436141037,"@fdoucuc @RuizFernandezDJ @eugeniotironi El 80% de la gente que anda https://t.co/oPFozHus3r calle es por trabajo, formal o informal. La situacion socioeconomica es critica para la mayoria de las familias chilenas. El comercio ambulante esta llegando a dimensiones que no se veian desde los a√±os '80s. Es la necesidad!",2021-04-08T12:15:13.000Z,1380132118043447297,es,0,0,0,0,Urbano Sensible,"",2014-04-09T22:42:02.000Z,Gu√≠a de turismo en ingl√©s y franc√©s Santiago de Chile,FALSE,MarceloOmerReco,Recoleta
2661299635,"@radiobeethoven @eugeniotironi Chuta, parece que me voy a cambiar de dial. Mas que sociologo ese tipo es un lobbista",2021-04-19T19:07:29.000Z,1384222137263689728,es,0,0,1,0,cristian mart√≠nez ar,"",2014-07-20T01:55:55.000Z,"Cientista pol√≠tico, escritor, ciudadano de IZQUIERDA, columnista, activista por una Nueva Constituci√≥n. Autor de la novela ""1977, Chacarillas on My MInd""",FALSE,crstmart,""
268861112,@eugeniotironi Homero S,2021-03-29T20:44:30.000Z,1376636405259059205,es,0,0,0,0,Polanco,"",2011-03-19T16:27:28.000Z,La verdad filos√≥fica no necesita de la mentira pol√≠tica...,FALSE,serperoj,Chile
2706827687,"@RuizFernandezDJ @eugeniotironi Totalmente de acuerdo, esto es un mal end√©mico de la sociedad Chilena, el winner el hacer la trampa en cualquier cosa es adulado y debiera ser repudiado",2021-04-06T18:14:54.000Z,1379497861180702720,es,0,1,1,0,fernando,"",2014-07-13T11:40:30.000Z,"Amante de la familia, Cruzado y parrillero",FALSE,fdoucuc,""
2796388047,@eugeniotironi Buena columna!!!,2021-03-30T18:20:48.000Z,1376962631362347009,es,0,0,0,0,Pura Ortiz Borda,"",2014-09-30T21:19:59.000Z,PUC Sociolog√≠a y Magister Critica Literaria liberal de centro,FALSE,OrtizbPura,"Las Condes, Chile"
296412549,"@bernardolarrain @clausanhueza @eugeniotironi @cseebach @jorgeerrazuriz @natigonzalez_b @susanajimenezs @mclarof @AldoLema_cl @rdparedes @ccifuentesh Interesante reflexi√≥n. Cuando se maltrata un proveedor Pyme, maltratas a sus familias, a la sociedad. Regatear cada centavo, pagar sobre 30 d√≠as, no exigir formalidad. Cuando no resguardas la eficiencia en el gasto p√∫blico tambi√©n agredes a los ciudadanos. Transparencia es clave.",2021-04-11T16:50:51.000Z,1381288649778737156,es,0,0,0,0,Yair Daniel Pe√±a,"",2011-05-10T18:25:20.000Z,Esp√≠ritu Emprendedor üåé‚úàÔ∏è‚ôüüéØ,FALSE,ypgnio,""
321049962,"@eugeniotironi Y de pasada ministra de transportes, educaci√≥n y cultura",2021-03-30T00:58:20.000Z,1376700284970360836,es,0,0,0,0,Alfonso Angulo,"",2011-06-20T23:17:18.000Z,"Aqu√≠ soy m√°s garabatero que la xuxa, y qu√© wea!",FALSE,Alfonsoangulos,Santiago
328281205,"@paulafontaine @andreavial @eugeniotironi Ma√±alich dijo que era una gripesita. Pi√±era que ya no √≠bamos a se Italia, justo antes de que fueramos Italia. Cuando el contagio se escapaba claramente de las manos Ma√±alich dec√≠a que era una meseta con altibajos...en cada momento importante dec√≠an una cosa y pasaba otra.",2021-04-15T04:10:16.000Z,1382546792869400579,es,0,0,0,0,Mauricio,"",2011-07-03T02:36:42.000Z,"Asesor de inversiones. Autodidacta disperso. Sexo, Basket y Rock&Roll. Fot√≥grafo (muy) amateur. Idiomas mil. En twitter opino sobre pol√≠tica.",FALSE,GestazionCL,"La serena, Chile"
3302429368,"Galer√≠a fotos memorables educaci√≥n. Julian Germain (UK) y sus ""Retratos del aula""...
@eugeniotironi @arivas7 @drodriguezmo @TeresaBrachoG @Carolina_Toha @totonia68 @MDYoungLEAD @pcayuqueo @IsabelBehncke @Ignacio_Irarraz @i21CQ @andreainsunza @claudiapeirano @apalet @DavidDPreiss https://t.co/7DdPn8WSvq",2021-04-10T13:22:18.000Z,1380873775399505924,es,0,1,4,0,jose weinstein,https://t.co/qDdMVLeKws,2015-05-29T02:23:29.000Z,apasionado por la educaci√≥n y por  Chile,FALSE,JoseWeinstein,"√ëu√±oa, Chile"
3302429368,"Galer√≠a fotos memorables educaci√≥n. Mayo 68, movimiento estudiantil y la universidad de La Sorbona.
@AlbertoMayol @Mayo68Derecho @LaSorbonneFI @LaSorbonneJuppe @MaitedeCea @PatoFdez @patvazher @javiparada @apalet @eugeniotironi @egarci25cas @Helengunter10 @AlmaHarris1 https://t.co/M5htHB4jr4",2021-03-20T13:27:22.000Z,1373264908398256131,es,5,0,15,2,jose weinstein,https://t.co/qDdMVLeKws,2015-05-29T02:23:29.000Z,apasionado por la educaci√≥n y por  Chile,FALSE,JoseWeinstein,"√ëu√±oa, Chile"
338146309,@cseebach @eligeeducar @JoaquinWalker @veronicacabezas @claro @tomasrecartb @Ignacio_Irarraz @JPobletea @JoseWeinstein @humbertosichel @robertomendez @eugeniotironi Y por qu√© yo como profesora no lo siento as√≠? Y no solo yo!!,2021-04-02T01:26:50.000Z,1377794622496333833,es,0,0,1,0,Francisca Vel√°squez,"",2011-07-19T04:21:12.000Z,"",FALSE,franvelasquez68,""
349904747,"@eugeniotironi Cristi√°n Barra, el Renacentista.",2021-03-29T03:07:54.000Z,1376370504660094977,es,0,0,0,0,Diego Gonz√°lez C.,"",2011-08-06T22:09:49.000Z,"",FALSE,Anticuello,"La Serena, Chile"
358071824,"El factor ciudadano y el desmoronamiento del capital social criollo, en una punzante y certera columna de @eugeniotironi. https://t.co/KDekc75fO3",2021-04-13T15:04:19.000Z,1381986614008803340,es,1,0,2,0,R. Rodr√≠guez Or√≥stica,"",2011-08-19T10:04:19.000Z,Soci√≥logo @facsouchile | Mag√≠ster  Comunicaci√≥n Pol√≠tica @ICEIUchile |  Formado con rigor en @uchile. #Uchile178 | I ‚ù§Ô∏è #Apruebo,FALSE,_ObreroCs,SCL
360413861,"@bernardolarrain @clausanhueza @eugeniotironi @cseebach @jorgeerrazuriz @natigonzalez_b @susanajimenezs @mclarof @AldoLema_cl @rdparedes @ccifuentesh Estadista con inmenso apoyo, reci√©n reelecta, @jacintaardern, NZ, hace a√±os impuls√≥ medir el bienestar, con m√°s importancia que el crecimiento.

Adem√°s, con su liderazgo aplast√≥ la curva del #covid19",2021-04-12T04:52:34.000Z,1381470276282683394,es,0,0,0,0,Alfonso Contreras,https://t.co/jXUystryXT,2011-08-23T05:05:34.000Z,"Emprendedor, participante en Comunidad @TuringoStudio. Practicante de Aikido, tenis, navegaci√≥n. Foto principal: en Laser, pasando la boya de bv en Mejillones.",FALSE,alfcontreraso,"Las Condes, Santiago, Chile "
360846356,"@rafaelgumucioa @eugeniotironi @gabrielboric Muchas ideas que propone son inviables, destinadas a ‚Äúnivelar para abajo‚Äù destruyendo la econom√≠a. No creo le vaya bien centrando su debate ah√≠",2021-03-22T16:02:57.000Z,1374028835465916420,es,0,0,0,0,Gerardo,"",2011-08-23T21:18:00.000Z,"",FALSE,gerad_1994,""
366436620,"@radiobeethoven @eugeniotironi Yo tb estoy en el club de amigos y con mensajes como este, me est√°n pidiendo a gritos que lo cancele.",2021-04-19T19:02:42.000Z,1384220933611655174,es,0,0,2,0,Pablo Ariza,https://t.co/aHRi5QDSy7,2011-09-02T05:14:55.000Z,dinkin flicka,FALSE,ariza_pablo,""
366765675,@rafaelgumucioa @eugeniotironi @gabrielboric Ya est√°s vinagre gumucio...apestas,2021-03-22T16:05:00.000Z,1374029352929726469,es,0,0,1,0,Acephalo,"",2011-09-02T19:44:13.000Z,"",FALSE,lanauseaa,"Santiago, Chile"
379720960,"@Pauta_cl @eugeniotironi @cristianwarnken Le tiraste la culpa a la gente Tironi, es que la gente, es tan mala la gente. Tan irresponsable y tramposa. Y las autoridades c√≥mo son? Qu√© verg√ºenza que pongas en las personas la culpa, siendo todos v√≠ctimas de esta dictadura sanitaria #Tironi",2021-04-18T00:51:47.000Z,1383584005136687105,es,0,0,0,0,Romina Az√≥car,"",2011-09-25T13:01:37.000Z,Es solo Twitter,FALSE,Romiazocar,Chile
393091146,@cseebach @eligeeducar @JoaquinWalker @veronicacabezas @claro @tomasrecartb @Ignacio_Irarraz @JPobletea @JoseWeinstein @humbertosichel @robertomendez @eugeniotironi Excelente! La base de desarrollo de una naci√≥n es la educaci√≥n.,2021-04-01T12:08:11.000Z,1377593635374522374,es,0,0,1,0,Alejandro Zamorano,"",2011-10-18T00:50:11.000Z,"",FALSE,Alejandrozg66,"Santiago, Chile"
39573987,"@cseebach @eligeeducar @JoaquinWalker @veronicacabezas @claro @tomasrecartb @Ignacio_Irarraz @JPobletea @JoseWeinstein @humbertosichel @robertomendez @eugeniotironi Invito a ver el reportaje: ""Ni Muy Online ni uy presencial"" https://t.co/DGhenvQdXZ",2021-04-01T11:10:28.000Z,1377579107626668041,es,0,0,0,0,Patricio Astorga Veloso,https://t.co/X0SXCHIAFp,2009-05-12T19:27:45.000Z,"Humano, Pap√°, Profesor, Re-criado en la Patagoni@ + TI Inform√°tica Educativa + Gobierno Electr√≥nico + Innovaci√≥n + Yoga + Tarot + CHILE. Creciendo con @colegium",FALSE,pastorga,Santiago de Chile
39621574,"‚ÄúTransferir la culpa a poderes abstractos y omnipotentes puede transformarse en un atajo para evadir nuestras propias responsabilidades. Somos adultos, y como tales no necesitamos una autoridad que nos persiga para hacer lo que tenemos que hacer (...)‚Äù. Muy cierto @eugeniotironi https://t.co/DNZdtFSRxK",2021-04-13T14:54:56.000Z,1381984251567030273,es,0,0,1,0,Francisca O‚ÄôRyan Kantor,"",2009-05-12T23:03:53.000Z,Periodista,FALSE,franoryan,"Santiago, Chile"
40856606,"@bernardolarrain @clausanhueza @eugeniotironi @cseebach @jorgeerrazuriz @natigonzalez_b @susanajimenezs @mclarof @AldoLema_cl @rdparedes @ccifuentesh Paga el FUT, ladr√≥n! ya nadie les cree. Se han robado Chile!",2021-04-13T01:19:25.000Z,1381779022477164550,es,0,0,1,0,Francisco Ormaz√°bal,"",2009-05-18T11:36:45.000Z,"Cristiano, obrero en SU obra! y quiero pasar a Aprendiz, para eso estudio.",FALSE,FranOrmazabal,Santiago
412490682,@radiobeethoven @eugeniotironi No he leido nada de √©l!,2021-04-19T19:19:39.000Z,1384225199638204421,es,0,0,0,0,Alejandra Aguilar,https://t.co/NQBBsI9fI0,2011-11-14T19:16:02.000Z,"Iam Information Scientist I research about globalization , ""information society""  and situation about  indigenous in the world.",FALSE,Aleunb,Santiago
43151978,"@durquiola @Sergioespana @eugeniotironi El sicario que mata sin robar nada a la v√≠ctima es un delincuente porque el homicidio es siempre un delito. No importa la motivaci√≥n
El homicida que por la v√≠a del asesinato persigue el amedrentamiento pol√≠tico se mueve aceleradamente en la direcci√≥n de un delito terrorista.",2021-03-17T10:05:20.000Z,1372126898206171141,es,0,0,1,0,Rodrigo Cordova,https://t.co/7U5VOwOkN8,2009-05-28T17:18:58.000Z,"Abogado amante del mundo financiero, el tenis y la literatura. Opin√≥logo de actualidad amateur buscando aportar su grano a la construcci√≥n de un mundo m√°s justo",FALSE,rodctenis,"Montr√©al, Qu√©bec"
45163673,Bien @eugeniotironi . Es importante hacer ver la real complejidad del control social de la pandemia. https://t.co/nvggWoWXqk,2021-04-06T15:49:29.000Z,1379461265957994497,es,13,2,58,0,MarceloRuizFernandez,https://t.co/3KjDpJXyp1,2009-06-06T16:41:45.000Z,Arquitecto PUC-V y Master D.A.P.I Universidad de Chile. Me dedico a la Planificaci√≥n Urbana.,FALSE,RuizFernandezDJ,Gran Valparaiso
457918507,"@Pauta_cl @cristianwarnken @eugeniotironi ""Podr√° acumular una tremenda riqueza, pero hay miseria en su coraz√≥n"": #variantepi√±era",2021-04-16T00:16:29.000Z,1382850348117807104,es,0,0,0,0,So√±ador Solitario,"",2012-01-07T23:55:53.000Z,"La vida es un Eco, lo que envias regresa, lo que siembras cosechas, lo que das obtienes, Recuerda la vida es un eco y siempre regresar√° a ti.",FALSE,jaime_mella,"Washington, USA"
457918507,"@Pauta_cl @cristianwarnken @eugeniotironi Gracias, me decepciona su postura.",2021-04-16T00:14:48.000Z,1382849924648292357,es,0,0,0,0,So√±ador Solitario,"",2012-01-07T23:55:53.000Z,"La vida es un Eco, lo que envias regresa, lo que siembras cosechas, lo que das obtienes, Recuerda la vida es un eco y siempre regresar√° a ti.",FALSE,jaime_mella,"Washington, USA"
51643079,@eugeniotironi Es  enfermizo!,2021-03-29T03:04:50.000Z,1376369731050082304,es,0,0,0,0,Ulises Araya R.,"",2009-06-28T03:50:05.000Z,Ingeniero Comercial / Master es Gesti√≥n de Negocios / Runners por afici√≥n / Colocolino de coraz√≥n. Tengo una mascota que llama se Sirius Black üêà,FALSE,Uarayar,Santiago
520728439,"@bernardolarrain @clausanhueza @eugeniotironi @cseebach @jorgeerrazuriz @natigonzalez_b @susanajimenezs @mclarof @AldoLema_cl @rdparedes @ccifuentesh Bernardo, el hecho emp√≠rico que las 6 personas m√°s ricas de Chile hayan incrementado su patrimonio en 70% y haya 2 millones de la clase media chilena en la precariedad a ra√≠z de la pandemia, revela el tal√≥n de Aquiles, un chorreo hacia arriba.",2021-04-11T17:37:02.000Z,1381300269099712516,es,0,0,1,0,Flavio Rojas,"",2012-03-10T20:55:18.000Z,"",FALSE,FlavioRojas2,"Chapel Hill, North Carolina"
54008247,@eugeniotironi Tal cual.,2021-04-15T02:52:41.000Z,1382527268455649283,es,0,0,0,0,paula fontaine,https://t.co/OITHpeocC0,2009-07-05T21:13:40.000Z,#APRUEBO Y #CC periodista editora creadora de editorial libros para ni√±os ULLABOOKS. Foto 8M 2020.,FALSE,paulafontaine,chile
54008247,"@andreavial El problema es mucho m√°s de fondo: cero capacidad del gobierno para comunicar el riesgo, medidas err√°ticas y un exitismo exarcebado produjeron nula credibilidad a todo lo que nos llamen. Se equivoca @eugeniotironi:
No es responsabilidad individual, sino del Estado.",2021-04-15T02:16:39.000Z,1382518199493754881,es,1,1,1,1,paula fontaine,https://t.co/OITHpeocC0,2009-07-05T21:13:40.000Z,#APRUEBO Y #CC periodista editora creadora de editorial libros para ni√±os ULLABOOKS. Foto 8M 2020.,FALSE,paulafontaine,chile
55073049,"@eugeniotironi Est√° hablando de la nominaci√≥n del presidente de curso de 6o b√°sico o es solo rebeld√≠a de la de 17 de septiembre de 1787, que si no me equivoco en los c√°lculos tiene 234 a√±os. Ya paremos de inventar la rueda, con el FA y RD se demostr√≥ que ese tipo de ‚Äúideas‚Äù nos llevan a la mda",2021-03-17T22:52:06.000Z,1372319861238599681,es,0,0,0,0,Gonzalo Ramirez,"",2009-07-08T23:47:04.000Z,Chileno radicado en Brasil,FALSE,GrBarros1,""
57788529,"Muy de acuerdo con la columna de @eugeniotironi del d√≠a de hoy.
Tal vez sea ingenuo esperar en Chile algo distinto.
Pero sigue siendo un imperativo reclamar contra la trampa. https://t.co/UQ5YcHGfPd",2021-04-13T13:11:29.000Z,1381958219128565760,es,1,0,3,0,Roberto  Rabi,https://t.co/ojYy4zflY1,2009-07-17T23:21:10.000Z,"Abogado #UdeChile Magister en Derecho Constitucional. Autor de #DemasiadoFr√°giles, #Malparidos, #Santiaguinos y #TodalaHistoriadelaU",FALSE,RABIGONZ,Santiago
62566948,"@Granuja17 @revistapasando @Juventud_PPD @MarianaPerryF @red_seca @citizenalmeida @cafe_c_historia @revista_trama @eugeniotironi @claudiorar @CIDOC_UFT Hubo muchos cambios, pero no todos los necesarios ni siempre a tiempo. No eran tiempos faciles",2021-03-19T22:25:13.000Z,1373037871884603394,es,0,0,0,0,Vieragallo,"",2009-08-03T17:21:26.000Z,"",FALSE,VieragalloQ,""
63829941,"@eugeniotironi fue tajante al criticar el comportamiento de la gente.

https://t.co/b69TgLZk8R",2021-04-05T14:33:36.000Z,1379079780130287619,es,0,0,0,0,Radio Infinita,https://t.co/RJ1ctPjjoy,2009-08-07T21:23:32.000Z,üéô #PalabrasConPoder | üìª 100.1 FM en Santiago | S√≠guenos en Facebook (https://t.co/nqYoCFIYd9) e Instagram (https://t.co/5nX5NS3m75),FALSE,InfinitaFM,"√ëu√±oa, Chile"
63829941,"#Entrevista | En #QuienLoDir√≠a @jumastorga y @conystipicic conversan con el soci√≥logo @eugeniotironi, para analizar las consecuencias que podr√≠a traer postergar las elecciones.

¬°En vivo por https://t.co/r7wN21hs5h y la 100.1 FM! https://t.co/sfEluXsVCc",2021-04-05T12:15:13.000Z,1379044955277172737,es,0,0,1,0,Radio Infinita,https://t.co/RJ1ctPjjoy,2009-08-07T21:23:32.000Z,üéô #PalabrasConPoder | üìª 100.1 FM en Santiago | S√≠guenos en Facebook (https://t.co/nqYoCFIYd9) e Instagram (https://t.co/5nX5NS3m75),FALSE,InfinitaFM,"√ëu√±oa, Chile"
66125108,@bernardolarrain @clausanhueza @eugeniotironi @cseebach @jorgeerrazuriz @natigonzalez_b @susanajimenezs @mclarof @AldoLema_cl @rdparedes @ccifuentesh En un planeta finito el crecimiento es un concepto vac√≠o. Nada puede crecer hasta el infinito sin colapsar la base de sustento. Los pa√≠ses necesitan desarrollarse.....como los seres humanos. Sldos,2021-04-11T14:57:02.000Z,1381260005492596738,es,0,0,0,0,Pablo Dodds,"",2009-08-16T14:43:01.000Z,Ingeniero Forestal. U de Chile. Silvicultura en Zonas √Åridas,FALSE,pablododds,"La Serena, Chile"
719700745684140032,@eugeniotironi Excelente  mirada de la realidad Columna  que compartiremos en redes.  Voto  obligatorio https://t.co/xTBGc7vlMx,2021-03-30T14:44:02.000Z,1376908079573385219,es,0,0,0,1,Marcos Ceresuela,"",2016-04-12T01:36:44.000Z,Curicano con opini√≥n y propuesta.,FALSE,MarcoCeresuela,""
74005916,@dmansuyhuerta @eugeniotironi @pgando Esto es en serio?,2021-03-21T03:03:01.000Z,1373470170639908866,es,0,0,0,0,Marco Antonio I,"",2009-09-13T23:54:56.000Z,Disidente por naturaleza. Partisano.,FALSE,marcosinlaese,Planeta Tierra
764238193,@bernardolarrain @clausanhueza @eugeniotironi @cseebach @jorgeerrazuriz @natigonzalez_b @susanajimenezs @mclarof @AldoLema_cl @rdparedes @ccifuentesh https://t.co/d5sVeJ2M5j,2021-04-12T03:03:03.000Z,1381442712537341957,und,0,0,0,0,hector mendi,"",2012-08-17T18:44:53.000Z,"",FALSE,hectormendi,""
764238193,"@bernardolarrain @clausanhueza @eugeniotironi @cseebach @jorgeerrazuriz @natigonzalez_b @susanajimenezs @mclarof @AldoLema_cl @rdparedes @ccifuentesh Pero si el ""modelo"" no se ha tocado en muchisimo a√±os.

¬ø Por qu√© ahora quieres desligarlo de su responsabilidad ?

Pretender recordar por los dem√°s es demasiado.",2021-04-12T01:20:25.000Z,1381416882922733568,es,0,1,0,0,hector mendi,"",2012-08-17T18:44:53.000Z,"",FALSE,hectormendi,""
7801952,"@bernardolarrain @clausanhueza @eugeniotironi @cseebach @jorgeerrazuriz @natigonzalez_b @susanajimenezs @mclarof @AldoLema_cl @rdparedes @ccifuentesh Publiquen diariamente la proyecci√≥n del costo en pago de intereses por alza de la deuda p√∫blica.

üëá https://t.co/cXfdgAKtQh",2021-04-11T16:40:42.000Z,1381286094038298624,es,0,0,0,0,Humberto Lobos Sucarrat,https://t.co/fTcaNvxX6V,2007-07-29T14:14:18.000Z,"Service, Systems & Technology.",FALSE,hloboss,"Santiago, Chile"
81507759,@radiobeethoven @eugeniotironi Mala publicidad... definitivamente ü•¥,2021-04-19T19:02:20.000Z,1384220839810199559,es,0,0,3,0,~Carolinavitral,"",2009-10-11T03:37:26.000Z,Taller de Vitrales y Collage ‚ô¶Ô∏è Eleg√≠ Valpara√≠so para vivir!,FALSE,Carolinavitral,Valpara√≠so - Chile
840374522,"@eugeniotironi Con cueva  dos o tres personas te leen en espa√±ol, y te pones a enviar mensajes  en ingl√©s, aweona'o!!üòÇ",2021-03-26T12:57:51.000Z,1375431804119826437,es,0,0,0,0,H√©ctor Gonz√°lez Escobar,"",2012-09-22T20:10:56.000Z,"",FALSE,hectorg64975744,""
87464395,@ElMercurio_cl @eugeniotironi S√≥lo para suscriptores,2021-04-13T22:14:59.000Z,1382094994278866944,es,0,0,0,0,Daniel Tapia,"",2009-11-04T15:38:19.000Z,DTS table,FALSE,dani_eltapia,Santiago de Chile
90780175,"@RadioDuna @eugeniotironi @ElisaWalkerE No gracias, no voto por dinast√≠as.",2021-04-09T03:16:07.000Z,1380358840101797895,es,0,0,0,0,Alejandro Alartiz,"",2009-11-18T02:24:01.000Z,Periodista.  Writer on the Storm. So√±ador despierto. Manejo del ingl√©s y el sarcasmo.,FALSE,Alartiz,Chile
91330052,@Sergioespana @eugeniotironi Es un acto terrorists,2021-03-16T23:16:30.000Z,1371963614421250051,ca,0,0,0,0,Alvaro Gonzalez,"",2009-11-20T12:30:09.000Z,"",FALSE,Aegonzalezr,Chile
91928205,@eugeniotironi ¬øBuscas nueva clientela?,2021-03-29T02:54:00.000Z,1376367006778339329,es,0,0,3,0,Hilgo Larton,"",2009-11-23T03:33:04.000Z,Separando la paja del grano,FALSE,hilgolarton,""
940933520855392257,"üçÇ Hoy #DesdeElJard√≠n ‚Üí https://t.co/XLPO2L9DfH

Cristi√°n Warnken (@cristianwarnken) conversa con el soci√≥logo @eugeniotironi para analizar la actualidad nacional. https://t.co/fXvp53SVSZ",2021-04-16T00:00:01.000Z,1382846204342587392,es,3,3,5,0,Pauta,https://t.co/xY2RgjTWyu,2017-12-13T13:16:47.000Z,"üìª Radio FM | üì° Streaming | üíª Diario digital

‚Ä¢ Santiago [100.5]
‚Ä¢ Antofagasta [99.1]
‚Ä¢ Valpara√≠so y Temuco [96.7]",FALSE,Pauta_cl,"Providencia, Chile"
94884575,@eugeniotironi Andr√©s Chadwick......,2021-03-29T02:57:38.000Z,1376367918825476096,es,0,0,0,0,Hern√°n Medina,"",2009-12-05T22:49:20.000Z,"",FALSE,hermev,"Santiago , Chile"
971773275545186304,@eugeniotironi Mejor pregunta quien es el real ministro de salud...,2021-03-29T12:39:28.000Z,1376514342192054286,es,0,0,0,0,JoePino de todo,"",2018-03-08T15:42:58.000Z,Periodista que no ejerce hace rato. Ciudadana y republicana. No me gusta que nos (me) vean la cara. No + violencia.,FALSE,Conti27abril,"Santiago, Chile"
