author_id,created_at.x,id,lang,text,public_metrics.retweet_count,public_metrics.reply_count,public_metrics.like_count,public_metrics.quote_count,created_at.y,username,location,verified,name,url,description
1052262199274758144,2021-04-20T21:33:48.000Z,1384621346366316545,es,@flakasintomatik @alvarez_monse Si necesita algo habl√© que aunque sea poco le transfiero,0,0,0,0,2018-10-16T18:17:13.000Z,Ignacio38955879,"",FALSE,nach.sar,"",No pesco weones
105890081,2021-04-20T23:39:17.000Z,1384652926187102211,und,@tv_monica @alejandramatus @edodelaiglesia @DMatamala @verfranco @yasnalewin @alvarez_monse https://t.co/Pp1XYFrW6l,0,0,0,0,2010-01-17T20:58:01.000Z,Ana_Leon_,"",FALSE,ita,"","Verdad, sencillez, franqueza. Creo en la diversidad e inclusi√≥n. Me carga la injusticia! a la mala onda bloqueo. No discuto con bots."
1064281023695986689,2021-04-20T23:38:38.000Z,1384652760390553601,es,@sebastianpinera ACUDIO AL TC. EL PUEBLO DEBE ACUDIR A SU CASA @ContigoCHV @alvarez_monse @Camara_cl @Senado_Chile @PamJiles @adnradiochile @DiputadosDC @DiputadosRN @PSChile @PJudicialChile @PPD_Chile @bancadaPSchile @Diputados_PC @matiaswalkerp @primeralineare1 @marcoporchile https://t.co/zxYOYorAkS,1,0,1,0,2018-11-18T22:15:44.000Z,pabloiznikcom1,"Las Condes, Chile",FALSE,RUMI,"",START THE DAY WITH LOVE
1064281023695986689,2021-04-20T23:30:07.000Z,1384650617361244161,es,@pizarrosenador COMO PUEDE SER QUE @sebastianpinera PRESIDENTE QUE SE ENRIQUECIO ILICITAMENTE AHORA NOS QUIERA DEJAR A TODOS LOS CHILENOS EN LA MISERIA ACUDIENDO AL TC?? @PamJiles @ContigoCHV @alvarez_monse @ivanmoreirab @marcoporchile @Senado_Chile @Camara_cl @DiputadosDC,0,0,0,0,2018-11-18T22:15:44.000Z,pabloiznikcom1,"Las Condes, Chile",FALSE,RUMI,"",START THE DAY WITH LOVE
1064281023695986689,2021-04-20T23:08:05.000Z,1384645073594429441,es,@MarceTyS @FrenteRebeldes SI @sebastianpinera ACUDE AL TC EL PUEBLO DEBE ACUDIR A SU CASA @ContigoCHV @alvarez_monse @Camara_cl @Senado_Chile @PamJiles @adnradiochile @DiputadosDC @DiputadosRN @PSChile @PJudicialChile @PPD_Chile @bancadaPSchile @Diputados_PC @matiaswalkerp @primeralineare1 @marcoporchile,1,0,2,0,2018-11-18T22:15:44.000Z,pabloiznikcom1,"Las Condes, Chile",FALSE,RUMI,"",START THE DAY WITH LOVE
1137831883574796291,2021-04-20T19:42:31.000Z,1384593340503629827,es,"@flakasintomatik @alvarez_monse Pa√≠s reculiao la desigualdad es espeluznante, debe venir el cambio r√°pido, una revoluci√≥n total",0,0,1,0,2019-06-09T21:20:35.000Z,insurrecto_Rojo,plaza de la dignidad ,FALSE,Galeano,"","nac√≠ con discernimiento y el pu√±o en alto, el poder debe volver al Pueblo!"
1146954299206803456,2021-04-21T00:37:46.000Z,1384667642078896132,es,"@sebastianpinera @JoaquinLavin @KarlaEnAccion @alvarez_monse @MatinaldeCHV Pi√±era y la ctm ,ladr√≥n de mierda, no te es verg√ºenza?? Weon yo me como un chilcensin pagar y se me cae la Cara de verg√ºenza,y tu? Ladr√≥n de mierda..suelta nuestra plata y deja el gobierno no calificas",0,0,0,0,2019-07-05T01:29:49.000Z,YvonneMoraga,"",FALSE,Yvonne Moraga,"",""
1150997769970159617,2021-04-21T00:48:38.000Z,1384670376538656768,es,Ojo ac√° @GonzaloMontoyaR @tv_monica @alvarez_monse @ContigoCHV @ContraloritoCGR @DMatamala @siliconvalle @alejandramatus @jananeme @danielstingo @rafa_cavada @RafaelHarvey3 https://t.co/bhgBVrN9DP,0,2,1,0,2019-07-16T05:17:07.000Z,migueespinoza_s,"La Florida, Chile",FALSE,Miguel Espinoza Silva,"",Cientista Pol√≠tico y Mag√≠ster (c) en Estudios Internacionales. A veces me da por escribir columnas sobre pol√≠tica internacional en @Cooperativa y @elmostrador
117975764,2021-04-21T01:52:04.000Z,1384686342634971136,und,@soychilecl #ContigoCHV @alvarez_monse,0,0,0,0,2010-02-27T06:09:02.000Z,Klasdiio,Iquique - Chile,FALSE,Clau,https://t.co/9v4YScJmNo,Odio la hora del silencio
1185565489134800901,2021-04-20T19:49:49.000Z,1384595178514694148,es,"@flakasintomatik @alvarez_monse POL√çTICOS QUE HAN SEMBRADO la miseria y hoy humillaci√≥n  son SERVIDORES PUBLICOS.Nooo.

SE SIRVEN DE LO PUBLICO, osea del ESTADO DE CHILE. 
SON PRIVILEGIADOS y hacen como que No lo son, M√âRITOS?? Aparte ser de un Partido [ hoy bien despreciable], NINGUNO.",0,0,0,0,2019-10-19T14:37:13.000Z,char1234ch,"",FALSE,cHarli,"",Tranquilidad
1189150539176665089,2021-04-20T18:57:56.000Z,1384582120690098176,es,@Cgarrido31 @flakasintomatik @alvarez_monse Te apoyo VALE CALLAMPA üò°üò°ü§¨ü§¨,0,0,0,0,2019-10-29T12:02:56.000Z,ClaudiaAbraham1,Santiago,FALSE,Claudia_Abraham,"","Rota,patipelada, resentida,enojona, pes√°, peleadora üôç   (soy un orco), alien√≠gena üòÇüòÇüòÇ. QUIERO TODO TODO TODOOOO MI DINERO DE LA AFP!!!"
119378646,2021-04-20T19:45:52.000Z,1384594185370624002,und,#JulioCesarrodriguez @ContigoCHV @alvarez_monse https://t.co/dT57rfnpJa,1,0,0,0,2010-03-03T13:24:13.000Z,leticiagonzalez,"",FALSE,LETICIA GONZALEZ C.,"",""
1194047045608394757,2021-04-20T20:23:52.000Z,1384603747402215424,und,"@defensorianinez
@Mineduc
@alvarez_monse
@ContigoCHV

@HolaChileLaRed
https://t.co/VDZBDjiu0C",0,0,0,0,2019-11-12T00:22:10.000Z,Jennife69901018,Agua de totora üè°,FALSE,Jennifer,"",mis amores üë™üíû
1194456035274174465,2021-04-20T19:37:49.000Z,1384592155637866502,es,@flakasintomatik @LorenaDiazParra @alvarez_monse Mande su CTA rut,0,1,0,0,2019-11-13T03:29:50.000Z,Alejand13570135,"",FALSE,SoyFeoPeroGuenoGueno!! (no rico),"","Salvador Allende, el mejor! Justicia y reparaci√≥n para los desaparecidos y asesinados por los bastardos sin Gloria de las 4 ramas..."
119787164,2021-04-20T19:19:16.000Z,1384587488967147520,es,@carlalueyza @flakasintomatik @alvarez_monse Chile atiende muuuy mal..,0,0,0,0,2010-03-04T17:01:56.000Z,orocopay46,chile,FALSE,orocopay,"","Yanapasi√±a
(ayudarse mutuamente en aymara )"
120307339,2021-04-20T22:35:18.000Z,1384636824317014016,es,"@flakasintomatik @alvarez_monse Pobre hombre, fuerza. Que use bien la mascarilla tambi√©n, para que se cuide mejor.",0,0,0,0,2010-03-06T02:21:30.000Z,mveneliza,Stgo Chile,FALSE,chaino,"",Ô£ø
121865980,2021-04-21T02:09:56.000Z,1384690835015577602,und,@alvarez_monse @ContigoCHV @chilevision @KarolCariola @PamJiles https://t.co/9IznQy9XLb,0,0,0,0,2010-03-10T21:18:58.000Z,nachovigorena,"Puente Alto, Chile",FALSE,nacho vigorena,https://t.co/kBD3CCefQ5,""
121865980,2021-04-21T01:22:30.000Z,1384678900941348864,es,Gobierno nefasto @sebastianpinera @CorteIDH @hrw_espanol @PamJiles @KarolCariola @alvarez_monse @ONUChile @danieljadue @LaRedTV @chilevision @ContigoCHV @biobio https://t.co/SfAWZIM1yj,0,0,0,0,2010-03-10T21:18:58.000Z,nachovigorena,"Puente Alto, Chile",FALSE,nacho vigorena,https://t.co/kBD3CCefQ5,""
123133882,2021-04-21T01:29:44.000Z,1384680718975082497,es,"Mucha gente hoy ocupa las cacerolas, el porque?, entiende @sebastianpinera @GobiernodeChile ‚Äò‚ÄúNO TIENEN QUE ECHARLE A LA OLLA‚Äù @CHVNoticias @alvarez_monse @PamJiles https://t.co/wih0SjM43Y",0,0,0,0,2010-03-15T03:24:59.000Z,Tarisfeno,Ritoque,FALSE,Rodrigo,"",apruebo
123942891,2021-04-21T00:09:09.000Z,1384660442040123394,es,"@rodolfocuevas82 @alvarez_monse Hola. Me encantar√≠a conocer tu testimonio, me sigues para que hablemos por DM? üôè‚ò∫Ô∏è",0,0,0,0,2010-03-17T18:30:50.000Z,camivivancov,"",FALSE,Camila V,"",Periodista y punto.
1268167050855358464,2021-04-20T22:52:54.000Z,1384641251853705223,es,@flakasintomatik @alvarez_monse Por qu√© tanto odio los zurdos a un pesado de tierra q no toma decisiones pol√≠ticas? Con raz√≥n a Chile lo pisotea quien quiere si la mayor√≠a q hay en este pa√≠s son progres alienados q no aman su patria.,0,0,0,0,2020-06-03T13:06:14.000Z,Maurici97237807,Chile,FALSE,"Mauricio, un BOT financiado por la ultraderecha","",DEMOCRACIA DIRECTA PARA MEJORAR CHILE! Partiendo por sacar con patada en la raja a los turistas permanentes.
1284408538337611776,2021-04-21T05:29:16.000Z,1384741000124551176,es,@Vitokoherba @Inmortalizadorr @AnonymusChileno @alvarez_monse Criticando y son iguales a los nazis.,0,0,1,0,2020-07-18T08:44:06.000Z,MaxPowe47418840,TOP SECRET,FALSE,Max Power,"",Healt administration
1291944833393754113,2021-04-20T22:19:47.000Z,1384632919843606535,es,@flakasintomatik @alvarez_monse Pa√≠s de mierda hasta cuando abusa del adulto mayor miserables ellos ganan millonadas y m√°s con las coimas que tienen Pi√±era en esta pandemia aument√≥ su fortuna en un 75%como lo hace mandrake el mago ladr√≥n,0,0,0,0,2020-08-08T03:50:46.000Z,encantos_dulces,"",FALSE,dulces encantos,"",""
1301031421021171713,2021-04-20T20:50:44.000Z,1384610506678362119,es,"@flakasintomatik @alvarez_monse Mi mam√° tiene c√°ncer, fibriomialgia, asma cr√≥nica, hipertensi√≥n, esta con una depresi√≥n horrible, a tenido 2 paros respiratorios, le han rechazado 3 veces por exceso de reposo, quieren que mi mam√° se muera por salir a trabajar? @alvarez_monse #JulioCesarrodriguez #contigoCHVCNN",1,0,1,0,2020-09-02T05:37:30.000Z,Ayleen54724443,"",FALSE,Ayleen,"",‚ù£Ô∏è
1312128871928606721,2021-04-20T19:59:31.000Z,1384597618744037382,es,@Cgarrido31 @flakasintomatik @alvarez_monse El pa√≠s no los pol√≠ticos zurdos y fachos q alaban si.,0,0,0,0,2020-10-02T20:39:11.000Z,maxweed4veinte,"",FALSE,FUERADUDASMEL,"",Ando en otra.
1312796920465817604,2021-04-20T18:54:31.000Z,1384581259276525572,es,@carlalueyza @flakasintomatik @alvarez_monse No cuesta nada ...gente indolente sin coraz√≥n ......,0,0,2,0,2020-10-04T16:50:21.000Z,Alicia08191970,"",FALSE,Alicia,"","!!!Me cargan las injusticias en todo √°mbito social, cre√≥ en un mundo equitativo!!! #ChileViolaLosDerechos Humanos"
1313678351744335874,2021-04-21T00:44:12.000Z,1384669261281513473,es,"@karinalvarezv IGUALDAD ,JCR. IGUALDAD . @chilevision @ContigoCHV @alvarez_monse @lateSLB @humbertosichel https://t.co/uNh0nppFTY",0,0,0,0,2020-10-07T03:11:54.000Z,juanher37841433,"",FALSE,juan hernandez,"",""
1316554772074450945,2021-04-20T22:05:56.000Z,1384629433680678914,es,@flakasintomatik @alvarez_monse Consigan la cuenta del caballero y le ayudamos,0,0,0,0,2020-10-15T01:41:41.000Z,elmomoelmomo1,"",FALSE,despreocupado_xd,"",ACAB
134942873,2021-04-20T19:29:04.000Z,1384589956736225288,es,"@flakasintomatik @alvarez_monse Y los del compin le cuidan la plata al estado? Como no darse cuenta que dejan a una persona sin su sueldo ,sin un sustento",0,0,0,0,2010-04-19T22:31:43.000Z,tabitabas,villa alemana,FALSE,üòäüòâüòÅ,"",""
1364228460382674945,2021-04-20T20:24:32.000Z,1384603915774152704,es,"@flakasintomatik @alvarez_monse Cruza la cordillera, a ver si te va mejor.",0,0,0,0,2021-02-23T15:01:03.000Z,chile_alianza,"",FALSE,Alianza Libertaria Chile,https://t.co/qm2XswECWl,"Vida - Propiedad - Libertad
#AlianzaLibertaria"
1368131455302443008,2021-04-20T19:16:31.000Z,1384586796747698183,es,"@flakasintomatik @alvarez_monse y los hijos del viejo harto vagos!, el bajo pueblo ha cambiado mucho, antes eran como Miguel, se embriagaban para trabajar, ahora se drogan para no hacerlo!",0,0,0,0,2021-03-06T09:29:11.000Z,ArturoC73645025,"",FALSE,Caudillo General√≠simo,"",General√≠simo de Chile por la gracia de Dios
1372029793315790848,2021-04-20T18:58:41.000Z,1384582309337354241,es,"@flakasintomatik @alvarez_monse Requiere un reinicio de patria este pa√≠s, eliminar a la derecha no hay de otra. Este pa√≠s se pudri√≥.",0,0,0,0,2021-03-17T03:39:37.000Z,Marco57706096,"",FALSE,Marco,"",""
1374014054331789318,2021-04-21T01:44:23.000Z,1384684406682669057,es,"@alvarez_monse QUI√âN O QU√â PARTIDO, SEGUIR√Å APOYANDO A PI√ëERA y EST√ÅN DISPUESTOS A ""UNDIRSE"" CON √âL Y SU GOBIERNO
DESACREDITADO, ODIODO CADA D√çA M√ÅS,
""HOY APOYARLO ES UN SUICIDIO POL√çTICO""
EL PUEBLO NO VOTARA POR TRAIDORES MISERABLES Y COBARDES!!!",0,0,0,0,2021-03-22T15:04:55.000Z,Valeria08925319,"",FALSE,Valeriaüòú,"",""
1374503288087801858,2021-04-20T22:25:02.000Z,1384634237907841028,es,@flakasintomatik @alvarez_monse Las mujeres pymes deberian luchar por  las que estamos  esantes y catalogadas y condenDas x el gobierno de turno con un puntaje social de 90 puntos..  Ningun apoyo jam√°s..,0,0,0,0,2021-03-23T23:28:39.000Z,MirianSoley,"",FALSE,Mirian Soley,"",Mi sentido del humor
1374503288087801858,2021-04-20T22:23:57.000Z,1384633967274496002,es,@flakasintomatik @alvarez_monse Por tener  un registro social  de 90 puntos  nos condena este gobierno sin pensar que las personas no se comeran un mueble o con un sillon no pagaran la luz o agua..,0,0,0,0,2021-03-23T23:28:39.000Z,MirianSoley,"",FALSE,Mirian Soley,"",Mi sentido del humor
137908729,2021-04-21T02:42:57.000Z,1384699145399713794,es,"@ContigoCHV por favor Julio Cesar @alvarez_monse pregunten a Pi√±era porque el dispone sobre dinero ajeno, porque dependemos  de unos extra√±os para disponer de dinero propio o les decimos a ellos que deben o no  hacer con su dinero? En que minuto ya nos gobiernan hasta la vida?",0,0,0,0,2010-04-28T03:11:32.000Z,piluli,"",FALSE,pilulita,"","Soltera , Contador, enojona, amante del tequila margarita, mis hijos y los gatos  y odio   la mentira, y que no fiscalizen  a las empresas en chile"
1380937785788489733,2021-04-20T19:55:38.000Z,1384596642108674050,es,"@flakasintomatik @alvarez_monse Mor√≠ , alguien sabe si pudieron obtener los datos del caballero?",0,0,0,0,2021-04-10T17:36:48.000Z,PAN58059001,"",FALSE,PAN,"",üçÉüôàüíôüç≠üê±üíû
1382169916053262336,2021-04-20T21:07:09.000Z,1384614639539953670,es,üì¢üí•üì¢üí•Necesitamos cobertura m√°s que nunca. Comisi√≥n mujeres ma√±ana extensi√≥n #PostnatalDeEmergencia  @tvn @chilevision @24HorasTVN @CHVNoticias @canal13 @T13 @alvarez_monse @tv_monica @mxperez @meganoticiascl https://t.co/zV8SSWc8Wr,1,0,1,0,2021-04-14T03:12:51.000Z,Paupaul86279639,"",FALSE,Paupaula,"","Soy Ingeniera, soy madre y esposa. Amo a mi familia y le doy gracias a Dios por tanto!"
1384292345462464517,2021-04-20T20:45:16.000Z,1384609132276289536,es,@flakasintomatik @alvarez_monse Que esperar!! Que no le pagar sus licencias.,0,0,0,0,2021-04-19T23:46:52.000Z,Milenepaz1,"Santiago, Chile",FALSE,Milenepaz,"",Disfrutar de la naturalezaüòúü§ó
140666228,2021-04-20T21:34:01.000Z,1384621401848619009,es,@DrEnriqueParis @ministeriosalud @izkia @Pajarobere @tv_monica @CHVNoticias @ContigoCHV @alvarez_monse De qu√© sirve tener las vacunas guardadas?!?! https://t.co/f9qsAZu8Fv,0,0,0,0,2010-05-06T03:16:18.000Z,marciapia,"Santiago, Chile",FALSE,Marcia Rivera,"","Feliz mujer, compa√±era, hija, hermana, madre, amiga y abuela"
150483916,2021-04-20T19:34:24.000Z,1384591299744043008,es,@flakasintomatik @alvarez_monse Vamos Julio Cesar depositele algo al se√±or que esta sufriendo...no todo es show,0,0,0,0,2010-06-01T01:51:29.000Z,eerb_44,Chile,FALSE,Steven 32,"",chileno en el extranjero
151167231,2021-04-20T19:33:30.000Z,1384591071049625601,es,"@_beejournalist_ @alvarez_monse @JPQueralto Si estuviera en mis manos, tomar√≠a  al par de ancianos y los cuidar√≠a en un hogar de reposo, 
Las nietas tienen padre, obligado por el estado tomar su responsabilidad.
La hija debe tomar la responsabilidad de sus hijas, de ella y de s√∫s padres.",0,0,0,0,2010-06-02T19:34:43.000Z,patchilote,Santiago de Chile,FALSE,Patricio Veloso,"","Escritor y amante de la literatura, sobre todo la barroca espa√±ola.Mis escritos se destacan por la sobrexposicion de los personajes."
153019113,2021-04-20T23:54:59.000Z,1384656877016002560,es,"#SUSPENSIONLABORAL
Sabian que AFC No paga el √∫ltimo mes cuando uno es despedido ... hay un vac√≠o legal donde tampoco el empleador se hace cargo del √∫ltimo pago alguien sabe al respecto @EmiliaRiosS
@ncastilo 
@ximerincon 
@PamJiles 
@alvarez_monse 
@evelynmatthei 
@Cami_FloresO",0,0,0,0,2010-06-07T13:37:40.000Z,IniguezRun,"",FALSE,Benjamin I√±iguez,https://t.co/vyfZHvTNXK,"Atleta, Head Coach atletismo Cineantropometrista #ISAK3"
153019113,2021-04-20T20:36:42.000Z,1384606976752164864,es,"Sab√≠an que AFC No paga el √∫ltimo mes cuando uno es desvinculado
#CHVNoticiasContigo
#contigoCHVCNN @MintrabChile @alvarez_monse @Danimuu @ncastilo @ContigoCHV @ximerincon @cambio21cl @gabrielboric @erikaoliverad",0,0,0,0,2010-06-07T13:37:40.000Z,IniguezRun,"",FALSE,Benjamin I√±iguez,https://t.co/vyfZHvTNXK,"Atleta, Head Coach atletismo Cineantropometrista #ISAK3"
165155402,2021-04-21T03:34:32.000Z,1384712127567572993,es,Monica Madariaga caso Pi√±era Banco Talca (2) https://t.co/jaGf76InFf v√≠a @YouTube Este es el Pastelito que tenemos de Presidente y habla de respetar la Constituci√≥n #TercerRetiroDel10MV @Camara_cl @Senado_Chile @alvarez_monse #ContigoCHV @biobio @LaRedTV @joseantoniokast,1,0,2,0,2010-07-10T19:24:53.000Z,jota_erre20,"",FALSE,Jaime,"",""
165155402,2021-04-20T22:30:55.000Z,1384635720896323588,es,"El narcisista @sebastianpinera es uno de los personajes m√°s crueles qu√© hay en Chile y no tiene perd√≥n, yo en lo personal creo en el Karma @HolaChileLaRed #contigoCHV @alvarez_monse @biobio @joseantoniokast @Jou_Kaiser @desde_1965 @mcontrerasv62 @Camara_cl @Senado_Chile",0,0,0,0,2010-07-10T19:24:53.000Z,jota_erre20,"",FALSE,Jaime,"",""
172718005,2021-04-20T19:11:49.000Z,1384585615841406977,es,@Cgarrido31 @flakasintomatik @alvarez_monse Secundo!,0,0,0,0,2010-07-30T12:22:54.000Z,nelmor2010,"",FALSE,tick,"",muerte antes que rendirse
189341778,2021-04-20T20:43:37.000Z,1384608716776001537,es,"Pregunta en serio... Alguien de Calama vacunado con la octuple canina. Se ha enfermado grave de COVID?? M√°s aun,. Se han enfermado de algo?? @thecliniccl  @biobio @DrEnriqueParis @CNNChile @alvarez_monse @jumastorga",0,0,0,0,2010-09-11T00:45:19.000Z,sebastopol04,"Chile-Santiago, Casablanca",FALSE,Casablanca,"",A espera de reencontrarme con la mitad de mi vida. Encargado de dos tesoros y tratando d ser feliz. No bloqueo y no idolatro a nadie. De Abril 18.
1934712512,2021-04-20T20:45:52.000Z,1384609281308233728,es,"@KarimBianchi @YouTube @latercera @CNNChile @CHVNoticias @alvarez_monse @ContigoCHV @T13 @meganoticiascl @Mega @TVN @thecliniccl @copano @Lared_03 @mentiraslared @SoledadOnetto @fuentesilva @tv_monica @Cooperativa @biobio @SoberaniaRadio Excelente Diputado !

Gracias por defender siempre al m√°s d√©bil.

Suerte tienen en Magallanes de tener a un pap√° y a un hijo con conciencia social para defender al que siempre pierde en este sistema de mierda.

Anti Bracitos cortos Manos largas por ac√°. Saludos y muchas gracias.",0,0,0,0,2013-10-04T16:12:19.000Z,RaulErazo2Raul,"",FALSE,Raul Erazo,"","Amante de las cosas simples de la vida. Con la ""U"" en el coraz√≥n."
197281358,2021-04-20T19:30:22.000Z,1384590282084261926,es,@_beejournalist_ @alvarez_monse @JPQueralto Parte el Alma ver tanta injusticia en este pa√≠s..ya hice mi aporte para Don Miguel..el Pueblo ayuda al Pueblo..‚ù§üí™,0,0,0,0,2010-10-01T02:38:50.000Z,coca198,Vi√±a del Mar,FALSE,Camila S√°nchez,"",Por un Chile con justicia y m√°s conciencia social. üåàüå†
215650923,2021-04-20T22:24:46.000Z,1384634171759501312,es,"@flakasintomatik @alvarez_monse Alguien sabe como podemos comunicarnos con don Miguel?  
Me gustar√≠a ayudarlo, yo tmb estoy pal pico pero el lo necesita m√°s",0,0,0,0,2010-11-14T14:56:13.000Z,algodon_d_nieve,"Chillan, puerto varas",FALSE,Dignidad ü¶Ñ,"","Discutir con fachos es como darle medicina a un muerto.
üéµel que no salta es paco!! üé∂"
2158687725,2021-04-21T03:20:57.000Z,1384708708966490115,und,#CHVNoticias #ContigoCHV #rodrigosepulveda #JulioCesarrodriguez @alvarez_monse https://t.co/zK1lqYBYYt,0,0,1,0,2013-10-29T14:33:29.000Z,ClaudioApruebo,"",FALSE,ConTodoSiNoPaQue,"",""
2158687725,2021-04-21T03:20:20.000Z,1384708552393113602,und,#CHVNoticias #ContigoCHV #rodrigosepulveda #JulioCesarrodriguez @alvarez_monse https://t.co/WkMZudAZ8O,0,0,0,0,2013-10-29T14:33:29.000Z,ClaudioApruebo,"",FALSE,ConTodoSiNoPaQue,"",""
2158687725,2021-04-21T03:19:58.000Z,1384708462165307393,und,#CHVNoticias #ContigoCHV #rodrigosepulveda #JulioCesarrodriguez @alvarez_monse https://t.co/TUnopW8tJk,0,0,0,0,2013-10-29T14:33:29.000Z,ClaudioApruebo,"",FALSE,ConTodoSiNoPaQue,"",""
2158687725,2021-04-21T03:16:17.000Z,1384707533865111552,und,#CHVNoticias #ContigoCHV #rodrigosepulveda #JulioCesarrodriguez @alvarez_monse https://t.co/jhUr8mXGzI,0,0,0,0,2013-10-29T14:33:29.000Z,ClaudioApruebo,"",FALSE,ConTodoSiNoPaQue,"",""
2158687725,2021-04-21T03:15:21.000Z,1384707298753499136,und,#CHVNoticias #ContigoCHV #rodrigosepulveda #JulioCesarrodriguez @alvarez_monse https://t.co/zidBSyNtzP,0,0,1,0,2013-10-29T14:33:29.000Z,ClaudioApruebo,"",FALSE,ConTodoSiNoPaQue,"",""
2158687725,2021-04-21T03:18:17.000Z,1384708039886921728,und,#CHVNoticias #ContigoCHV #rodrigosepulveda #JulioCesarrodriguez @alvarez_monse https://t.co/950C8tyZte,0,0,0,0,2013-10-29T14:33:29.000Z,ClaudioApruebo,"",FALSE,ConTodoSiNoPaQue,"",""
2304732646,2021-04-21T01:36:23.000Z,1384682392263200772,es,@migueespinoza_s @GonzaloMontoyaR @tv_monica @alvarez_monse @ContigoCHV @ContraloritoCGR @DMatamala @siliconvalle @alejandramatus @jananeme @danielstingo @rafa_cavada @RafaelHarvey3 Tengo encerrado a Rusio (mi perrito) porque me da susto que se le caiga lo que queda de la pandereta y mi vecino est√° en las mismas... y lo √∫nico que hacen @Carabdechile es seguir poni√©ndole m√°s peso a la pandereta ü§¶üèΩ‚Äç‚ôÄÔ∏è,0,0,0,0,2014-01-26T02:06:52.000Z,claulare,"Santiago, Chile",FALSE,Claus,"","Cientista Pol√≠tico / 
Relaciones Internacionales / Discapacidad e
Inclusi√≥n"
2304732646,2021-04-21T01:08:12.000Z,1384675303004549122,es,@migueespinoza_s @GonzaloMontoyaR @tv_monica @alvarez_monse @ContigoCHV @ContraloritoCGR @DMatamala @siliconvalle @alejandramatus @jananeme @danielstingo @rafa_cavada @RafaelHarvey3 Gracias Migue! ‚ù§,0,0,0,0,2014-01-26T02:06:52.000Z,claulare,"Santiago, Chile",FALSE,Claus,"","Cientista Pol√≠tico / 
Relaciones Internacionales / Discapacidad e
Inclusi√≥n"
2545418110,2021-04-21T01:52:29.000Z,1384686445596745730,es,@josemanuel1975 @ContigoCHV @alvarez_monse @ximerincon @adeurresti Ma√±ana hay paro en el puerto,0,0,0,0,2014-05-13T17:08:49.000Z,jotapina_21,"",FALSE,Jos√© Pi√±a Gonzalez,"","San antonino, padre de una princesa y un principe...esposo y anti pinochet...lo mearia (Ni derecha ni zurdo)"
257118343,2021-04-20T23:38:10.000Z,1384652641830121474,es,"@DMokei @gabrielsaez88 @alvarez_monse @chilevision @Camara_cl @Senado_Chile ESo si...es indudable...me refiero a que no pueden ""jugar "" con el dinero de sus afiliados...si en su momento lo necesitan o se les debe entregar por alguna situaci√≥n, lo deben tener sin excusas...ac√° ya las est√°n dando.",0,1,1,0,2011-02-24T19:31:07.000Z,INSTITUTANO1980,"",FALSE,Jhonnystone,"",""
257615956,2021-04-21T04:15:04.000Z,1384722327682879488,es,"Si vemos el uniforme no es igual, si ellos se sienten identificados es su problema.
Que se puede esperar m√°s del abogado de los asesinos de punta peuco.
#tercerretirode10mv @LaRedTV #TerceRetiro10xCientoSinTC #SeVieneElEstallido #ContigoCHV @alvarez_monse https://t.co/KkNMH9j8aZ https://t.co/5PuuPyvVZD",0,0,0,0,2011-02-25T20:25:38.000Z,kakostgo,chile,FALSE,kaco,"","Chileno de Corazon, amo a mi familia, la vida y el mar.
Apruebo por todos los que no tienen voz"
257774010,2021-04-21T02:06:48.000Z,1384690047337832448,es,"#Graneros, villa los torunos üëèüèΩ@ContigoCHV @alvarez_monse @T13 @biobio @Cooperativa https://t.co/bno9rIvOac",0,0,0,0,2011-02-26T04:05:54.000Z,javiera_romo,"Graneros, Chile",FALSE,Javi Romo,"",29 primaveras. Mam√° de Santiago. Prevencionista de riesgos. Ariana. Bartender por vocaci√≥n.
2595837263,2021-04-21T00:05:25.000Z,1384659502528700423,es,@Naty_Patriota @alvarez_monse @tv_monica @DMatamala @rubionatural @diana_bolocco @jananeme @paulinadeallend @fernandopaulsen @alejandramatus @mirnaschindler @mirkomacari @fuentesilva @StefanKramerS (paga saqueador del estado) @DanielyMarujos @maluchayallego @sigridalegria @blancalewin etc,0,0,0,0,2014-06-09T19:47:11.000Z,alabeo88,"Santiago, Chile",FALSE,Rodrigo Calder√≥n C√°rdenas,"","Nacionalista, azul hasta la m√©dula. Lucho contra la deconstrucci√≥n.
Pol√≠ticamente incorrecto. Boticario comunitario de verdad y no puro blabl√° üé∏üé∏üé∏üé∏"
2648800054,2021-04-20T22:59:43.000Z,1384642966329991168,es,Cacerolazo a las 21:00 por la decisi√≥n de este nefasto gobierno de ir al TC por el tercer retir√≥ @alvarez_monse @rodrigosepu @GobiernodeChile,0,0,0,0,2014-06-28T02:57:56.000Z,elpiterylaneri,"",FALSE,Peter Ramirez,"",""
271421792,2021-04-21T00:41:18.000Z,1384668532760317953,es,@alvarez_monse Siento rabia y desesperanza como muchos compatriotas al enterarnos que Pi√±era recurrio al TC sin tabajo pensaba seguir cancelando deudas que me siguen atormentando ayudar a mi hermano y a mi viejita que le gano al covid. Solo miseria tienen en su corazon.,0,0,0,0,2011-03-24T13:41:08.000Z,ValpoAwuante,"Puerto Montt, Chile",FALSE,Porte√±o SW,"",""
2772323405,2021-04-20T19:12:53.000Z,1384585881290432515,es,@flakasintomatik @alvarez_monse PA√çS CULIO!!!,0,0,0,0,2014-09-16T16:04:05.000Z,Angelica123Cl,"",FALSE,Cl Qui,"",""
2774027289,2021-04-20T22:39:32.000Z,1384637889485623297,es,"No te ayudan o la ayuda no alcanza(bonos), no te permiten autoayuda (retiro) y encima te prohiben trabajar (cuarentena),que rabia! Entonces a desobedecer la cuarentena porque o morimos de  hambre o por covid y cuando tienes hijos el hambre no es opci√≥n #ContigoCHV @alvarez_monse",0,0,0,0,2014-09-18T00:47:47.000Z,liscat29,"",FALSE,lisa maTEA,"",vivo sin mucho y tengo bastante mi peque√±a gran familia
2878557713,2021-04-21T00:10:43.000Z,1384660835407126528,es,"#TercerRetiroDel10xCiento 
URGENTE‚ÄºÔ∏è
@DuranDiputado 
@ProvosteYasna 
@marcos_ilabaca 
@MatinaldeCHV
@Bienvenidos13
@BuenosDiasTVN 
@mentiraslared @Mega @fernandopaulsen @siliconvalle @biobiochile @adnradiochile @r_cooperativa @jananeme @rodrigosepu @alvarez_monse @TonkaTP https://t.co/Pzk8EFr3kw",0,0,1,0,2014-11-15T20:53:14.000Z,ReyLeonidas_33,10%üïäÔ∏è,FALSE,@Albert ‚öñÔ∏è‚öîÔ∏èüõ°Ô∏èüóùÔ∏èüìñ‚ô•Ô∏èüé®,"","‚ô£Ô∏è‚ô•Ô∏è‚ô†Ô∏è‚ô¶Ô∏è
As√≠ de simple y sencillo, el ganador se lo lleva todo..."
2878557713,2021-04-20T23:42:51.000Z,1384653824208539649,es,"#TercerRetiroDel10xCiento 
URGENTE‚ÄºÔ∏è
@DuranDiputado 
@ProvosteYasna 
@marcos_ilabaca 
@MatinaldeCHV
@Bienvenidos13
@BuenosDiasTVN 
@mentiraslared @Mega @fernandopaulsen @siliconvalle @biobiochile @adnradiochile @r_cooperativa @jananeme @rodrigosepu @alvarez_monse @TonkaTP https://t.co/ktGEaOZ1S2",1,0,1,0,2014-11-15T20:53:14.000Z,ReyLeonidas_33,10%üïäÔ∏è,FALSE,@Albert ‚öñÔ∏è‚öîÔ∏èüõ°Ô∏èüóùÔ∏èüìñ‚ô•Ô∏èüé®,"","‚ô£Ô∏è‚ô•Ô∏è‚ô†Ô∏è‚ô¶Ô∏è
As√≠ de simple y sencillo, el ganador se lo lleva todo..."
2878557713,2021-04-20T23:06:30.000Z,1384644673298444290,es,"#TercerRetiroDel10xCiento 
URGENTE ‚ÄºÔ∏è
@DuranDiputado 
@ProvosteYasna 
@marcos_ilabaca 
@MatinaldeCHV
@Bienvenidos13
@BuenosDiasTVN 
@mentiraslared @Mega @fernandopaulsen @siliconvalle @biobiochile @adnradiochile @r_cooperativa @jananeme @rodrigosepu @alvarez_monse @TonkaTP https://t.co/XfDa6axU6L",0,0,0,0,2014-11-15T20:53:14.000Z,ReyLeonidas_33,10%üïäÔ∏è,FALSE,@Albert ‚öñÔ∏è‚öîÔ∏èüõ°Ô∏èüóùÔ∏èüìñ‚ô•Ô∏èüé®,"","‚ô£Ô∏è‚ô•Ô∏è‚ô†Ô∏è‚ô¶Ô∏è
As√≠ de simple y sencillo, el ganador se lo lleva todo..."
2878557713,2021-04-20T19:54:26.000Z,1384596338420207616,es,"#TercerRetiroDel10xCiento 
URGENTE ‚ÄºÔ∏è
@DuranDiputado 
@ProvosteYasna 
@marcos_ilabaca 
@MatinaldeCHV 
@Bienvenidos13
@BuenosDiasTVN 
@mentiraslared @Mega @fernandopaulsen @siliconvalle @biobiochile @adnradiochile @r_cooperativa @jananeme @rodrigosepu @alvarez_monse @TonkaTP https://t.co/AFALoGJuQO",5,0,4,0,2014-11-15T20:53:14.000Z,ReyLeonidas_33,10%üïäÔ∏è,FALSE,@Albert ‚öñÔ∏è‚öîÔ∏èüõ°Ô∏èüóùÔ∏èüìñ‚ô•Ô∏èüé®,"","‚ô£Ô∏è‚ô•Ô∏è‚ô†Ô∏è‚ô¶Ô∏è
As√≠ de simple y sencillo, el ganador se lo lleva todo..."
288373290,2021-04-20T22:15:46.000Z,1384631905878953984,es,"@juanjoseossasc mal√≠simoü§¶. La ayuda no llega. Entre espera la gente muere de hambre no de Covid. Ni siquiera son capaz de dejar q la gente sobreviva con su propia SU PLATA,tanto ego√≠smo y nada de empat√≠a @PamJiles @rodrigosepu @alvarez_monse",0,0,0,0,2011-04-26T18:53:56.000Z,AleVillegasN,"",FALSE,Alejandra Norambuena,"",""
289099503,2021-04-20T22:12:46.000Z,1384631153450229763,und,"@caroescobartv
@alvarez_monse
https://t.co/WwrJmCbMLG",0,0,0,0,2011-04-28T01:05:57.000Z,Fuck_guerra,"",FALSE,Puto Macaco,"",""
2891103850,2021-04-21T01:09:29.000Z,1384675624548196360,es,"@biobio @Cooperativa @tv_monica @mirnaschindler @alvarez_monse @fuentesilva x ac√° se sienten cacerolazos, en Puente Alto. @germancodina",0,0,0,0,2014-11-24T17:39:21.000Z,Alelita_bjovi,"",FALSE,Alejandra Diaz M,"",Alguien sabe q me gusta Bon Jovi
2922014043,2021-04-21T03:51:30.000Z,1384716398107271170,es,"@milla_viera Que tal una cruzada entre conductores de televisi√≥n. 
Aporte a las ollas o a necesitados ?
No sirven las palabras @CNNChile @tv_Amaro @TonkaTP @alvarez_monse @jananeme @Mega #ContigoEnLaManana #ContigoCHV #BuenosDiasTVN @karinalvarezv @CHVNoticias @doctor911_cl @Cardiojuanes",4,0,11,0,2014-12-14T21:52:02.000Z,yolinda33p,"",FALSE,Pilarita,"",Chile est√° de duelo y a√∫n las personas no lo notan üòûüôèüñ§
2922014043,2021-04-21T03:45:35.000Z,1384714909611663360,es,"@milla_viera y que hay si los conductores de programas de televisi√≥n se unen y hacen un aporte a ollas comunes o personas necesitadas, a mi tambi√©n me duele la guata y se me apreta el pecho, pero hago algo dentro de lo que puedo.
Qu√© le parece?@tv_monica @tv_Amaro @alvarez_monse",0,0,0,0,2014-12-14T21:52:02.000Z,yolinda33p,"",FALSE,Pilarita,"",Chile est√° de duelo y a√∫n las personas no lo notan üòûüôèüñ§
297064811,2021-04-21T00:10:49.000Z,1384660861600600064,und,@mop_chile @MMAChile @MinisterioBBNN @ContigoCHV @alvarez_monse @cazanoticiasCHV @meganoticiascl https://t.co/TCtOnjEWxz,0,0,0,0,2011-05-11T21:35:27.000Z,Aracelly05,"",FALSE,Una Constituci√≥n de Tod@s ‚úåÔ∏è,"",""
3202325261,2021-04-20T23:47:01.000Z,1384654869232029699,es,@alvarez_monse yo soy una de las pocas personas que sus 10% los ahorro. Alguna vez fui pi√±erista y hoy me dormire pensando en todos aquellos que la esperanza se esfumo. Hoy la palabra indolencia tiene rostro. El presidente en quien confie y crei me decepciono por ultima vez.,0,0,0,0,2015-04-24T21:39:04.000Z,PataAna,"",FALSE,Ana Patricia,"",""
3244876593,2021-04-21T01:15:02.000Z,1384677022996307972,es,@camila_vallejo @KarolCariola @gabrielboric @PamJiles @matiaswalkerp ma√±ana no los queremos en la tv abierta si hacer nada !!   En la tv es hablar por hablar para eso est√° √©l congreso ma√±ana se trabaja por eso los eligieron  @alvarez_monse  #Cacerolazo,0,0,0,0,2015-05-10T14:32:45.000Z,adrovez12,"",FALSE,Mr. adrovez,"",Cuek!!! estudiante Universidad Andres Bello Ingenieria Comercial 2021
3244876593,2021-04-21T01:20:47.000Z,1384678468638547973,es,@dw_espanol as√≠ esta Santiago de Chile  a esta hora as√≠ prot√©stamos por nuestros derechos @KarolCariola  @gabrielboric @matiaswalkerp @PamJiles  @alvarez_monse @piamariacastro #estallido2021 https://t.co/I5wVR9I0lp,1,0,3,1,2015-05-10T14:32:45.000Z,adrovez12,"",FALSE,Mr. adrovez,"",Cuek!!! estudiante Universidad Andres Bello Ingenieria Comercial 2021
3447268941,2021-04-20T22:20:04.000Z,1384632989892628485,es,@Alejand13570135 @flakasintomatik @LorenaDiazParra @alvarez_monse Esos son sus datos para poder ayudarlo. https://t.co/5q0XJ9oG65,1,0,0,0,2015-08-26T13:26:10.000Z,_13M4rltz4_QM,"Concepci√≥n, Chile",FALSE,ùë¥ùíÇùíìùíöüçÇüåª,"","ùëÜùëúùëêùëñùëéùëèùëôùëí ùêºùëõùë°ùëüùëúùë£ùëíùëüùë°ùëñùëëùëé.
#JusticiaParaTom√°sBravo
Sobre cada ni√±o se deber√≠a poner un cartel que dijera: Tratar con cuidado,contiene sue√±os"
380837073,2021-04-21T00:30:25.000Z,1384665792936042501,es,"@alvarez_monse Despierta chile! O solo los escolares pueden levantar al pueblo? No en RRSS. EN LA CALLE, Volvamos a levantar la frente como cuando en en octubre le dimos ejemplo al mundo! O quieren ser solo mano de obra barata csm? 
#NoMasConchetumadre
#EstallidoChile2021",0,0,0,0,2011-09-27T09:41:40.000Z,gmusalem,"",FALSE,gabriel musalem,"",""
38319631,2021-04-20T22:37:20.000Z,1384637335938248707,es,@DrEnriqueParis @ministeriosalud @SeremiSaludRM @KarlaEnAccion @voceriagobierno @CHVNoticias @alvarez_monse @tv_monica @24HorasTVN @Mega @T13  De esta manera tratan a las enfermeras en los cesfam en los whatsapp habilitados para seguimiento COVID-19 https://t.co/U7bT21tPag,6,0,6,5,2009-05-07T00:27:54.000Z,Izakiohead,Santiago de Chile,FALSE,Izakiohead,"","Amante de los libros, la musica y las demandas sociales. Usachino, Profe de Historia. Izquierdoso no partidista. Nunca a la derecha!"
478722762,2021-04-20T20:36:24.000Z,1384606898834522116,es,"No m√°s #MasterPlop https://t.co/FYMDVNuoad a trav√©s de @YouTube 
@latercera @CNNChile @CHVNoticias @alvarez_monse @ContigoCHV @T13 @meganoticiascl @Mega @TVN @thecliniccl @copano @Lared_03 @mentiraslared @SoledadOnetto @fuentesilva @tv_monica @Cooperativa @biobio @SoberaniaRadio",0,1,3,1,2012-01-30T16:01:51.000Z,KarimBianchi,"Punta Arenas, Chile",FALSE,Karim Bianchi Diputado,https://t.co/eURJBePiEd,"Diputado por el distrito 28, Regi√≥n de Magallanes y Ant√°rtica Chilena"
48741406,2021-04-21T02:53:41.000Z,1384701846078509056,es,Ya amigos y amigas. A usar este avatar como s√≠mbolo contra este gobierno y Pi√±era! Se los mando!!! #renunciapi√±era !!! #Tercer10xCiento @alejandramatus @mirkomacari @lucialopezchile @KenaLorenziniL @alvarez_monse @SeMurioLaVieja @sebastian_gray https://t.co/WXkFKFHO9I,0,0,0,1,2009-06-19T15:53:41.000Z,alfonsogc,Chile,FALSE,alfonso,"","Dise√±o Editorial, Fort√≠n Mapocho, El Nortino, La Naci√≥n, La Naci√≥n Domingo y Plan B."
52495122,2021-04-21T01:07:49.000Z,1384675205013024771,es,Y d√≥nde est√°n los portuarios cuando se les necesita para presionar al gobierno por requerimiento al TC? @ContigoCHV @alvarez_monse @ximerincon @adeurresti,0,1,0,0,2009-06-30T19:38:33.000Z,josemanuel1975,Quilpu√©,FALSE,Jos√© Manuel Gonz√°lez,"",""
55558330,2021-04-20T19:32:55.000Z,1384590922407612421,es,@flakasintomatik @alvarez_monse Que rabiaaaaaaa! Es una persona mayor q come con su misero sueldo y no le pagan?Da rabia ya deber√≠an estar tranquilos yjubilados est√°n angustiados  @ministeriosalud @pdazan @DrEnriqueParis  ahora q estamos en pandemia se necesitan agilizar las cosas @sebastianpinera @ceciliamorel,0,0,0,0,2009-07-10T13:19:03.000Z,Margot2009,Chile,FALSE,MARGOT,"",Holiiii!!!
619484473,2021-04-20T22:39:54.000Z,1384637980736958469,es,#ynodiolacara  No dar la cara tiene un costo.  @cleporati @paulamolinat @alvarez_monse @tv_monica @camposulloa @alb0black,0,0,1,0,2012-06-26T22:43:05.000Z,Mantonio1268,"",FALSE,M A P P...,"",""
706275174,2021-04-21T04:57:35.000Z,1384733027356512256,und,@GianyRo @YeseToledoM @Mister_Wolf_0 @RodriguezManuel @ContigoCHV @chilevision @NotiCHV @chilevision @alvarez_monse,0,0,0,0,2012-07-20T02:46:35.000Z,lisethavf,"Maracaibo, Venezuela.",FALSE,Liseth Villasmil F.,https://t.co/l2Xv9kVa5T,100% creyente en Dios. Cat√≥lica. Lcda. Comunicaci√≥n Social. Mgs. en Ciencias de la Comunicaci√≥n. Profesora universitaria
72693981,2021-04-20T23:18:26.000Z,1384647677162532865,und,"#terceRetiro10ciento  
#Estallido2021
#contigoCHVCNN 
@alvarez_monse https://t.co/odKs450o0Y",0,0,0,0,2009-09-08T22:53:14.000Z,kuyenp,"",FALSE,kuyen,"",De ra√≠ces campesinas y porte√±as. Su fuente inspiradora de la revoluci√≥n es el Evangelio‚Ä¶ el amor por la verde y por pancho gancho es uno solo‚Ä¶
738874776,2021-04-20T22:11:00.000Z,1384630709155942405,es,"@CHVNoticias Pero no gracias a @alvarez_monse mete cuchara solo para opinar al estilo Chile ochentero o mezclar temas ü§¶‚Äç‚ôÄÔ∏èü§¶‚Äç‚ôÄÔ∏èü§¶‚Äç‚ôÄÔ∏è, se ve√≠a m√°s Clever  ü§∑‚Äç‚ôÄÔ∏èq pena.",0,0,1,0,2012-08-05T16:48:18.000Z,ayala_abril,Exactamente Aqu√≠ y Ahora! ,FALSE,Gin Tonic¬ÆÔ∏è,"","De la periferia, como cualquier segregada social üòò
Espero la  cura de la Hemofilia üôè, 
Feliz !!"
770638573,2021-04-21T01:49:58.000Z,1384685810298105860,und,@alvarez_monse https://t.co/fvWqI3uBaQ,0,0,0,0,2012-08-21T02:08:27.000Z,alexflores2035,"",FALSE,Alex Flores,"",Coordinador Producci√≥n Baldosas Budnik S.A.
795848554292117504,2021-04-21T03:48:43.000Z,1384715696760893441,es,"@INSTITUTANO1980 @gabrielsaez88 @alvarez_monse @chilevision @Camara_cl @Senado_Chile es que el punto est√° en que las aseguradoras no funcionan como una AFP, si te pensionas por aseguradora pierdes tu propiedad sobre los fondos, entoces l√≥gicamente no estaban preparados para un escenario como este.",0,0,1,0,2016-11-08T04:40:56.000Z,DMokei,Chile,FALSE,Mokei D Dreagon,"",""
870628245775015936,2021-04-20T21:37:58.000Z,1384622394216755203,pt,@Ceci83437135 @ContigoCHV @alvarez_monse @DrEnriqueParis A investigar!!!,0,0,0,0,2017-06-02T13:08:44.000Z,aragna_pelua,En los rincones de tu casa.,FALSE,Ara√±a Pel√∫a),"","Zurda, peleadora y peladora, insoportable y luchadora, reci√©n llegada a twitter."
91342019,2021-04-20T19:23:16.000Z,1384588494652194817,es,@flakasintomatik @alvarez_monse El tema del no pago de las licencias en el Compin se agudizaron con la pandemia infelices,0,0,0,0,2009-11-20T13:41:47.000Z,LauraAMG,Santiago de Chile,FALSE,Kespitaüå∏,"","Depilaci√≥n, Alisados de Keratina, Manicure, Pedicure, Lifting Productos de Belleza y mucho m√°s Instagram @kespitalais"
974748478231470086,2021-04-21T01:49:22.000Z,1384685662419496960,es,"@maurovidal @KenaLorenziniL @tv_monica @AndreaAristegui @alvarez_monse @MonicaGonzo @fresiasoltof ,c√≥mo siempre la @udipopular parece que es un requisisto ,ojal√° que uds investiguen",1,0,0,0,2018-03-16T20:45:21.000Z,AliciaRamrezRu1,"",FALSE,Alicia Ram√≠rez Ruiz,"","Cumplea√±o 22031967  NO COMO CARNE, APRUEBO Y CC"
974748478231470086,2021-04-21T00:46:49.000Z,1384669919657213953,und,@CartujaCar @tv_monica @alvarez_monse @AndreaAristegui,0,0,0,0,2018-03-16T20:45:21.000Z,AliciaRamrezRu1,"",FALSE,Alicia Ram√≠rez Ruiz,"","Cumplea√±o 22031967  NO COMO CARNE, APRUEBO Y CC"
99348012,2021-04-21T01:11:30.000Z,1384676129735315458,und,@HolaChileLaRed @alvarez_monse @fuentesilva @mentiraslared #cacerolazos #Cacelorazo #tercerretiro10xcientosintc #tercerRetiroyPi√±erapalaCasa #TercerRetiro10 #TercerRetiro10ciento https://t.co/mlyFC2aoIy,0,0,0,0,2009-12-25T19:34:39.000Z,Ernamarisel,"Los Lagos, Chile",FALSE,marisel,"",chile
993646544640409601,2021-04-20T21:05:20.000Z,1384614179953328131,es,@flakasintomatik @alvarez_monse que julio cesar le done parte de su sueldo millonario a don cesar de 30 millones al mes.,0,0,0,0,2018-05-08T00:19:32.000Z,GusandesGus,"Providencia, Chile",FALSE,gusandes,"","chileno Patriota , bot de JAK, kast 2022. de derecha del si , no acomplejado. rechazo la prostituyente del saqueo, kast 2022, a la moneda , vivan las ffaa carab"
