author_id,text,id,lang,created_at.x,public_metrics.retweet_count,public_metrics.reply_count,public_metrics.like_count,public_metrics.quote_count,description,name,location,username,url,verified,created_at.y
1018311056043773953,"@mxperez @T13 Impresentable!
Por eso nadie pesca la cuarentena",1382158931770884101,es,2021-04-14T02:29:03.000Z,0,0,1,0,"Independiente, observador, minucioso, incisivo e ir√≥nico.",Hans Schweinsteiger,"",SchweinsteigHan,"",FALSE,2018-07-15T01:47:29.000Z
102539639,"@Juampi_juampi_ @mxperez Claro, este estudio est√° hecho b√°sicamente con personas de mayor edad y con comorbilidades, los estudios anteriores con 100% de efectividad a fallecer por complicaciones del Covid fueron realizados con personas absolutamente sanas, ah√≠ esta la diferencia",1383064689769381890,es,2021-04-16T14:28:12.000Z,0,0,1,0,"Hijo de Obrero, casi puntaje nacional de Qu√≠mica, los otros puntajes poblacionales, esposo y padre de 2, matr√≥n de profesi√≥n, futbolero y colocolino!!!",Cristian Hidalgo,"San Miguel, Chile",cristianhire,"",FALSE,2010-01-07T01:35:36.000Z
104950314,"@mxperez no puedo verla, de solo imaginar se me parte el coraz√≥n",1380340340163543041,es,2021-04-09T02:02:37.000Z,0,0,1,0,Mam√°,C C Sando,Vi√±a del Mar,psicocecilia,https://t.co/6r2cKoD3qO,FALSE,2010-01-14T22:15:43.000Z
1081745756,"Srta. @mxperez
La cosa est√° mala, si me ayuda con un RT se lo agradecer√≠a en el alma.
Tengo en venta m√°s de 100 Equipos Computacionales Usados y Reacondicionados, les puedo enviar la lista completa a alg√∫n mail que me indiquen.
Mil gracias por el RT https://t.co/ntieAAB4nK",1379893835971620869,es,2021-04-07T20:28:22.000Z,0,1,0,0,"Enamorada de mis hijos, me hago cargo de lo que digo no de lo que entiendan y me fascina el footlball...UNIVERSIDAD DE CHILE.",Andredita,"",andrealorenadv,"",FALSE,2013-01-12T03:55:16.000Z
1081745756,"@lulafredes @mxperez Holaaa, un mail a tucompuchile@gmail.com",1379897679656943620,fr,2021-04-07T20:43:38.000Z,0,1,0,0,"Enamorada de mis hijos, me hago cargo de lo que digo no de lo que entiendan y me fascina el footlball...UNIVERSIDAD DE CHILE.",Andredita,"",andrealorenadv,"",FALSE,2013-01-12T03:55:16.000Z
1081745756,"@lulafredes @mxperez Gracias, estar√© atenta",1379897905402773509,es,2021-04-07T20:44:32.000Z,0,0,0,0,"Enamorada de mis hijos, me hago cargo de lo que digo no de lo que entiendan y me fascina el footlball...UNIVERSIDAD DE CHILE.",Andredita,"",andrealorenadv,"",FALSE,2013-01-12T03:55:16.000Z
125336923,@mxperez @chilepuro Que la izquierda deje d e mentir,1383194256215568384,es,2021-04-16T23:03:03.000Z,0,0,0,0,"Vi√±amarimo, pero Iquique√±o de coraz√≥n. Mis opiniones en este mundillo virtual.",mkresh üíöüá®üá±üáÆüá≥,"√úT: -33.0317913,-71.5693477",mkresh1972,"",FALSE,2010-03-22T13:50:45.000Z
1260197886,@mxperez üëèüëèüëèüëèüòâ,1383189005274116101,und,2021-04-16T22:42:11.000Z,0,0,0,0,Constructor Civil,David Gutierrez Manzo,"Conc√≥n, Chile",Davidgu00779920,"",FALSE,2013-03-11T19:16:42.000Z
127391899,@mxperez @RTatoulloa @carola_ac @jaimecanitrot @T13 Aprenda de periodismo con M√≥nica Gonzalez y no seas una vendida ser√° mejor,1382161747780460544,es,2021-04-14T02:40:14.000Z,0,0,1,0,nacido 1984,claudio andres soto,santiago chile,saez24,"",FALSE,2010-03-29T02:04:07.000Z
128246549,"@javitamiranda @vivianitavg @angelina_giglio @see__somethings Como si fuera poco, ahora se tramita a las mujeres para conseguir pastillas anticonceptivas. ¬øQu√© se viene? ¬øNecesitaremos receta m√©dica para los preservativos? @mxperez @tv_monica @deliaconectada @alejandramatus @Elmo_Braga @Javiera_Matus @ChilePeriodista",1378905080779444228,es,2021-04-05T02:59:24.000Z,2,0,7,0,"Leo ciencias sociales y humanidades para ""ver lo que va a venir"". A los trolls me los como con mostaza. Los dem√°s son bienvenidos. ü§£",Negro Jos√©,"Maule, Chile",JerjelMaulino,"",FALSE,2010-03-31T15:16:36.000Z
129489363,@mxperez Hay algo raro en esos n√∫meros. Donde est√°n los datos de origen para analizarlos??,1383060981149003777,es,2021-04-16T14:13:28.000Z,0,0,0,0,"Ingeniero Civil Electricista & Computacion (UdeC/UChile). 
Asesor en Infraestructura TI. Sobreviviendo en el sector de Telecomunicaciones #Chile",Alvaro Fuentes,"Concepci√≥n , Chile",alvarofuentesc,"",FALSE,2010-04-04T13:12:02.000Z
1305566780,@LavinSebastian @Alejado33 @Xchong @GobiernodeChile @GalliJF @CIDH @PJudicialChile @fiscalesdechile @gabrielboric @mxperez @mirnaschindler No fue Nain. Fue de apellido Zamora. A Nain lo mataron en una emboscada en Metrenco,1382475185232736268,es,2021-04-14T23:25:43.000Z,0,0,0,0,Organizaci√≥n ciudadana que trabaja diferentes lineamientos para lograr La Paz en la Araucan√≠a.,pazaraucaniaIX,"",porlapazIX,"",FALSE,2013-03-26T20:51:14.000Z
1314009385,@mxperez,1379613226409820166,und,2021-04-07T01:53:19.000Z,0,0,0,0,"",waldo herrera herrer,"",waldoherreraher,"",FALSE,2013-03-29T14:26:21.000Z
133125602,@mxperez De igual forma... no me vacunar√©!,1383176727334166531,es,2021-04-16T21:53:24.000Z,0,0,0,0,"",ArTiLuGiA LuCeCiLLa üòé,Chile,lucita1009,"",FALSE,2010-04-15T02:36:51.000Z
1359202250,@KarimBianchi @AlejandroWeberP @adnradiochile @CNNChile @meganoticiascl @PublimetroChile @latercera @Cooperativa @CHVNoticias @elmostrador @tv_monica @mxperez @T13 @BuenosDiasTVN Pero a ese bono no califica nadie diputado y usted bien lo sabe. Mucha gente espera el tercer retiro. La letra chica se ha hecho costumbre y lo √∫nico que salvo al pueblo fue el primer y segundo retiro,1380177752637243394,es,2021-04-08T15:16:33.000Z,1,0,5,0,La radio es mi pasi√≥n.,Guillermo Le-Fort Ya,En Santiago de Chile.,GuillermoLeFort,"",FALSE,2013-04-17T11:31:01.000Z
1368210121692708868,"@T13 @mxperez NEGLIGENTES Y CORRUPTOS,, cada uno decida que ha sido y asuma. https://t.co/VGBCrlNmHM",1382357881530548226,es,2021-04-14T15:39:36.000Z,0,0,0,0,Como un chungungo.....,JavierZenTao,"",JavierZenTao1,"",FALSE,2021-03-06T14:41:35.000Z
1380889541213630466,"Realidad Universidad de Talca.
#dignidad #feminismo #lucha #Corrupcion #alertamorada #dictadura #28a√±os @lafundacionsol @AnonymusChileno @mxperez @AlbertoMayol @RicardoLagos @desbordes @LaRedTV @guillier @PiensaPrensa @Reportero24 @HeraldoMunoz @ximerincon @PSChile @PPD_Chile üò¢ https://t.co/nvUlByNHQT",1382854842331377665,es,2021-04-16T00:34:21.000Z,10,1,3,0,Luchando por la legalidad y la dignidad de las instituciones!,Dignidad Utalca,"",DignidadUtalca,"",FALSE,2021-04-10T14:31:00.000Z
138774446,@RebolledoAlcald @LavinJoaquin @AlessandriFelip @adnradiochile @Tele13_Radio @Armada_Chile @BuenosDiasTVN @mxperez @colmedchile @biobio @chilevision @meganoticiascl @HolaChileLaRed @mentiraslared @,1378707969039273985,und,2021-04-04T13:56:09.000Z,0,0,0,0,"",osvaldo villalobos,Santiago,magofire,"",FALSE,2010-04-30T15:05:58.000Z
139198717,"@mxperez Si aumentamos el uso de #tarjetasbip, inteligentes podr√≠amos mejorar  la #trszabilidad en #transportepublico",1381780074303787012,es,2021-04-13T01:23:36.000Z,0,0,0,0,Solo quiero Un Mejor Servicio .Un beneficio a quienes pagan y cuidan el Transporte P√∫blico .Chile Contacto: amigobus@gmail.com,NosCuidamosNosotros,chile,amigobus,"",FALSE,2010-05-01T21:40:30.000Z
1468785036,"#alerta Colegios profesionales declaran frente a crisis por COVID19
@TVN @canal13 @LaRedTV @meganoticiascl @mentiraslared @CHVNoticias @24HorasTVN @CNNChile @CNNEE @La_Segunda @ElMercurio_cl @mercuriovalpo @latercera @danielstingo @tv_monica @mxperez 

 https://t.co/SJg5Z1cJvK",1380992764549160969,es,2021-04-10T21:15:07.000Z,12,0,11,2,Cuenta Oficial Federaci√≥n de Colegios Profesionales. 22 Colegios afiliados. Nos mueve la √©tica y el bien com√∫n en la diversidad. Presidenta @mavargasa,FEDCOLPROF,"",fedcolprof,https://t.co/wf8nYyET7p,FALSE,2013-05-30T03:06:52.000Z
148038214,"@T13 @mxperez #T13Central
Muestren el #cacerolazos porfa",1384676547618086913,es,2021-04-21T01:13:09.000Z,0,0,0,0,"Historia: Sucesi√≥n sucesiva de sucesos sucedidos sucesivamente üöÄ üåïüë®‚ÄçüöÄüöÄüåïüåïüë®‚ÄçüöÄüöÄüåï
fue acusado, condenado y
bloqueado;
descendi√≥ a los infiernos Twiteros!",Rodrigo Salvo P COLO COLO,"Providencia, Chile",rsalvop,https://t.co/qA6GNKN4uO,FALSE,2010-05-25T17:37:38.000Z
148038214,"@mxperez @T13 Ok. Gracias M√≥nica.
Saludos.",1382153632204865540,es,2021-04-14T02:07:59.000Z,0,0,0,0,"Historia: Sucesi√≥n sucesiva de sucesos sucedidos sucesivamente üöÄ üåïüë®‚ÄçüöÄüöÄüåïüåïüë®‚ÄçüöÄüöÄüåï
fue acusado, condenado y
bloqueado;
descendi√≥ a los infiernos Twiteros!",Rodrigo Salvo P COLO COLO,"Providencia, Chile",rsalvop,https://t.co/qA6GNKN4uO,FALSE,2010-05-25T17:37:38.000Z
148038214,"@T13 #t13central
Pero quien debe llamar a los multados?
Y donde deben pagar?
No explicaron eso.
@mxperez
Y porque Par√≠s o Daza no responden esto?

Saludos",1382151197004533764,es,2021-04-14T01:58:19.000Z,0,1,1,0,"Historia: Sucesi√≥n sucesiva de sucesos sucedidos sucesivamente üöÄ üåïüë®‚ÄçüöÄüöÄüåïüåïüë®‚ÄçüöÄüöÄüåï
fue acusado, condenado y
bloqueado;
descendi√≥ a los infiernos Twiteros!",Rodrigo Salvo P COLO COLO,"Providencia, Chile",rsalvop,https://t.co/qA6GNKN4uO,FALSE,2010-05-25T17:37:38.000Z
1522049928,@mxperez @T13 Enviar link para ver reportaje.,1382155644535517187,es,2021-04-14T02:15:59.000Z,0,0,0,0,"Profesor de Historia y Geograf√≠aüïìüìö, so√±adorüåü y positivoüòä. Piensa en viajarüó∫ y conocer el lado bueno de las cosasüòé. Hincha de la UC‚ö™Ô∏èüîµ‚ö™Ô∏è",Jos√© Miguel,"La Cisterna, Chile",jose_miguel_ar,"",FALSE,2013-06-16T12:28:21.000Z
1550914999,@mxperez https://t.co/teDt7FlNJx lo emcontres en Facebook,1381800403864551427,fr,2021-04-13T02:44:23.000Z,0,0,0,0,"",Viterbo Manuel,"Limache, Chile",viterboMCQ,"",FALSE,2013-06-27T15:36:43.000Z
155202530,"@nclagomarsino @mxperez ¬øO De 100 personas vacunadas con CoronaVac que fueron expuestas al virus, 33 cursar√≠an la enfermedad con sintomas y de esas 33 personas 20 morir√≠an? Parece el video de @EstaDoblao explicando las cuarentenas jajajajaj",1383062100612943874,es,2021-04-16T14:17:55.000Z,0,1,1,0,Experto en bloquear bots de derecha y viboritas. üêç = bloqueo.,Andr√©s,Corea del Norte,elpulpoamargo,"",FALSE,2010-06-13T12:59:51.000Z
155202530,"@mxperez No me queda muy claro lo que public√≥ el gobierno.
A ver si entiendo bien:
De 100 personas vacunadas con CoronaVac que fueron expuestas al virus, 33 cursar√≠an la enfermedad con sintomas ¬øLas dem√°s las cursar√≠an sin sintom√°s o nunca la tendr√≠an?. Y de esas 33 personas 20 morir√≠an?",1383061502651863043,es,2021-04-16T14:15:32.000Z,0,0,0,0,Experto en bloquear bots de derecha y viboritas. üêç = bloqueo.,Andr√©s,Corea del Norte,elpulpoamargo,"",FALSE,2010-06-13T12:59:51.000Z
155202530,"@josekc81 @mxperez Ya ok, pero no se sabe si dentro del 67% ten√≠an el virus asintom√°tico. Y si es c√≥mo dices entonces solo sirve para medir la efectividad de la vacuna como buena o mala no m√°s que eso, ya que esos datos solo sirve para este momento y lugar, ya que dependen de la carga viral.",1383063110655877123,es,2021-04-16T14:21:56.000Z,0,0,0,0,Experto en bloquear bots de derecha y viboritas. üêç = bloqueo.,Andr√©s,Corea del Norte,elpulpoamargo,"",FALSE,2010-06-13T12:59:51.000Z
155202530,"@sesnaola @mxperez De 100 personas vacunadas con CoronaVac expuestas al virus, solo 33 cursar√≠an la enfermedad con sintomas?, y de esas 33, 20 morir√≠an? Algo as√≠? est√° un poco rara la redacci√≥n.",1383056341644709901,es,2021-04-16T13:55:02.000Z,0,0,1,0,Experto en bloquear bots de derecha y viboritas. üêç = bloqueo.,Andr√©s,Corea del Norte,elpulpoamargo,"",FALSE,2010-06-13T12:59:51.000Z
157480716,"@mxperez Como lo entiendo es:
33% vacunados se infecta. 15% de ese 33% (5% total vacunados) va a hospitalizarse. De esos 20% muere, es decir 1% del total de vacunados.",1383050037031227397,es,2021-04-16T13:29:59.000Z,0,1,0,0,Creador y so√±ador,Nico C.,Chile,nclagomarsino,"",FALSE,2010-06-19T23:41:26.000Z
157480716,@elpulpoamargo @mxperez @EstaDoblao Se las arreglan para hacerlo dificil. Pero alguien me dijo que es incluso menos que esos 20. Estoy viendo si lo planilleo en un rato libre,1383062405698224134,es,2021-04-16T14:19:08.000Z,0,0,1,0,Creador y so√±ador,Nico C.,Chile,nclagomarsino,"",FALSE,2010-06-19T23:41:26.000Z
1581399788,Indolente es un calificativo √≠nfimo @ministeriosalud @GobiernodeChile @rod_herrera @mxperez @tv_monica @Pajarobere @KarendTV @DMatamala @doctor911_cl @rodrigosepu @AndreaAristegui #TercerRetiroAHORA @PamJiles @Senado_Chile @Camara_cl hoy chile duele üíî sufre https://t.co/IGmPeSH2hI,1380584890454904840,es,2021-04-09T18:14:22.000Z,1,0,0,0,"Veo Humanos,.... PERO no Veo Humanidad.... üòîü•∫.....El Mundo Cambia Con TU Ejemplo No Con TU Opini√≥n.",NatyLy ‚è≥üïäÔ∏è,"",NHuentenao,"",FALSE,2013-07-09T20:46:06.000Z
1581399788,As√≠ es La Araucan√≠a tambi√©n #temblor #temuco informaci√≥n preliminar 5.y algo en lebu @meganoticiascl @rodrigosepu @tv_monica @mxperez @GobiernodeChile @reddeemergencia @onemichile https://t.co/qOiPvgAG5V,1380795316363010048,es,2021-04-10T08:10:32.000Z,0,0,1,0,"Veo Humanos,.... PERO no Veo Humanidad.... üòîü•∫.....El Mundo Cambia Con TU Ejemplo No Con TU Opini√≥n.",NatyLy ‚è≥üïäÔ∏è,"",NHuentenao,"",FALSE,2013-07-09T20:46:06.000Z
1581399788,#temblor en la Araucan√≠a 5. Y algo ü•∫ü§¶üèª‚Äç‚ôÄÔ∏è @rodrigosepu @DMatamala @meganoticiascl @tv_monica @mxperez @AndreaAristegui  bonita forma de despertar seria lo √∫nico q nos falta Aguanten todos cari√±os y fuerza esperanza y fe ‚ô•Ô∏è,1380794452315344897,es,2021-04-10T08:07:06.000Z,0,0,4,0,"Veo Humanos,.... PERO no Veo Humanidad.... üòîü•∫.....El Mundo Cambia Con TU Ejemplo No Con TU Opini√≥n.",NatyLy ‚è≥üïäÔ∏è,"",NHuentenao,"",FALSE,2013-07-09T20:46:06.000Z
1581399788,@tv_monica @mxperez @AndreaAristegui @SoledadOnetto @bianchileiton @rod_herrera @MuchoGustoMEGA @gonzaloramirex @rodrigosepu @CHVNoticias @LaRedTV @mentiraslared @eljanovega @alejandramatus @CG_ARROYO @HolaChileLaRed @KarendTV @MatinaldeCHV https://t.co/MNqkHg1OTr,1382881792278007809,und,2021-04-16T02:21:26.000Z,0,0,0,0,"Veo Humanos,.... PERO no Veo Humanidad.... üòîü•∫.....El Mundo Cambia Con TU Ejemplo No Con TU Opini√≥n.",NatyLy ‚è≥üïäÔ∏è,"",NHuentenao,"",FALSE,2013-07-09T20:46:06.000Z
164432716,@cla_cor @tv_Amaro @ramirez_polo @diana_bolocco @TonkaTP @IvanValenzuelaU @tv_monica @TVN @24HorasTVN @T13 @meganoticiascl @MegaPlusCL @tv_Amaro @IvanValenzuelaU @sergiolagos @TonkaTP @diana_bolocco @mxperez,1379821904421388289,und,2021-04-07T15:42:32.000Z,0,0,0,0,"üíôFER'S MOM, XIMENA'S SISTER Physical Education Teacher CRUZADA FOREVER Fans of LIVERPOOL Widow of Bielsa, and fan of my DAUGHTER FERNANDA and Nadia Comaneci üíô",Mariella Soledad üíôüíôüíô,"Providencia, Chile",mariella_cool73,"",FALSE,2010-07-08T21:41:01.000Z
1663456334,"@Eduar1962 @mxperez @tv_monica @DMatamala @Mister_Wolf_0 @alejandramatus @doctor911_cl @pelaorodrigorc @danieljadue Si aweonao, se va a sacar un ojo para hacer un tongo... Fachos qlos weones.",1378720846374711301,es,2021-04-04T14:47:19.000Z,0,0,10,0,nunca hagas lo que a ti no te gusta que te hagan,Francisco... Anti-pi√±era,Valpara√≠so,gaete_franci,"",FALSE,2013-08-11T21:03:02.000Z
1663456334,"Por favor , hazte el tiempo y comparte!!!
 No dejemos solos a nuestro amigos!!!

#chile #VamosColoColo @mxperez @tv_monica @DMatamala @Mister_Wolf_0 @alejandramatus @doctor911_cl @pelaorodrigorc @danieljadue 

Ayudaaaaaaa!!!! https://t.co/V4XmUP7HT2",1378505846456467457,es,2021-04-04T00:32:59.000Z,366,5,231,10,nunca hagas lo que a ti no te gusta que te hagan,Francisco... Anti-pi√±era,Valpara√≠so,gaete_franci,"",FALSE,2013-08-11T21:03:02.000Z
212315880,"#elValorDeLaEducacion Si un/a profesor gana al mes $588.000.- bruto, x trabajar frente a curso 40 horas a la semana (on line o presencial) Por cada hora efectiva frente a curso recibe: $3.675 y $0 pesos por preparar clases o evaluaciones. @mxperez @DMatamala @IvanValenzuelaU",1381289157377601538,es,2021-04-11T16:52:52.000Z,0,0,0,0,"Profesora, Magister en Psicolog√≠a, Cuentacuentos. Diplomada en literatura infantil. Fan√°tica lectora. Madre enamorada.",Mar√≠a Jos√© Tapia,Santiago de Chile,MariaJoseTapia_,"",FALSE,2010-11-05T18:54:53.000Z
212315880,"En medio de las crisis sanitaria, ha surgido la crisis familiar, donde la educaci√≥n cobra un valor alt√≠simo ¬øsabe cu√°nto gana el profesor/a de sus hijos por su trabajo? Aprox $5.250 la hora efectiva frente a curso, $0 por preparaci√≥n, $0 por evaluar #estoDEBEcambiar @mxperez",1381272384271962119,es,2021-04-11T15:46:13.000Z,0,0,0,0,"Profesora, Magister en Psicolog√≠a, Cuentacuentos. Diplomada en literatura infantil. Fan√°tica lectora. Madre enamorada.",Mar√≠a Jos√© Tapia,Santiago de Chile,MariaJoseTapia_,"",FALSE,2010-11-05T18:54:53.000Z
217224660,‚Å¶@PamJiles‚Å© ‚Å¶@DrEnriqueParis‚Å© ‚Å¶@pdazan‚Å© ‚Å¶@desbordes‚Å© ‚Å¶@CHVNoticias‚Å© ‚Å¶@AlessandriFelip‚Å© ‚Å¶@camila_vallejo‚Å© ‚Å¶@DoctorJLCastro‚Å© ‚Å¶@ximerincon‚Å© ‚Å¶@FLagos_Neumann‚Å© ‚Å¶@aluksicc‚Å© ‚Å¶@GiorgioJackson‚Å© ‚Å¶@mxperez‚Å© @ https://t.co/RzQT81kcLS,1379863357663109129,und,2021-04-07T18:27:15.000Z,0,0,1,0,"",VIVO EL PRESENTE,SANTIAGO-CHILE,jorgemiranda50,"",FALSE,2010-11-18T22:47:13.000Z
217224660,"@ProvosteYasna @mxperez @desbordes  @JorgeSharp @PamJiles Pat√©tico es el gobierno cuando se habla con los bolsillo lleno de plata   ,les pregunto s√≠ todosb los diputados y senadores  quedar√°n sin trabajo todo un a√±o  haber si no quisieran su 10%  para sobrevivir,caras de raja.",1380584388572893184,es,2021-04-09T18:12:22.000Z,0,0,0,0,"",VIVO EL PRESENTE,SANTIAGO-CHILE,jorgemiranda50,"",FALSE,2010-11-18T22:47:13.000Z
217224660,‚Å¶@DrEnriqueParis‚Å© ‚Å¶@mxperez‚Å© ‚Å¶@PamJiles‚Å© ‚Å¶@pdazan‚Å© https://t.co/PmBJXVGsRb,1379225242590195717,und,2021-04-06T00:11:37.000Z,0,0,0,0,"",VIVO EL PRESENTE,SANTIAGO-CHILE,jorgemiranda50,"",FALSE,2010-11-18T22:47:13.000Z
217224660,@ProvosteYasna @PamJiles @pdazan @DoctorJLCastro @ContigoCHV @FmmCarolina @desbordes @JorgeMi38329917 @mxperez @alvarez_monse @camila_vallejo https://t.co/if25Gk0kJF,1380140192808460297,und,2021-04-08T12:47:18.000Z,0,0,0,0,"",VIVO EL PRESENTE,SANTIAGO-CHILE,jorgemiranda50,"",FALSE,2010-11-18T22:47:13.000Z
2184605566,Ella la tiene clara @PamJiles @camila_vallejo @HolaChileLaRed @AdrianoActor @gabrielboric @ximerincon @TheRealLarryMoe @tv_monica @mxperez @T13 @Bienvenidos13 @TonkaTP @sergiolagos https://t.co/JmmeqOp4Kg,1382449556160401409,es,2021-04-14T21:43:53.000Z,0,0,0,0,"",Alexander Cabrera,"",Acabrera160576,"",FALSE,2013-11-17T14:05:01.000Z
218965681,"@mxperez Y considerar que seguramente el estudio est√° con personas de mayores riesgos que han sido los primeros en vacunarse, por lo que podr√≠a esperarse mejores resultados para los grupos que actualmente se vacunan .",1383065821581344773,es,2021-04-16T14:32:42.000Z,0,0,0,0,El agua vale m√°s que el Oro !! #patagoniasinmineras,Arturo Y√°√±ez Cofr√©,"",Art_u_ro,"",FALSE,2010-11-23T15:52:41.000Z
221521064,@chinesepipol Ojal√° alguien investigue la suspensi√≥n de cr√©ditos hipotecarios fue un Arreglo para atrapar con m√°s cr√©ditos a la gente @cazanoticiasCHV @Emol @elmostrador @El_Ciudadano @mxperez @meganoticiascl @CHVNoticias,1379134293784592385,es,2021-04-05T18:10:13.000Z,1,0,0,0,"Soy cantor, soy embustero, me gusta el juego y el vino, Tengo alma de marinero les escribo desde Berlin, Alemania",Andrelo,Alemania,romandrelo,"",FALSE,2010-11-30T22:04:15.000Z
2366574780,@Jen__Alv necesita ayuda urgente @GobiernodeChile @SernamEGChile @EveFitCL @ValdebenitoNata @TVN @canal13 @CG_ARROYO @JairoValdes1 @Carabdechile @PDI_CHILE @tv_monica @mxperez @rodrigosepu @alejandramatus @Conejito_1975 @Mister_Wolf_0 @coxismo #NiUnaMenos #Chile #Valdiviacl https://t.co/nN6uKXKRr5,1384010294800703488,es,2021-04-19T05:05:42.000Z,2,0,6,0,"Nacido y criado en
Talcahuano, Valdiviano de coraz√≥n. Quiz√°s no puedas cambiar el mundo, pero cambia el mundo de un animal...#Adopta",RoRigo,Valdivia,directoperez,"",FALSE,2014-03-01T05:29:33.000Z
24035723,@rubionatural @TonkaTP @canal13 @CarlosZarateV @ramirez_polo @mxperez @alfombraroja_13 @T13 @K3LCALDERON,1379897681913516033,und,2021-04-07T20:43:39.000Z,0,0,0,0,"Chileno üá®üá± de nacimiento;Iquique√±o üê≤ de coraz√≥n üíô
#EstoNoHaTerminado #NoEstamosenGuerra",Marcelo G√°lvez,"Iquique, Chile",titomarcelo,http://t.co/hKfDLiB5hO,FALSE,2009-03-12T21:00:00.000Z
243693500,@KarimBianchi @adnradiochile @CNNChile @PublimetroChile @meganoticiascl @latercera @mxperez @tv_monica @canal13 @RedAustral_tvn @tv_Amaro @24HorasTVN üëèüëèüëèüëè Basta de #cuchufletas...,1382724195520544768,es,2021-04-15T15:55:12.000Z,0,0,1,0,Chilena üá®üá±,Ale Garc√≠a,COQUIMBO CHILE,JanyGarciaC,"",FALSE,2011-01-27T16:20:13.000Z
248528995,"@mxperez @T13 La gente com√∫n 
Con suerte tiene trabajo 
Como va a pagar una multa",1382317640744644610,es,2021-04-14T12:59:42.000Z,0,0,0,0,jazz m√∫sica libros cine pel√≠culas,mauricio garcia,"",eofhain,"",FALSE,2011-02-07T05:42:49.000Z
249173136,"@cla_cor @T13 @KarlaEnAccion @mxperez @24HorasTVN @TVN @meganoticiascl @MegaPlusCL @LaRedTV @CNNChile @chilevision @CHVNoticias Ahora falta que en las campa√±as politicas se usen mascarillas y se mantenga distancia f√≠sica. Adem√°s extra√±o que los posibles presidenciables hagan llamados al autocuidado y respetar medidas, y no solo pensar en c√°lculos eleccionarios.",1379245970773442561,es,2021-04-06T01:33:59.000Z,0,0,0,0,M√©dico Veterinario UdeC #Salubrista #Unasalud #Zoonosis.,Rolando Rojas Garcia,"San Pedro de La Paz, Chile",RoRojasG,"",FALSE,2011-02-08T14:42:18.000Z
24952459,"Sube tensi√≥n por tercer 10%: Gobierno recurre al TC para frenar iniciativa. Comienza üì∫  #T13Central con la conducci√≥n de @mxperez y Ram√≥n Ulloa. 

EN VIVO ¬ª https://t.co/E1tvIn6RLs https://t.co/MXjiMcGeUH",1384673855134961664,es,2021-04-21T01:02:27.000Z,6,32,24,1,"Somos la cuenta oficial del Departamento de Prensa de Canal 13. 
Tus denuncias al üì± +56939200797
Se√±al EN VIVO y + üìπ https://t.co/dCoYlzkotH
üì∑https://t.co/6MRcIGwB0I",T13,"Santiago, Chile",T13,https://t.co/4saJ0daju3,TRUE,2009-03-17T20:54:09.000Z
250327668,@canal13 @mxperez ESTO ES FALSO O VERDADERO? @DrEnriqueParis https://t.co/Mj28YDdM0u,1379920418128211969,pt,2021-04-07T22:14:00.000Z,1,0,0,0,Mujer ‚ô• y madre feliz con detalles simples! QUIERO VIVIR tranquila üá®üá±y feliz con mi familia,Virgin,Puchuncavi,virginpreciosa,"",FALSE,2011-02-10T21:48:23.000Z
253743628,"@mxperez Conductor se abstuvo de cuestionamiento e interpelaci√≥n (...)Tampoco se aclar√≥ q H Norambuena No es preso pol√≠tico.CNTV formula cargos a La Red x entrevista a M H Norambuena ""ttps://www.emol.com/noticias/Espectaculos/2021/04/16/1018179/CNTV-formulacion-cargos-La-Red.html",1383186587366916096,es,2021-04-16T22:32:35.000Z,0,0,0,0,"INGENIERO COMERCIAL U. DE CHILE, EMPRENDEDOR, CATOLICO, LIBRE PENSADOR",Gabriel V,CHILE,GXXXV,"",FALSE,2011-02-17T21:49:56.000Z
264947379,"@ministeriosalud  una vez vacunados, cu√°nto tiempo protege la vacuna? de por vida?, un a√±o? √©s como la vacuna de la influenza? habr√° que vacunarse todos los a√±os? #COVID„Éº19 @meganoticiascl @24HorasTVN @AndreaAristegui @mxperez @T13 @CHVNoticias @meganoticiascl @GobiernodeChile",1379125454171475968,es,2021-04-05T17:35:05.000Z,0,0,0,0,"",üíûUn Besito Al Cielo ü§ó,"",gina_vanesa,"",FALSE,2011-03-12T18:43:08.000Z
264947379,"UNA PERSONA QUE SE HAYA VACUNADO Y SE LLEGA A CONTAGIAR CON COVID, DEBE HACER CUARENTENA? PUEDE CONTAGIAR A OTROS? @AndreaAristegui @mxperez @24HorasTVN @gonzaloramirex @NotiCHV @meganoticiascl @T13 @alvarez_monse @JuliaVialTV",1381769533506121734,es,2021-04-13T00:41:43.000Z,0,0,0,0,"",üíûUn Besito Al Cielo ü§ó,"",gina_vanesa,"",FALSE,2011-03-12T18:43:08.000Z
270539380,@mxperez Se me parte el alma üíîüíî que desgarradora esta realidad üò≠üò≠ No podemos permitirlo !!!,1380341540313268231,es,2021-04-09T02:07:23.000Z,0,0,1,0,;),Bego√±a,"Stgo, Chile",BegoGuell,"",FALSE,2011-03-22T20:16:24.000Z
278221590,@mxperez Los chinos la tenian lista,1383202084481335298,es,2021-04-16T23:34:10.000Z,0,0,0,0,"Profesional; Postgrados; Empresario; Regionalista, Independiente. Gremio, Naturaleza",Higinio Morales,Regi√≥n de Atacama y L. Condes,Higinio_Morales,"",FALSE,2011-04-06T21:15:52.000Z
278221590,@mxperez @T13 Era obvio. El dia que alguien pague los 50 millones con que tanto amenazaban ser√° el d√≠a del n√≠spero en la tarde,1382155839268646913,es,2021-04-14T02:16:45.000Z,0,0,0,0,"Profesional; Postgrados; Empresario; Regionalista, Independiente. Gremio, Naturaleza",Higinio Morales,Regi√≥n de Atacama y L. Condes,Higinio_Morales,"",FALSE,2011-04-06T21:15:52.000Z
280258821,"Supongo que estos 15 d√≠as en que pretenden no trabajemos los descontar√°n de nuestro pago de patente comercial no??? #pymesencrisis 

Medida nefasta en tiempos previos al d√≠a de la madre en que las ventas son altas, ayuda! @mxperez @alvarez_monse @jananeme @DMatamala @rodrigosepu https://t.co/nKdU0zt7nI",1378858958635597833,es,2021-04-04T23:56:08.000Z,0,0,1,0,"Amo, r√≠o, quiero, cuido, vivo, soy!",Ely...,Santiago,Ely_Zarate,"",FALSE,2011-04-11T00:07:33.000Z
2804682481,@mxperez Nadie me crey√≥...dijieron que estaba loca!!,1380797125219528706,es,2021-04-10T08:17:43.000Z,0,0,0,0,Mujer,Carla Beltr√°n,"",pecoyzerra,"",FALSE,2014-09-12T01:05:45.000Z
281515353,Atenti atenti ma√±ana lanzaremos el informe @AndreaObaid @adnradiochile @alvarez_monse @tv_monica @carlazunin @angelicabulnes @andreavial @FMartorell @IvanValenzuelaU @simonoliveros @ManuelDTP @Cooperativa @mxperez @tv_mauricio @cuevaspato @aguirreseba @CentroCOES @AndreaAristegui https://t.co/FiobqAx0ZB,1379137213259255808,es,2021-04-05T18:21:49.000Z,0,0,4,0,MA @roskildeuni  PhD candidate @unihh #Civicengagement #socialmedia #digitalactivism Researcher & teacher @periodismouah & @fcomudd Coordinating @CiuDigitalUAI,Amaranta Alfaro,"",anta_a,https://t.co/m2GRbDyTGO,FALSE,2011-04-13T12:45:19.000Z
285845179,@rodrigosepu @mxperez @tv_monica @GreenpeaceCL @LeoDiCaprio @CNNEE https://t.co/Zq0P2Zuhsx,1381488000627015681,und,2021-04-12T06:03:00.000Z,0,0,0,0,"Contador, Ingeniero Mktg , Book lover, Italian lover, Ô£øLover, ‚ô´Lover, ‚ôè #LES Hic Et Nunc - Carpe Diem, suerte en el juego no m√°s",Jenn Morape,Santiago - Chile,JennMoralesP,"",FALSE,2011-04-21T22:07:00.000Z
329437733,Excelente @T13. En entrevista a @KarlaEnAccion los periodistas @mxperez y Ram√≥n Ulloa usando mascarillas en el estudio. Los dem√°s canales seguir√°n el ejemplo? @24HorasTVN @TVN @meganoticiascl @MegaPlusCL @LaRedTV @CNNChile @chilevision @CHVNoticias #enTVconmascarilla üì∫üò∑,1379244576293203970,es,2021-04-06T01:28:26.000Z,28,2,101,0,"Tengo el placer y el lujo de gozar mi trabajo. La investigaci√≥n, ciencia, salud, los bichos y los infectados. HIV & Tx ID + COVID üôÑ. Infect√≥loga U de Chile.",Claudia Cortes,SCL,cla_cor,"",TRUE,2011-07-05T02:32:07.000Z
3302429368,"Galer√≠a fotos memorables educaci√≥n. Suizo Jean Mohr (1925-2018) retrat√≥ distintas dimensiones de exilios y guerras.
@DrMoniByrne @mxperez @femmenegrita @rosamariatorres @alexmilberg @narodowski @look2leaders @TeresaBrachoG @EmiVegasV @patvazher @veronicacabezas @claudiapeirano https://t.co/h9W8pug2Nd",1383433920667021321,es,2021-04-17T14:55:24.000Z,0,1,13,0,apasionado por la educaci√≥n y por  Chile,jose weinstein,"√ëu√±oa, Chile",JoseWeinstein,https://t.co/qDdMVLeKws,FALSE,2015-05-29T02:23:29.000Z
3315691330,@T13 @mxperez https://t.co/Vkpj742TG1,1384707943195717634,und,2021-04-21T03:17:54.000Z,0,0,0,0,En tercera via ciudadana Observ√≥ y medito mejorar mi pa√≠s aunque algunos me vean como un patipelado,Guillermo Quiroz,"Puente Alto, Chile",terceraviaciuda,"",FALSE,2015-06-09T19:10:18.000Z
351146073,"@mxperez @T13 Trabajo comunitario, ll√©venlos a los hospitales a realizar limpieza!!! No son tan choritos!",1382162292758953984,es,2021-04-14T02:42:24.000Z,0,0,1,0,"Disfrutar al m√°ximo, #100%cletero, #m√°s ciclov√≠as",claudio miranda,"",claudiopatmir,"",FALSE,2011-08-08T21:15:13.000Z
353361733,@mxperez @T13 Mira @Valemartig ü§∑üèª‚Äç‚ôÄÔ∏è,1382155407406292995,es,2021-04-14T02:15:02.000Z,0,0,0,0,"Mujer, Abogada, Mg en derecho publico, a ratos seria, a ratos dispersa, siempre transparente, frontal, directa, leal e intensa...tratando a diario de ser libre",Mar√≠a-Jos√© Lira M.,No siempre donde debo ,cotelm,https://t.co/55xGm7D34e,FALSE,2011-08-11T23:30:22.000Z
35862125,@mxperez Esaaaaa!,1383046990448197637,und,2021-04-16T13:17:52.000Z,0,0,0,0,"Periodista, @crehbein en Instagram. Panelista en @somosunplato, donde hablo de tv, personajes, historias. Gozadora de los viajes y la comida.",Carolina Rehbein,chile,carolarehbein,"",FALSE,2009-04-27T21:10:17.000Z
367302789,@Carabdechile Mientras no ocupen los RP para andar paseando mujeres en horario de Toque de Queda. Mientras no se le ocurra a un Cdte andar de fiestas. Mientras no anden agarr√°ndose a combos en un condominio y as√≠ un largooo etc. Se debe refundar @Carabdechile @lucialopezchile @mxperez,1380913651981377538,es,2021-04-10T16:00:45.000Z,0,0,0,0,"Ingeniero Civil
Diplomado en Mineria
Candidato MBA UIV Espa√±a",Alejandro  Aravena,"Vi√±a del Mar, Chile",aaravena1967,"",FALSE,2011-09-03T18:55:25.000Z
367487053,"@mxperez si entiendo bien, hay m√°s personas que, luego de la vacuna, mueren sin haberse hospitalizado que en el hospital?",1383049038065496066,es,2021-04-16T13:26:01.000Z,0,2,1,0,"Director de empresas. Economista, MBA, Egresado Magister Historia",Abel Bouchon Silva,"",abelbouchon,"",FALSE,2011-09-04T01:55:32.000Z
367816929,@mxperez Ud necesita un curso de redacci√≥n y ortograf√≠a urgente !!! Gratuito y de calidad!!!!,1383092278563115011,es,2021-04-16T16:17:50.000Z,0,0,2,0,"Siempre a la derecha, nunca m√°s comunistas totalitarios y antidemocr√°ticos!!",El Ojo Atento,Providencia Santiago Chile,elojoatento,"",FALSE,2011-09-04T16:27:53.000Z
379336335,"@T13 @mxperez Que forma m√°s obtusa de resolver del gobierno, no todos califican, es p√©simo como se segrega. Todo mal y pensar que le di mi voto..",1384677378841059328,es,2021-04-21T01:16:27.000Z,0,0,1,0,Psic√≥loga.,Paola Gonzalez,San Pedro De La Paz,paolitagon27,"",FALSE,2011-09-24T19:41:28.000Z
393091146,"@T13 @mxperez Me parece excelente, y demuestra cada vez m√°s la inoperancia del gobierno.",1380337478729674753,es,2021-04-09T01:51:15.000Z,1,0,4,0,"",Alejandro Zamorano,"Santiago, Chile",Alejandrozg66,"",FALSE,2011-10-18T00:50:11.000Z
433675005,"@mxperez Que me vacunen a mi, yo tengo 33 a√±os y lo √∫nico que quiero es mi vacuna ü•∫ü•∫ü•∫",1383086212274077700,es,2021-04-16T15:53:44.000Z,0,0,1,0,"Chilena, 33 oto√±os",Alexazul Carrasco üíô,"Quillota, Chile",alexacarrasc,"",FALSE,2011-12-10T21:37:31.000Z
460329804,Tener que hacer rifas y/o completadas para cubrir gastos m√©dicos de tu hijo no tiene nombre... Porfa RT para Cristian Mu√±oz #SaludParaTodos @izkia @tv_monica @mxperez @DrEnriqueParis https://t.co/Z6BMSfddbi,1378678669170909185,es,2021-04-04T11:59:43.000Z,1,0,1,0,"Ciudadano latinoamericano amante de la naturaleza, la urbe y su arquitectura.",yei p√≠ #EstamosChatos,Chile,jotape_26,"",FALSE,2012-01-10T16:56:53.000Z
512329706,@T13 @mxperez Muy buenas noches querida M√≥nica e estimado don Ram√≥n ya viendo las noticias en #T13Central saludos cordiales desde Rancagua y que tengan un buen termino de jornada un abrazo saludos,1384678102526222336,es,2021-04-21T01:19:20.000Z,0,0,0,0,Rancaguino Bullanguero de Coraz√≥n,Fabi√°n Parraguez,Chile,FabiParraguezM,https://t.co/8aSPtxftu0,TRUE,2012-03-02T18:58:27.000Z
55073049,"@AnnMargaretInos @Isabellarulis @patty_rechazo @LavinSebastian @Xchong @GobiernodeChile @GalliJF @CIDH @PJudicialChile @fiscalesdechile @gabrielboric @mxperez @mirnaschindler Un delincuente se√±ora Chong 
@PDI_CHILE 
https://t.co/EjqpCQDllF",1382436770319581184,es,2021-04-14T20:53:05.000Z,2,0,3,0,Chileno radicado en Brasil,Gonzalo Ramirez,"",GrBarros1,"",FALSE,2009-07-08T23:47:04.000Z
56127243,"Me encanta @mxperez . Es un agrado ver noticias con ella, una dama, ojal√° no se contamine. Muy profesional y elegante!",1380347377618391042,es,2021-04-09T02:30:35.000Z,0,0,1,0,"",Beba Pizarro üíö,"Las Condes, Chile",BebaPizarro,"",FALSE,2009-07-12T16:24:24.000Z
578395004,@mxperez Los que ven üì∫ y se dejan llevar por el comentario del vecino son los que no quieren vacunarse . Como que cuando nacieron y eran menores no los hubiesen vacunados,1383074477014188034,es,2021-04-16T15:07:06.000Z,0,0,0,0,"",Rene,"",docdenty,"",FALSE,2012-05-12T21:05:37.000Z
58310508,@T13 Mira @cla_cor! Est√° funcionando tu campa√±a! @mxperez y Ram√≥n Ulloa est√°n ocupando mascarilla.... y la ministra @KarlaEnAccion tambi√©n! üëèüèªüëèüèª,1379249228829093891,es,2021-04-06T01:46:56.000Z,0,0,2,0,CHILE | Periodista. Director General en Canal Comunicaciones.,Felipe Za√±artu,#soydonanteymifamilialosabe,FelipeZanartu,"",FALSE,2009-07-19T22:22:20.000Z
589330437,@T13 @mxperez https://t.co/pDtKNjZFY9,1384674789114228738,und,2021-04-21T01:06:10.000Z,0,0,0,0,"Inform√°tico, padre y padrastro.",Francisco Latorre,"La Florida, Chile",fakolatorre,"",FALSE,2012-05-24T16:32:37.000Z
598783667,"@mxperez hola M√≥nica, mire esto, claramente es una ESTAFA y tambi√©n salen 2 colegas m√°s para que tenga cuidado....saludos https://t.co/3EfEe0wf9N",1382813250413285381,es,2021-04-15T21:49:04.000Z,0,0,0,0,"me gusta el ajedrez, aprender de idiomas, muy trabajador, responsable y sobre todo me gusta trabajar en la mineria",Buzo79,"",Cocinero331,"",FALSE,2012-06-04T00:28:14.000Z
59900488,@mxperez Sin palabrasüíî,1380341880597184513,es,2021-04-09T02:08:44.000Z,0,0,1,0,"Soy donante,amo a los animales, alegre, la vida es musical,deportista, ecol√≥gica",veroaburtozawadzky,"Santiago, Chile",veroaburtoz,"",FALSE,2009-07-24T22:01:45.000Z
631551683,@T13 @mxperez M√≥nixa: no hay CASTIGO para ning√∫n DELITO.,1382154423061901318,es,2021-04-14T02:11:08.000Z,0,0,0,0,"Talquino de nacimiento, llanquihuano de coraz√≥n.  Socio de la C√°mara de Turismo Llanquihue, y colaborador de la Fundaci√≥n Legado Chile.",Arturo C,"Llanquihue, Chile",aecarrenog,https://t.co/anEyXTXIAD,FALSE,2012-07-10T00:53:10.000Z
70999913,"@mxperez Si se hizo en Chile, ese estudio es falso o est√° mal hecho. Si a   #pi√±eractm se le atribuye un 14% y todos sabemos que es mentira y que no da para dos digitos, el censo, las listas de espera, el n¬∞ de fallecidos, etc.... dudo tambi√©n esta vez de este estudio. @AlertaQuilicura",1383729599612260357,es,2021-04-18T10:30:19.000Z,0,0,1,0,"",Jose Eguiguren,Santiago de Chile,eguiguren_jose,"",FALSE,2009-09-02T16:02:00.000Z
712936819483090944,@KarimBianchi @adnradiochile @CNNChile @PublimetroChile @meganoticiascl @latercera @mxperez @tv_monica @canal13 @RedAustral_tvn @tv_Amaro @24HorasTVN üëèüëèüëèüëç https://t.co/5L0yKaMnVc,1382725644040146949,und,2021-04-15T16:00:57.000Z,0,0,1,0,"",Ceüíúxiüíú aires nuevos,"",CECILUZYAMOR,"",FALSE,2016-03-24T09:39:18.000Z
724338968221855744,"@cla_cor @T13 @KarlaEnAccion @mxperez @24HorasTVN @TVN @meganoticiascl @MegaPlusCL @LaRedTV @CNNChile @chilevision @CHVNoticias ""Estudio CoronaVac Chile: Anatom√≠a de un Fraude""
Perito Forense Rodrigo Paz analiza ""Reporte preliminar: Seguridad e Inmunogenicidad de vacuna inactivada contra SARS-COV-2 en adultos chilenos sanos ensayo cl√≠nico fase 3"" publicado por Alexis Kalergis y col
https://t.co/QMAIyOfUs1",1379248411883536391,es,2021-04-06T01:43:41.000Z,0,0,0,0,"",Carolina Morales,"",SosNinosename1,"",FALSE,2016-04-24T20:47:22.000Z
743361557661364224,"@T13 @mxperez Alguien lo dijo, y fu√© muy acertado... ac√° improvisan m√°s que en Jam Session",1380337419258630145,es,2021-04-09T01:51:00.000Z,0,0,1,0,Generaci√≥n X,Ra√∫l...use mascarilla,"Conc√≥n, Chile",acevedoraul3,"",FALSE,2016-06-16T08:36:21.000Z
792534996523356160,@mxperez Excelente!,1383046462704123905,es,2021-04-16T13:15:47.000Z,0,0,0,0,"",Roberto Mu√±oz Lillo,"",roberto_lil1,"",FALSE,2016-10-30T01:14:02.000Z
801756970692837377,@CNNChile @CHVNoticias @ContigoCHV @HolaChileLaRed  @PiensaPrensa @izkia @pdazan @mentiraslared @24HorasTVN @tv_monica @mxperez @Mister_Wolf_0 @rafa_cavada @baradit @izkia @SeremiSaludRM https://t.co/z7BaH31L6l,1382913893882859520,und,2021-04-16T04:29:00.000Z,0,0,0,0,"Jamas pens√© ser testigo d la historia en Pandemia covib

Que el universo nos protejaüí´üíóüçÄ

Cada d√≠a observo miro y doy gracias",Sol Chaiten üíñüåàüåª‚òî,En la magia del sur Chile ,solchaiten,"",FALSE,2016-11-24T11:58:52.000Z
801756970692837377,"@raulfiguersa @DrEnriqueParis @KarlaEnAccion @sebastianpinera @thetimesCL @thecliniccl @jananeme @alejandramatus @Pa__tty @PiensaPrensa @fuentesilva @rafa_cavada 
@tv_monica @mxperez @Cooperativa @primeralineapr #juliocesar https://t.co/sA6SjWxMUE",1381018193012088832,und,2021-04-10T22:56:09.000Z,0,0,0,0,"Jamas pens√© ser testigo d la historia en Pandemia covib

Que el universo nos protejaüí´üíóüçÄ

Cada d√≠a observo miro y doy gracias",Sol Chaiten üíñüåàüåª‚òî,En la magia del sur Chile ,solchaiten,"",FALSE,2016-11-24T11:58:52.000Z
825701458947481600,@KarimBianchi @adnradiochile @CNNChile @PublimetroChile @meganoticiascl @latercera @mxperez @tv_monica @canal13 @RedAustral_tvn @tv_Amaro @24HorasTVN Ayer escuch√© su alocuci√≥n por TV y realmente me emocion√©... senti que por fin alguien era capaz de sentir lo que mi Chile est√° viviendo.Solo gracias.,1383437896988852238,es,2021-04-17T15:11:12.000Z,0,0,0,0,"RRPP , mam√° de 4 hijos, vivo e intento ser feliz Mis hijos son mi motor lo + importante en mi vida.Hincha de la Catolica,amo a Cerati y detesto a Arjona",Carolina Montenegro,"Chill√°n, Chile",Carolin071072,"",FALSE,2017-01-29T13:45:43.000Z
89238586,"@mxperez Me estan convenciendo, si aparece en @T13 lo creere, aun que por calendario aun no me toca. üòîü§î",1383089683408769041,es,2021-04-16T16:07:31.000Z,0,1,0,0,"Soy #13lovers el unico canal que veo, ademas de ser #Cruzado y muchas tantas cosas buenas mas que solo con un espumante puedo contar üçæü•ÇüòÅ
Instagram: @hozerick",Erick Medina,Chile,Hozerick,"",FALSE,2009-11-11T17:41:27.000Z
92072458,"@HGomez_Chile @covid19cl @rafaelg_fisica Asi es, esto distorsiona indicadores de positividad, hay una explicaci√≥n, pero seria bueno aclararla y preguntar en punto de prensa ma√±ana jueves.
@TV_DanielS @valentinareyes @AndreaObaid @deliaconectada @tv_monica @tv_mauricio @carolaurrejola @mxperez @SoledadOnetto",1379846846588276736,es,2021-04-07T17:21:39.000Z,1,0,1,0,"Tecnikon y Astroaficionado, amante de la vida, pensionado, aventurero y viajero.",Jorgecibia,Stgo-Shile,jorgecibia,"",FALSE,2009-11-23T17:47:59.000Z
93055793,"¬°Que esto se haga VIRAL! Llevo 15 d√≠as sin servicio y en VTR lo √∫nico que hacen es tramitarme. Esto afecta todo el piso 6 de mi torre, mis vecinos tambi√©n han reclamado y han venido 10 t√©cnicos en dos semanas y seguimos SIN SERVICIO. #VTRMIERDA #VTRROBA #FUNAVTR @mxperez",1382461329756262400,es,2021-04-14T22:30:40.000Z,3,0,3,0,"",Rebeca Rojas R.,Chile,rebecarojasr,"",FALSE,2009-11-27T21:53:29.000Z
947311116484476929,@mxperez Tengo m√°s probabilidad de morir sin pasar por UCI?,1383051319762694144,es,2021-04-16T13:35:05.000Z,0,0,0,0,cada d√≠a m√°s solo ...,Pasto Seco,Chile,Ttuit47500317,"",FALSE,2017-12-31T03:39:05.000Z
954734388503367680,"@SII_Chile Mira Gordit(a/o)!!, @InfoGAF1 @CNNChile @TVN 
@canal13 @LaRedTV @meganoticiascl @biobio @lun
@elmostrador @pinguinodiario @Asexma, @SoledadOnetto @TioEmilio13 @mxperez @sebastiansichel @sebastianpinera Pero tengo FE! https://t.co/Gyi7jp9juS",1383555386460934149,pt,2021-04-17T22:58:04.000Z,0,0,0,0,"Accounting & Tax Services
#ContadorGeneral #ContadorAuditor #Tax #IVA #IABA #Asesor #Asesoria #SII #TGR #LibroFUT #AFP #SII #Curacautin #Emprendedor #ADOV",ADOV Contador,#Curacautin #Santiago #Provi,ADOV_Chile,https://t.co/1lZ3xuAm5b,FALSE,2018-01-20T15:16:31.000Z
99778726,@gaete_franci @mxperez @tv_monica @DMatamala @Mister_Wolf_0 @alejandramatus @doctor911_cl @pelaorodrigorc @danieljadue Otro tongo del zurderio,1378715628794744837,es,2021-04-04T14:26:35.000Z,0,2,2,0,"Padre de un hijo , ingeniero y de Derecha",Eduardo,Santiago de Chile ,Eduar1962,"",FALSE,2009-12-27T20:40:44.000Z
