author_id,id,text,created_at.x,lang,public_metrics.retweet_count,public_metrics.reply_count,public_metrics.like_count,public_metrics.quote_count,username,location,url,created_at.y,name,verified,description
1022302021637029888,1053465324102782978,@EnergiaRM @SusanaJimenez https://t.co/vmRIqpL56u,2018-10-20T01:58:00.000Z,und,0,0,1,0,AsecGrupo,Chile,https://t.co/rhserSXahB,2018-07-26T02:06:10.000Z,GRUPO ASEC CHILE ‚ë°‚ì™‚ë°‚ë†,FALSE,Aqu√≠ podr√°s estar informado de toda la actualidad en materia energ√©tica en #Chile
1022302021637029888,1024998013666816000,@MinEnergia @SusanaJimenez Besitos a la Ministra,2018-08-02T12:39:04.000Z,es,0,0,0,0,AsecGrupo,Chile,https://t.co/rhserSXahB,2018-07-26T02:06:10.000Z,GRUPO ASEC CHILE ‚ë°‚ì™‚ë°‚ë†,FALSE,Aqu√≠ podr√°s estar informado de toda la actualidad en materia energ√©tica en #Chile
1045039166759862273,1116669953443233792,@ACCIONA @UnileverSpain Interesante saber el precio del MWh de energ√≠a y el costo x MWh de construcci√≥n de la planta  + el costo de capital efectivo de dicha planta de Unilever @Segpres @CamaraDiputados @PresiSenadocl @sebastianpinera @susanajimenez @MMAChile    Es la forma de saber su futuro,2019-04-12T11:50:38.000Z,es,0,0,0,0,apernate182,"","",2018-09-26T19:55:28.000Z,apernate18,FALSE,""
106185184,988899016585949184,@MinEnergia @SusanaJimenez @rirarrazabal_ Cuente con todo el apoyo de @lenaSNCL de los gremios de productores y comerciantes de Le√±a y de la Asociaci√≥n Chilena de Biomasa @AChBiomAG,2018-04-24T21:54:33.000Z,es,1,0,1,0,jaimelopezg,"","",2010-01-18T19:29:07.000Z,Jaime L√≥pez Gonz√°lez,FALSE,""
106185184,988898593909235721,"@MinEnergia @SusanaJimenez Buen√≠sima noticia, felicitaciones por haber comprendido junto a @rirarrazabal_ lo importante que es el reconocimiento legal de la le√±a como combustible s√≥lido y asumir la responsabilidad que le corresponde al Estado para comenzar en serio a mejorar el funcionamiento del sector.",2018-04-24T21:52:52.000Z,es,0,1,0,0,jaimelopezg,"","",2010-01-18T19:29:07.000Z,Jaime L√≥pez Gonz√°lez,FALSE,""
1135506426,395336816083357696,@SusanaJimenez YO SE QUE VOS NOS APOYAN SUSIIII! #SemanaSanMiguel2013,2013-10-29T23:50:16.000Z,es,2,0,0,0,BanegaJebus,"","",2013-01-30T23:48:37.000Z,Perro Verde,FALSE,"La realidad es una mentira, como la mayonesa light."
1161694822777925632,1265483391069274115,"@EvelinaPonti @SusanaJimenez La V tambien se la volteo.
Si vos lo decis, me voy a ir a estudiar. Gracias amiga ü§óüíï",2020-05-27T03:22:06.000Z,es,0,1,1,0,PatagoniaRebel4,"","",2019-08-14T17:43:23.000Z,PatagoniaRebelde,FALSE,"Ajedrez. Si voy al cielo o al infierno no me preocupa, me encontrare con conocidos en ambos lugares.
Chubut. Patagonia Argentina üá¶üá∑"
124178248,346820145928368128,"Yo, todos los d√≠as me tomo un vaso de vino @Karijelinek en el programa de @SusanaJimenez",2013-06-18T02:42:21.000Z,es,0,0,0,0,Patapufetes,de Ciudadela casi Ramos,https://t.co/CSWLAdF2bD,2010-03-18T14:23:28.000Z,Edu Dominguez,FALSE,"Un tipo de Hule.
Sin amo, sin Dios, ni patr√≥n 
¬øAnarquista? NOO... Monotributista"
129984370,988921945868722177,@MinEnergia @SusanaJimenez @marcelomena ü§î retrocediendo?,2018-04-24T23:25:39.000Z,es,0,0,0,0,pedromarimba,Santiago de Chile,https://t.co/clUM91s6Fz,2010-04-06T00:20:28.000Z,Pedro Marambio Bello,FALSE,Percusionista U. de Chile https://t.co/OsFvubIjYq
1320287414,988842279820513282,"@MinEnergia @SusanaJimenez SE√ëORA MINISTRA, POR FAVOR NO PERMITA QUE DESTRUYAN EL SANTUARIO DE LA NATURALEZ RIO ACHIBUENO.....",2018-04-24T18:09:05.000Z,es,0,0,0,0,rzuritafps,"","",2013-04-01T12:54:39.000Z,Rub√©n Dar√≠o Zurita,FALSE,""
1320287414,987334263459799041,@MinEnergia @Cappissima @SusanaJimenez @EnergiaAyP ESTA ES LA SE√ëORA QUE QUIERE DESTRUIR EL SANTUARIO DE LA NATURALEZA RIO ACHIBUENO......POR FAVOR NO LO HAGA....,2018-04-20T14:16:46.000Z,es,0,0,0,0,rzuritafps,"","",2013-04-01T12:54:39.000Z,Rub√©n Dar√≠o Zurita,FALSE,""
13948162,1004841661313306624,"En #VI√ëADELMAR se inici√≥ a nivel regional el Programa ‚ÄúMi hogar eficiente‚Äù que capacita sobre el buen uso de la Energ√≠a. Alcaldesa Virginia Reginato @cotyreginato y  Ministra de Energ√≠a @susanajimenez, entregaron 70 kits  de eficiencia energ√©tica a adultos mayores #VI√ëADELMAR https://t.co/cUZSgWzMrG",2018-06-07T21:44:55.000Z,es,8,0,6,0,vinadelmar,"Vi√±a del Mar, Chile",https://t.co/bGZQKZRRPZ,2008-02-25T16:51:40.000Z,Vi√±a del Mar ‚òÄÔ∏è,FALSE,"#VIVEVI√ëA ¬° Bienvenidos al Twitter Oficial de Vi√±a del Mar ! √önete hoy a @vinadelmar. Turismo, Deportes, Apoyo Social y el Festival de Vi√±a del Mar #VI√ëA2021"
142417624,988957526560526336,@MinEnergia @cseebach @SusanaJimenez Un asunto critico nunca abordado con determinacion y seriedad..fundamental para el sur de Chile..,2018-04-25T01:47:02.000Z,es,0,0,1,0,alelabarca,the world,https://t.co/svv1dOAtzB,2010-05-10T20:55:48.000Z,alejandra labarca,FALSE,"i work for a better living, economist, MBA. En #smartcity desde 2012. en #blockchain desde 2017. @somosnewcity. Todo es personal @blockbim @hub_smartcity"
161036578,168171371598331905,@SusanaJimenez  Hola Su porque nunca me contestaste mi mensaje?,2012-02-11T03:15:54.000Z,es,0,0,0,0,soloparadamas,"","",2010-06-29T20:34:15.000Z,Sergio Tejerizo,FALSE,""
161036578,6902282092285952,@SusanaJimenez . Hola Susana siempre te admire porque eres unica y especialmente brillante porque haces lo que dices y dices lo que piensas.,2010-11-23T02:50:06.000Z,es,0,0,0,0,soloparadamas,"","",2010-06-29T20:34:15.000Z,Sergio Tejerizo,FALSE,""
166221530,989092826192498688,"@MinEnergia @SusanaJimenez Regule, mire que cada vez quedan menos arboles y las forastales que se adue√±an de todo, plantando pinos que da√±an las tierras, estan dejando la pata.
No sera mejor otra cosa...",2018-04-25T10:44:40.000Z,es,0,0,0,0,tatinopp,En el mundo de los mu√±ecos !!!,"",2010-07-13T16:49:56.000Z,rodrigo barros,FALSE,"simplemente...... me cuesta la tecnolog√≠a,
pero mas me cuesta entender que sean tan amante del poder y de andar cagando a los humildes...."
181356685,988843219822759937,"@MinEnergia @SusanaJimenez Excelente, uno de los temas que son priorotarios en la Regi√≥n de Los R√≠os.",2018-04-24T18:12:50.000Z,es,0,0,2,0,LuisVidalVidal,"","",2010-08-22T00:25:31.000Z,luis vidal,FALSE,""
18374148,989119442260029440,@MinEnergia @SusanaJimenez La cuenta es @susanajimenezs no la que mencionan.,2018-04-25T12:30:26.000Z,es,0,1,0,0,carlagdz,Chile,"",2008-12-25T12:41:57.000Z,Carla Godoy D√≠az,FALSE,"Nacida y criada en Llolleo.
Mam√° de Charlotte Mar√≠a."
188573637,349366129669578753,@SusanaJimenez me encataria estar en una fiesta con su y vero!las amo!,2013-06-25T03:19:10.000Z,es,0,0,0,0,veroladivatotal,"","",2010-09-09T01:50:58.000Z,vero,FALSE,libriana a ful!no toler√≥ la https://t.co/vXZIneRrqr importa un sorete la vida de los dem√°s me gusta la joda!amo a mis hijos ya mis perros!!!!!amante delos animales!
188573637,349365936421212160,@SusanaJimenez genia vero castro!la amoo!,2013-06-25T03:18:24.000Z,es,0,0,0,0,veroladivatotal,"","",2010-09-09T01:50:58.000Z,vero,FALSE,libriana a ful!no toler√≥ la https://t.co/vXZIneRrqr importa un sorete la vida de los dem√°s me gusta la joda!amo a mis hijos ya mis perros!!!!!amante delos animales!
1901617891,382599548805193729,@SusanaJimenez  gracia spor invitarme a tu programa el a√±o pasado lo pase muy bien,2013-09-24T20:16:55.000Z,es,0,0,0,0,marttistoessel,"","",2013-09-24T19:57:33.000Z,martina stoessel,FALSE,"Agradecida, gracias por tannnto amor! #Tinistas‚ù§Actualmente #violetta2!!:) pagina oficial: http://t.co/Fxe7vyUF3x"
193796201,955857820406222848,@ccifuentesh @SusanaJimenez @ceciperez1 @felipelarrain @JoseRValente @jafontaine @robertoampuero @isabelpla @gblumel Mucho exito y Bendiciones Saludos cordiales desde Coyhaique .,2018-01-23T17:40:38.000Z,es,0,0,0,0,rnmillar,Coyhaique,"",2010-09-22T18:10:00.000Z,Hector Hugo Millar,FALSE,"Egresado de la Academia de Aviadores De Chile 1999 .Despachador Aereo Comercial ,Amante a la Pesca con Mosca ,la Buena mesa y el Buen Vino."
198660296,1005538229427286016,"Tendremos temporal en la #RMdeTodos, üåß. En caso de corte de luz es importante dar aviso a las empresas distribuidoras informando el n√∫mero de cliente. Tambi√©n se puede dar aviso a la @SEC_cl a trav√©s de https://t.co/1YTExGI00J. #ChileLoHacemosTodos @susanajimenez @KarlaEnAccion https://t.co/WsuWaY24CN",2018-06-09T19:52:50.000Z,es,11,1,17,1,sebaherrer,"Santiago, Chile","",2010-10-04T22:33:14.000Z,Sebasti√°n Herrera L.,FALSE,"Abogado, felizmente casado, y pap√° de dos ni√±os üá®üá±"
208041200,48740311500984321,"""@silviabaezav: Excelente intervenci√≥n de @susanajimenez sobre biodiversidad y desarrollo en seminario de LyD y Sofofa""/+1000",2011-03-18T13:39:30.000Z,es,0,0,0,0,luislarrainlyd,"Las Condes, Chile",https://t.co/Au4Ro7IBAN,2010-10-26T14:28:34.000Z,Luis Larrain Arroyo,FALSE,"Presidente Consejo Asesor Libertad y Desarrollo hincha de la UC ex Presidente de Cruzados. Casado, cinco hijos, cinco nietos.Economista, lector y Columnista"
2191739052,406698260246429696,"@SusanaJimenez susana , qiero saver como contactaste a Justin bieber ,porqe mi mama Le qiere aser una Sorpresa a mi hermana ,Porfis cntctate",2013-11-30T08:16:35.000Z,es,0,0,0,0,Jakiantonella,"","",2013-11-13T06:00:29.000Z,Jaki belieber‚ô•,FALSE,bieber
226806054,216315261714837505,"@SusanaJimenez ,sos divina no uses pieles,que los animales sufren muchisimo http://t.co/UB2rItVV",2012-06-22T23:42:32.000Z,es,0,1,0,0,gracielasomma,argentina,http://t.co/a1z2vHs4k7,2010-12-15T03:35:18.000Z,graciela somma,FALSE,"soy activista animal,luchare para que se respete  su vida y se los considere como seres sintientes y sufrientes, respeto sus derechos y peleare x su libertad"
2289106024,428709295858143232,@anyward feliz cumple @susanajimenez te adoro pasalo lindo te quiero feliz cumple,2014-01-30T02:00:35.000Z,es,0,0,1,0,anyward,"Buenos Aires, Argentina","",2014-01-18T04:58:50.000Z,AnyCarp‚ù§,FALSE,...Miradas que no dicen nada y al mismo tiempo lo dicen todo...‚ô•‚ô•
242876780,1024985236222947328,"Vamos camino a Mar√≠a Elena junto a la ministra @susanajimenez, y desde all√° les contaremos c√≥mo avanza el #FuturoSolar üåû‚ú® https://t.co/qrayMgmoXl",2018-08-02T11:48:18.000Z,es,32,2,65,4,MinEnergia,Chile,https://t.co/80diUyO3Q9,2011-01-25T20:12:16.000Z,Energ√≠a,TRUE,Ministerio de Energ√≠a / Secretary of Energy from @GobiernodeChile. Ministro: @jcjobet | Subsecretario: @fjlopezd
242876780,989125616963334144,@carlagdz @SusanaJimenez @susanajimenezs Gracias!,2018-04-25T12:54:58.000Z,es,0,0,0,0,MinEnergia,Chile,https://t.co/80diUyO3Q9,2011-01-25T20:12:16.000Z,Energ√≠a,TRUE,Ministerio de Energ√≠a / Secretary of Energy from @GobiernodeChile. Ministro: @jcjobet | Subsecretario: @fjlopezd
242876780,1005103178524909570,La ministra @susanajimenez fiscaliz√≥ instalaciones el√©ctricas y gas de restaurantes en Vi√±a del Mar (v√≠a @ucvradio) https://t.co/2wx02z8bEC https://t.co/C21WGiEMuQ,2018-06-08T15:04:06.000Z,es,2,0,1,0,MinEnergia,Chile,https://t.co/80diUyO3Q9,2011-01-25T20:12:16.000Z,Energ√≠a,TRUE,Ministerio de Energ√≠a / Secretary of Energy from @GobiernodeChile. Ministro: @jcjobet | Subsecretario: @fjlopezd
242876780,1000064636870430727,[AHORA] La ministra @susanajimenez se refiere a los anuncios realizados hoy por el Presidente @sebastianpinera que surgieron a trav√©s de los talleres de la #RutaEnerg√©tica: https://t.co/66WGNEVd7i https://t.co/yIN7cwTfAT,2018-05-25T17:22:44.000Z,es,9,0,19,1,MinEnergia,Chile,https://t.co/80diUyO3Q9,2011-01-25T20:12:16.000Z,Energ√≠a,TRUE,Ministerio de Energ√≠a / Secretary of Energy from @GobiernodeChile. Ministro: @jcjobet | Subsecretario: @fjlopezd
242876780,987312316243955712,"üìªüñ• En vivo por @cappissima, la ministra @susanajimenez comenta los desaf√≠os energ√©ticos de la regi√≥n e invita a la ciudadan√≠a a hacerse parte de la #RutaEnerg√©tica‚òÄÔ∏è https://t.co/7hFkAPYvEe",2018-04-20T12:49:34.000Z,es,7,2,13,0,MinEnergia,Chile,https://t.co/80diUyO3Q9,2011-01-25T20:12:16.000Z,Energ√≠a,TRUE,Ministerio de Energ√≠a / Secretary of Energy from @GobiernodeChile. Ministro: @jcjobet | Subsecretario: @fjlopezd
2443185330,1186021464807477248,"üá®üá± Respecto al suministro, el Ministerio de Energ√≠a informa que hasta las 17.00hrs de hoy, la Red de Distribuci√≥n funciona con un volumen suficiente. De las 1.219 estaciones de servicio el 92% funciona normalmente.  @MinEnergia @JCJobet
@rirarrazabal_ @energia1234
@susanajimenez",2019-10-20T20:48:47.000Z,es,1,0,1,0,Gastonfenes,"Rosario, Argentina",https://t.co/PxaF3dQtQN,2014-04-14T03:02:39.000Z,Gast√≥n Fen√©s,FALSE,"Periodista independiente y comprometido, especializado en energ√≠a y movilidad. Dirijo @energia1234 y
@portalmovilidad M√∫sico de coraz√≥n."
2457026077,1002625832597090304,"FIRMAN DECRETO QUE PROH√çBE CORTES DE ENERG√çA A FAMILIAS ELECTRODEPENDIENTES 
üëèüôå

La actividad estuvo encabezada por la ministra de Energ√≠a, @susanajimenez, representantes de @EElectricas, director de la 
@SEC_cl y la pta. de #LuzParaEllos

https://t.co/Up4drtc046
V√≠a @elsurcl https://t.co/voZOo3wJNC",2018-06-01T19:00:01.000Z,es,1,0,3,0,ACERAAG,"Providencia, Chile",http://t.co/eU5XQwvJFQ,2014-04-21T19:15:52.000Z,ACERA A.G.,FALSE,"Asociaci√≥n Chilena de Energ√≠as Renovables y Almacenamiento. Fomentamos el desarrollo sustentable para Chile, a trav√©s de la promoci√≥n de las ERNC."
2457026077,1002558336049582080,"FIRMAN DECRETO QUE PROH√çBE CORTES DE ENERG√çA A FAMILIAS ELECTRODEPENDIENTES 
üëèüôå

La actividad estuvo encabezada por la ministra de Energ√≠a, @susanajimenez, representantes de @EElectricas, director de la 
@SEC_cl y la pta. de #LuzParaEllos

https://t.co/Up4drttBsG
V√≠a @elsurcl https://t.co/BQdIsCaXnA",2018-06-01T14:31:48.000Z,es,0,0,0,0,ACERAAG,"Providencia, Chile",http://t.co/eU5XQwvJFQ,2014-04-21T19:15:52.000Z,ACERA A.G.,FALSE,"Asociaci√≥n Chilena de Energ√≠as Renovables y Almacenamiento. Fomentamos el desarrollo sustentable para Chile, a trav√©s de la promoci√≥n de las ERNC."
2557469768,1012118382093766656,Seremi de Energ√≠a Juan Luis Amen√°bar @jlamenabar junto a Intendente Regional de Ays√©n Geoconda Navarrete @geoconda_aysen  y Gobernador de Coyhaique Pablo Galilea @pablogalilea  sostuvo reuni√≥n de trabajo con Ministras @mcubillossigall y @susanajimenez #ChileLoHacemosTodos ‚ö°üá®üá± https://t.co/j4DKy7eZYR,2018-06-27T23:40:01.000Z,es,3,0,7,0,EnergiaAysen,Ays√©n,https://t.co/WXBFp0se4w,2014-06-09T20:25:51.000Z,Energ√≠a Ays√©n,FALSE,Seremi de @Minenergia de la Regi√≥n de Ays√©n: Juan Luis Amen√°bar Granella @jlamenabar /Ministro: @JCJobet/ Subsecretario: @fjlopezd
2598423503,1290740984351993862,@SusanaJimenez @mirthalegrand @JuanaVialeFC @OscarMartinezTV @AlfredoCasero @betobrandoni https://t.co/hoZ1uhoJwD,2020-08-04T20:06:46.000Z,und,0,0,0,0,rubenalbertool1,"R√≠o Cuarto, Argentina","",2014-06-10T17:59:40.000Z,Ruben Olmedo,FALSE,"Profesor Asociado Efectivo-Facultad Ciencias Econ√≥micas Universidad Nacional R√≠o Cuarto-C√≥rdoba.
Consultor en An√°lisis Organizacional- Sistemas Administrativos."
267750659,955849467999203328,"Mucho √©xito y felicitaciones a mi amiga @SusanaJimenez, a mi tocaya @ceciperez1, y a mis queridos colegas @felipelarrain, @JoseRValente y @jafontaine. Mis mejores deseos tambi√©n para @robertoampuero, @isabelpla y @gblumel, y para todo el gabinete.",2018-01-23T17:07:26.000Z,es,15,1,32,0,ccifuentesh,"","",2011-03-17T13:35:08.000Z,M. Cecilia Cifuentes,FALSE,"Soy contraria al aborto, y no por mi fe cat√≥lica, sino por un tema de derechos humanos, dentro de los cuales, el derecho a la vida es el primero y fundamental."
267964510,78964395111231488,@alfanograce @moriaortocasan @susanajimenez A CU√ÅNTAS BOTAS LES PASARON LA LENGUITA?,2011-06-09T23:19:13.000Z,es,0,0,0,0,waltergalba,ARGENTINA,https://t.co/0tZfHK7pRA,2011-03-17T22:16:42.000Z,@waltergalba,FALSE,"#ACEROYPIEL
#COMBINACIONTACRUEL
#NADASELOGRACONVIOLENCIANISELOGRARA"
274977720,391337191147708416,@montserratboix @SusanaJimenez @yolandacriado #PERIODISTAS III Premio #Periodismo Colombine   http://t.co/FDrB3HPWk9 http://t.co/qK8v70c2Cv,2013-10-18T22:57:11.000Z,it,1,0,0,0,JMROMANGARCIA,ALMER√çA - Espa√±a,https://t.co/PXqrC8djZI,2011-03-31T11:47:34.000Z,JOS√â M ROM√ÅN,FALSE,Periodista. En la galaxia de las redes sociales buscando siempre el buen periodismo. Presidente de Honor de la Asociaci√≥n de la Prensa de Almer√≠a (AP-APAL).
294943082,1004857763372118017,"IMPORTANTE‚ÄºÔ∏è Hoy se inici√≥ a nivel regional el Programa ‚ÄúMi hogar eficiente‚Äù el cual capacita sobre el buen uso de la energ√≠a, Alcaldesa Virginia Reginato y  Ministra de Energ√≠a @susanajimenez, entregaron 70 kits  de eficiencia energ√©tica a adultos mayores en #VI√ëA #CHILE https://t.co/E39cyh4tsC",2018-06-07T22:48:54.000Z,es,21,0,20,0,didecomunivina,"Vi√±a del Mar, Chile",https://t.co/COsfbWGRKd,2011-05-08T02:34:16.000Z,DIDECO Vi√±a del Mar,FALSE,Cuenta Oficial de la Direcci√≥n de Desarrollo Comunitario - Ilustre Municipalidad de Vi√±a del Mar. Calle 2 Oriente 1021 - Tel: 32 218 4002
3087510863,1080841037722124289,‚ö°Ô∏èTe invitamos a revisar los 10 hitos 2018 del @minenergia liderados por @susanajimenez y @rirrazabal_ #Energ√≠aEnMarcha  para un #ChileEnMarcha @IntendenciaLBO #OHiggins @juanmasferrer #CHileLoHacemosTodos üá®üá± https://t.co/tz1O2mDMKr,2019-01-03T14:59:19.000Z,es,4,0,8,0,EnergiaOhiggins,"Rancagua, Regi√≥n de O'Higgins",http://t.co/tKfy6o9MXZ,2015-03-11T20:26:45.000Z,Seremi de Energ√≠a,FALSE,Secretaria Regional Ministerial de Energ√≠a - Regi√≥n del Libertador General Bernardo O'Higgins
318150990,847455479533981697,@brendalcortes @susanajimenez,2017-03-30T14:28:25.000Z,und,0,1,0,0,soylamelspc,"","",2011-06-16T01:43:28.000Z,MelissaüåΩ,FALSE,Mzt//Gdl                                                 üêß‚ù£Ô∏è
3345352697,1080833309444370433,üòÄüëèOrgullosos de ser parte de estos 10 hitos 2018 del @minenergia liderados por @susanajimenez y @rirrazabal_ #Energ√≠aEnMarcha‚ö°Ô∏è  para un #Chileenmarchaüí™üèªencomendado por nuestro Pdte. @sebastianpinera #valdiviacl #elranco @fporflitt161 @casenjojerez @segegob @segegoblosrios https://t.co/4WKAYF44x9,2019-01-03T14:28:36.000Z,es,0,0,3,0,EnergiaLosRios,Carlos Anwandter #834 Valdivia,https://t.co/tKfy6o9MXZ,2015-06-25T11:09:47.000Z,Energ√≠a Los R√≠os,FALSE,Twitter Oficial de la Seremi de Energ√≠a de la regi√≥n de Los R√≠os.
3351999400,1098689368603148290,"#SantaCruz La intendenta (s) @IMangelsdorffG entrega saludo a beneficiarios del programa Buena Energ√≠a de comuna de Santa Cruz junto a Ministra de Energ√≠a @susanajimenez,gobernador de Colchagua @EthitYamil, alcalde de @munistacruz y autoridades regionales #ChileLoCuidamosTodos https://t.co/BoJM0UC6gs",2019-02-21T21:02:12.000Z,es,1,0,1,0,Gob_Cachapoal,"Rancagua, Chile",http://t.co/SdTsmNtDd1,2015-06-30T16:01:36.000Z,Gob. Cachapoal,FALSE,"Cuenta Oficial de la Gobernaci√≥n de la Provincia de Cachapoal, Regi√≥n de O'Higgins."
3372738730,984424478464716800,"@susanajimenez Ministra favor adelantar horario de Invierno para evitar atropellos en las ma√±anas oscuras, no esperar hasta el 12 de mayo.Lamentamos atropello de estudiante de 13 a√±os  en Camino Internacional Los Andes Mendoza. Trabajadores agricolas circulan a oscuras al trabajo",2018-04-12T13:34:20.000Z,es,1,0,0,0,madrenatura77,"","",2015-07-12T18:32:49.000Z,Fraternidad 77,FALSE,"Respeto a la naturaleza, porque pertenecemos a ella, y somos ella."
339907558,266266548367421440,:P @SUSANAJIMENEZBR @SusanaJimenez,2012-11-07T19:51:06.000Z,und,0,0,0,0,Fhammer91,Gye,"",2011-07-21T21:09:31.000Z,Flor Martillo,FALSE,¬°Flor y sus dos maridos!
360573852,117039000237244417,una era mujer el otro hombres y mi mama los perdio @SusanaJimenez,2011-09-23T00:54:06.000Z,es,0,0,0,0,eldiosete,chile,"",2011-08-23T12:34:46.000Z,felipe rojas morales,FALSE,amante eterno de la carolina mi amor i cuidado que mato. jajaja asi que pobre del que en serena o coquimbo la mire con cara de caliente mi esposa. dios
371302458,112555514591838208,@SusanaJimenez: marcelo tineli fue intervenido el viernes a la madrugada de suma urgencia de una fisura anal causada por el cholo simeone,2011-09-10T15:58:20.000Z,es,0,0,0,0,setodotodo,"","",2011-09-10T15:52:23.000Z,setodo,FALSE,""
385078401,384435996080627712,"@gracielasomma @SusanaJimenez ,",2013-09-29T21:54:18.000Z,und,0,0,0,0,42mabel,"PONCE,P.R.","",2011-10-04T20:46:29.000Z,Mabel Martinez,FALSE,sec.legal
4258969103,959393045920796672,@susanajimenez ERNCS:su efectividad dependen de condiciones clim√°ticas y de muchas otras variables que hacen imprevisibles sus costos,2018-02-02T11:48:21.000Z,es,0,0,0,0,apernate82,"","",2015-11-23T18:14:51.000Z,Apernate,FALSE,""
427566853,383215261824061440,rikos estos pitis en compa√±ia de @SusanaJimenez,2013-09-26T13:03:32.000Z,es,0,0,0,0,ANASORIAYAEZ,"","",2011-12-03T17:53:26.000Z,ANA SORIA YA√ëEZ,FALSE,""
473177778,1025003716506726400,"@MinEnergia @SusanaJimenez vengan a Vallenar mejor, 24 horas sin luz, han dado horarios de soluci√≥n y nada. El √∫ltimo fue a las 02:00 am y nada.",2018-08-02T13:01:44.000Z,es,1,0,2,0,MarMita262,"Vallenar, Chile","",2012-01-24T18:25:00.000Z,Mar,FALSE,""
4807304259,1080881674165121029,üìçTe invitamos a conocer los 10 hitos del 2018 del @minenergia liderados por nuestra Ministra @susanajimenez y Subsecretario @rirarrazabal_ y en la #RMdeTodos por el Seremi @sebaherrer üë∑‚Äç‚ôÄÔ∏è‚ö°Ô∏èüë∑‚Äç‚ôÇÔ∏è#Energ√≠aEnMarcha  para un #ChileEnMarcha ¬°El 2019 vamos por m√°süí™! https://t.co/bRQktDL0ob,2019-01-03T17:40:47.000Z,es,6,0,11,0,EnergiaRM,"Santiago, Chile",https://t.co/Vs0PlC2s2f,2016-01-14T20:24:08.000Z,Seremi Energ√≠a RM,FALSE,"Twitter oficinal de la Seremi de Energ√≠a de la #RMdeTodos
Ministro: @Jcjobet / Subsecretario: @fjlopezd/ Seremi: @gn_mendez"
4807304259,1053436223505752064,Te invitamos a ver #Energ√≠aInforma con Ministra @susanajimenez quien nos cuenta sobre el 1er Laboratorio de Redes El√©ctricas‚ö°y en #Electromovilidad conocimos la 1era flota de taxis el√©ctricos para la #RMDeTodos üöñüîåüëè https://t.co/RDD8mMk8X9,2018-10-20T00:02:22.000Z,es,1,1,5,0,EnergiaRM,"Santiago, Chile",https://t.co/Vs0PlC2s2f,2016-01-14T20:24:08.000Z,Seremi Energ√≠a RM,FALSE,"Twitter oficinal de la Seremi de Energ√≠a de la #RMdeTodos
Ministro: @Jcjobet / Subsecretario: @fjlopezd/ Seremi: @gn_mendez"
503632388,585643108278411264,"""Estoy con Chaki -Me estas enga√±ando!!!"" @SusanaJimenez.",2015-04-08T03:19:32.000Z,es,0,0,0,0,RogerYance,"Santa Cruz, Bolivia","",2012-02-25T22:21:44.000Z,Roger Yance Pelaez,FALSE,Abogado comprometido con su ciudad y su pa√≠s
584029821,1080831750257942529,10 hitos 2018 del @minenergia liderados por @susanajimenez y @rirrazabal_ #Energ√≠aEnMarcha  para un #Chileenmarcha üí™ @GOREAntofagasta @Segegobafta https://t.co/mTKgNZx6xH,2019-01-03T14:22:24.000Z,es,1,0,1,0,EnergiaAntof,"Antofagasta, Chile","",2012-05-18T16:22:09.000Z,Energia Antof,FALSE,"Capital de la Energ√≠a de Chile‚òâ‚òá



Ministro de Energ√≠a: @JCJobet

Seremi de Energ√≠a: @erazo_aldo 
Fanpage:  https://t.co/HTMY9uLK5c"
635531179,411531269202522112,"Muchas gracias a @Susanajimenez y a @david_bra por tan hermoso detalle, colaborando con @DJNuma1, 1CDx1juguete http://t.co/IUtFYUrBFl",2013-12-13T16:21:15.000Z,es,1,0,2,0,Rumbera1067,BARQUISIMETO-VENEZUELA,"",2012-07-14T17:25:48.000Z,Rumbera Network 1067,FALSE,""
68021454,847455700385112064,"@meelissap16 @SusanaJimenez oye esa no es mi mam√° JAJA y no fue ella, no nos encontramos en el mismo huso horario ahorita",2017-03-30T14:29:18.000Z,es,0,1,0,0,brendalcortes,"","",2009-08-23T00:08:59.000Z,Brenda,FALSE,daydreaming
727474327541682183,1080836168374198273,10 hitos 2018 del @minenergia liderados por @susanajimenez y @rirarrazabal_ #Energ√≠aEnMarcha para un #ChileEnMarcha üá®üá±üöÄ https://t.co/BVXAgiLPeq,2019-01-03T14:39:58.000Z,es,3,0,5,0,EnergiaMag,"O' Higgins 693, Punta Arenas.",https://t.co/59p5kZQTcM,2016-05-03T12:26:10.000Z,Energ√≠a Magallanes,FALSE,Secretar√≠a Regional Ministerial de Energ√≠a‚ö°Ô∏èRegi√≥n de Magallanes y Ant. Ch.üá®üá±/SEREMI: Ing. Nolberto S√°ez B.
749737920,1118879794316361728,üîä AHORA: Nuestro Seremi¬† @allvaroherreraa est√° enüéôRadio @rsbchile 96.7 FM para explicar los alcances del anuncio de la ministra @susanajimenez sobre medidores inteligentes ‚úÖüîå https://t.co/c2H8ZNZKFN,2019-04-18T14:11:45.000Z,es,2,0,5,1,EnergiaCoquimbo,La Serena (Chile),https://t.co/5Sdh9I7sQ0,2012-08-10T17:32:55.000Z,Energ√≠a Coquimbo,FALSE,Secretar√≠a Regional Ministerial de Energ√≠a de la Regi√≥n de Coquimbo. Nuestro Seremi es Alvaro Herrera Araya @alvaroherreraa.
763199608747098112,769156796002992128,"@PabloAgustin Que valla al telefe con @SusanaJimenez",2016-08-26T12:57:25.000Z,es,0,0,0,0,LauryEnchizo5,"","",2016-08-10T02:25:41.000Z,LAURII_ENCHIZO,FALSE,"Dicen que lo mejor no se olvida ‚ù§‚ù§ dosogas,dos bros, Fede Vigevani, Yao Cabrera, Fabri Lemus        Ariana Grande julian serrano‚ù§  you i love‚ù§‚ù§"
78406982,384545144063938560,@susanajimenez http://t.co/3BJJr21byv,2013-09-30T05:08:01.000Z,und,0,0,0,0,hpshow,"","",2009-09-29T20:25:35.000Z,hpshow,FALSE,"talents manager , produccion ,de eventos, cine y tv promocion artistica Hpshow@hotmail.com"
815877585586581504,1116047063555485700,https://t.co/zNjIUaqXPP Entrevista televisiva en Alemania con la Ministra @susanajimenez @minenergia @dw_espanol Reforma energ√©tica en Chile @Minrel_Chile @ChileMFA @CAMCHAL @CS_CAMCHAL @dena_news @greensofa_betd @4e_chile @GTAI_Latam @EYN_ELMERCURIO @latercera,2019-04-10T18:35:29.000Z,es,3,0,3,0,embachileberlin,"Mohrenstr. 42, Berlin, Germany",https://t.co/FLas73mCul,2017-01-02T11:09:09.000Z,ChileinDeutschland,FALSE,Embajada de Chile en Alemania / Chilenische Botschaft in Deutschland / Chilean Embassy in Germany
874071912149917697,1133532268306345990,"@CatalinaPerezS Diputada, las mismas empresas que contaminan Quintero y Puchuncav√≠, est√°n presionando para que el ministerio de @susanajimenez firme un decreto que desfinancia a las peque√±as plantas solares. No podemos permitir que siga creciendo el poder del carb√≥n",2019-05-29T00:35:27.000Z,es,0,0,0,0,CamilaSQE,"Valpara√≠so, Chile","",2017-06-12T01:12:38.000Z,Cami,FALSE,Soci√≥loga üí™üë©üèª‚Äçüî¨ Cada d√≠a es una oportunidad para hacer la diferencia y ser el ejemplo del mundo que queremos.
87574595,29406675216,@p_lanzani Estuvieron increibles en @susanajimenez hermosos como siempre,2010-11-01T21:15:29.000Z,es,0,0,0,0,ViviContrerasP,Cali-Colombia,"",2009-11-05T00:28:39.000Z,Viviana Contreras,FALSE,COLOMBIANAüá®üá¥-Valluna VE .. Contadora p√∫blica. el futbol- Am√©rica de Cali üòç
876858235,408973502377893888,Te extra√±o @susanajimenez,2013-12-06T14:57:35.000Z,es,0,0,0,0,AgochiiVizcarra,"","",2012-10-13T01:57:18.000Z,üíú Agostina üíö,FALSE,"Sonr√≠e mas, preoc√∫pate menos                                                               #133Hugonote"
880448755,1033031053043220481,"Junto a la ministra de Energ√≠a Susana Jim√©nez @susanajimenez, el ministro de Econom√≠a Jos√© Valente @Joseram la intendenta Luc√≠a Pinto @lupipinto, alcalde de Ovalle @claudiorenteria en inauguraci√≥n de Parque E√≥lico Punta Sierra que entregar√° 82 Mw de energ√≠a sustentable al pa√≠s https://t.co/any8zhIR8j",2018-08-24T16:39:30.000Z,es,3,0,4,1,dar_mol,"Monte Patria, Limar√≠","",2012-10-14T16:11:32.000Z,Dar√≠o Molina,FALSE,Candidato Independiente a Alcalde de Monte Patria. Ex Diputado Regi√≥n de Coquimbo y ex Gobernador de Limar√≠.
88900719,1139247590615257088,#CambioDeGabinete Encuesta CEP #CortedeLuzüí°Se Fue Cortada @MinEnergia @SusanaJimenez @CNE_Chile @SEC_Cl  @EElectricas‚ö°Ô∏è#EnelüáÆüáπ#CGEüá™üá∏#AesGenerüá∫üá∏ #Engineüá´üá∑y Sus #MedidoresInteligentes #NoCambioMiMedidor El Clamor Popular de Los #ConsumidoresInteligentesüá®üá±Ha sido Escuchado Y Fuera https://t.co/R8wTnzvyHk,2019-06-13T19:06:06.000Z,es,1,0,1,0,RudyPenaL,"","",2009-11-10T10:42:41.000Z,Rudy Pe√±a L.,FALSE,""
88900719,1139243677770047489,#CambioDeGabinete Se Fue Cortada La @MinEnergia @SusanaJimenezüí° @CNE_Chile @SEC_Cl  @EElectricas‚ö°Ô∏è#EnelüáÆüáπ#CGEüá™üá∏#AesGenerüá∫üá∏ #Engineüá´üá∑y Sus #MedidoresInteligentes #NoAlCambiodeMedidor #NoCambioMiMedidor El Clamor Popular de Los #ConsumidoresInteligentesüá®üá±Ha sido Escuchado Y Fuera https://t.co/TtCACm9yN1,2019-06-13T18:50:33.000Z,es,1,0,1,0,RudyPenaL,"","",2009-11-10T10:42:41.000Z,Rudy Pe√±a L.,FALSE,""
901560705941479424,903125579767181312,Sos La Mejor @susanajimenez,2017-08-31T05:21:32.000Z,es,0,0,0,0,FabianCarranz15,"","",2017-08-26T21:43:17.000Z,Fabian Carranza,FALSE,Abrazar La Vida
92958254,662586821285683200,"@SusanaJimenez de @SoftwareONE_LTM ""Nuestras cifras avalan el trabajo cuatro a√±os en Espa√±a"" @MicrosoftES en #FastExperience2015",2015-11-06T11:06:23.000Z,es,0,0,0,0,ODM_Computers,"Madrid, Comunidad de Madrid","",2009-11-27T12:18:41.000Z,ODM,FALSE,"Liderar el cambio en su m√°xima expresi√≥n a trav√©s de la innovaci√≥n, la creatividad, el cambio cultural y la adaptaci√≥n IT  MUCHO M√ÅS ALL√Å de la tecnolog√≠a."
955845945576521729,1265766779231625216,@PatagoniaRebel4 @SusanaJimenez üñê‚ù§Ô∏è,2020-05-27T22:08:11.000Z,und,0,0,1,0,EvelinaPonti,"C√≥rdoba, Argentina","",2018-01-23T16:53:26.000Z,Evelina Ponti,FALSE,"Abogada. 55 a√±os.Cordobesa Luchando por la recuperaci√≥n de la Rep√∫blica. Dejemos atr√°s los nefastos .

Solo contesto o RT...me cans√©."
955845945576521729,1265481758960685058,"@PatagoniaRebel4 Voltear en con  esta V.
Tiene raz√≥n @susanajimenez, falta educaci√≥n , ESCUELA!!! Comenzando por vos ..!!!!!
Anda a estudiar",2020-05-27T03:15:37.000Z,es,0,1,1,0,EvelinaPonti,"C√≥rdoba, Argentina","",2018-01-23T16:53:26.000Z,Evelina Ponti,FALSE,"Abogada. 55 a√±os.Cordobesa Luchando por la recuperaci√≥n de la Rep√∫blica. Dejemos atr√°s los nefastos .

Solo contesto o RT...me cans√©."
964734790946652160,987314215315795968,@MinEnergia @Cappissima @SusanaJimenez @EnergiaAyP Queremos a Gast√≥n,2018-04-20T12:57:06.000Z,es,0,0,0,0,matadorzalax,"","",2018-02-17T05:34:32.000Z,ElMatador,FALSE,""
977330038021423104,1056950810003861504,"Impulsado por @iradebiobio, parte programa de alta direcci√≥n para mujeres. La iniciativa busca avanzar en temas de equidad de g√©nero y participaci√≥n, destac√≥ gerenta general de Innergy: https://t.co/iiUqqC3C7b @minenergia @susanajimenez @isabelpla @SofofaChile https://t.co/WQYc0AKCmh",2018-10-29T16:48:04.000Z,es,1,0,0,1,AGN_Chile,"Santiago, Chile",https://t.co/6kylNvu26k,2018-03-23T23:43:33.000Z,AGN Chile,FALSE,Asociaci√≥n de Gas Natural de Chile
980891196611596292,1080831444291866624,10 hitos 2018 del @minenergia liderados por @susanajimenez y @rirrazabal_ #Energ√≠aEnMarcha  para un #Chileenmarcha @EnergiaAyP #Arica #Parinacota https://t.co/Lxtxbfa056,2019-01-03T14:21:11.000Z,es,0,0,1,0,EnergiaAyP,"Arica y Parinacota, Chile","",2018-04-02T19:34:20.000Z,Seremi Energ√≠a Arica-Parinacota,FALSE,"Seremi de @energiaAyP 
Leonel Ram√≠rez V√°squez
Seremi de Energ√≠a, Calle 7 de Junio #280, 4to. piso 
Arica"
