author_id,created_at.x,id,lang,text,public_metrics.retweet_count,public_metrics.reply_count,public_metrics.like_count,public_metrics.quote_count,created_at.y,username,verified,name,url,description
100559977,2021-04-20T03:01:48.000Z,1384341500407029760,es,@cseebach @AnaFierroP6 @CerroDominador @GeneradorasCL @fgonzalez_cd @coord_electrico @JCJobet @EnergiaAntof @fjlopezd @CarolaSchmidtZ @gmunozabogabir Pero Vil gates quiere tapar el sol,0,0,0,0,2009-12-30T18:11:31.000Z,carlos21111,FALSE,Carlos Barria,"",""
1039894712856002562,2021-04-18T19:16:48.000Z,1383862090864099334,es,@cseebach @jiros Existe un peque√±o obst√°culo llamado derechos fundamentales.,0,0,1,0,2018-09-12T15:13:14.000Z,camilocammas,FALSE,Camilo Camm√°s,"","Abogado - Consultor y analista legislativo - Director del √Årea de Formaci√≥n de Fundaci√≥n @CuideChile | No a la ""Nueva Normalidad"" | FSSPX"
1054459123562172417,2021-04-20T15:30:50.000Z,1384530001400377344,es,"Nuestra CEO @cglevican hoy ser√° parte del plenario ""Energ√≠a para la carbono-neutralidad"" de la @ucatolica, donde compartir√° pantalla con @cseebach, Pdte Ejecutivo de @GeneradorasCL y #NicolasGonzalez de @SocialRenovable. Tod@s invitados.
Link del plenario https://t.co/Qgjs9ACYqX https://t.co/FnBr1Vq7pN",2,0,2,0,2018-10-22T19:47:00.000Z,SuncastChile,FALSE,Suncast Chile,"",""
106916599,2021-04-18T14:19:29.000Z,1383787272118571020,es,@BluestonePame @Eduardo171066 @cseebach Se nota que no entendiste nada...,0,0,1,0,2010-01-21T02:17:37.000Z,Jessica7Valeria,FALSE,Jessica Valeria,"",""
106916599,2021-04-18T14:12:47.000Z,1383785586364878857,es,"@alonsoDRI @camilocammas @andres_btos @cseebach Esos est√°n ocupando cargos p√∫blicos,  a los que todos le pagamos el  sueldo... LA LIBERTAD no tiene relaci√≥n con ser ""listillo"" como usted dice.",0,0,1,0,2010-01-21T02:17:37.000Z,Jessica7Valeria,FALSE,Jessica Valeria,"",""
1092896604,2021-04-18T15:48:29.000Z,1383809666367463424,es,@cseebach No es tan contradictorio si se considera que hay estado de cat√°strofe.,0,0,0,0,2013-01-15T18:37:37.000Z,Pablo981276,FALSE,Pablo Ulloa,"","Chilean living in Australia, Mining engineer"
1177320824904323072,2021-04-18T13:46:14.000Z,1383778904410771459,es,@Eduardo171066 @cseebach por qu√© la mal onda? y que tiene que ver con los judios ? btw es ‚Äúhecho‚Äù,0,1,0,0,2019-09-26T20:41:58.000Z,BluestonePame,FALSE,PameüíúBlue#GraciasBigBoss,"","#rechazo no a la violencia ni ignorancia liberal, Psic√≥loga, mam√°,feminista/igualdad, aprender discutir y buena pa las chuch√°s #NoEsNoüíú#Rechazo"
119916265,2021-04-19T01:49:01.000Z,1383960796988788736,es,@cseebach Por eso Twitter no debiera de existir. Es un gran multiplicador de tonteras y poco se pone atenci√≥n a lo sensato.,0,0,0,0,2010-03-04T23:11:24.000Z,nataliaallende,FALSE,Natalia Allende,https://t.co/f1VXgmjaLL,Directora Ejecutiva de Design for Change Chile. No voy al gimnasio pero mantengo el jard√≠n. Quiero cambiar el mundo. Mis superpoderes los encuentro en mi hogar.
121484157,2021-04-18T14:24:43.000Z,1383788586462445574,es,"@cseebach Totalmente Claudio. Del mismo modo, no deber√≠an tener acceso a bonos, ni IFE, ni pr√©stamos; y si caen a la UCI sin haberse vacunado deber√≠an cobrarles el 100% del tratamiento.",0,3,1,0,2010-03-09T16:58:15.000Z,feral2010,FALSE,Fernando Alvarez,"",""
1217782922301837314,2021-04-21T04:00:28.000Z,1384718654630150145,es,"Al parecer todo lo chino popular...
Es contagioso
No fu√© en un mercado chino que se inici√≥ el bicharraco ?
@cseebach https://t.co/DZn0zWl7r2",0,0,0,0,2020-01-16T12:17:47.000Z,Cec14523388,FALSE,MarcelaCec,"",""
1261414421336928256,2021-04-19T04:54:36.000Z,1384007500958113793,es,@cseebach @jiros Tu ignorancia me hace doler los ojos !!! Sab√≠as que los Vac s√≠ contagian y que los sanos no vacunados NO ?,0,1,0,0,2020-05-15T21:54:43.000Z,VEVEKA6,FALSE,VEVEKA,"",Patria y Libertad
1261414421336928256,2021-04-19T04:45:24.000Z,1384005186063003651,es,"@cseebach Y qui√©n eres tu para pedir violar la libertad de las personas ?
Si tu te quieres envenenar, matar, enfermar con una vac experimental, problema tuyo, pero no tienes Dcho a arrastrar a otros producto d tu cobard√≠a y  falta de CI",1,0,3,0,2020-05-15T21:54:43.000Z,VEVEKA6,FALSE,VEVEKA,"",Patria y Libertad
1261414421336928256,2021-04-19T04:51:45.000Z,1384006782117322756,es,"@camilocammas @andres_btos @cseebach OJO !!! Muchos d estos son simples cobardes q quieren arrastrar a otros a cometer el mismo error, quieren sentirse acompa√±ados en la estupidez y falta de C I",0,0,5,0,2020-05-15T21:54:43.000Z,VEVEKA6,FALSE,VEVEKA,"",Patria y Libertad
127030833,2021-04-19T13:29:33.000Z,1384137092662321169,es,"@cseebach Esta cosa ya se esta poniendo apocal√≠stica, como dice el libro revelaciones o del apocalipsis üòÆüòÆüòÆ https://t.co/muQbzWSD37",0,0,0,0,2010-03-27T20:26:45.000Z,evefenix80,FALSE,Evefenix,"",Sue√±o un üåè m√°s justo para tod@s!!!
1277054520321880064,2021-04-18T15:43:26.000Z,1383808398454525953,es,"@cseebach A este pobre ser solo le falta el bigote corto y una esv√°stica. 
Si fuera por el marcar√≠a a todo el que no haga su voluntad.",0,0,0,0,2020-06-28T01:43:14.000Z,Samir65639100,FALSE,Samir,"",""
133754241,2021-04-18T15:59:42.000Z,1383812491793223688,es,@cseebach Me recuerda a esta pel√≠cula.. https://t.co/Tb22EzjulL,0,0,1,0,2010-04-16T14:55:56.000Z,patocancinoara,FALSE,Patricio Cancino Ara,"",Agradecido de lo bueno y lo malo.....  me equivoco seguido y espero seguir haciendolo. La Tecnologia me da de comer.
1337911788722122754,2021-04-18T14:39:09.000Z,1383792221581844482,es,"@cseebach Y tu vivaracho vas a responder econ√≥mica y penalmente por los efectos secundarios de una inyecci√≥n experimental Incluyendo la muerte cosa q ya est√° pasando, porque ni las farmac√©uticas ni el gobierno lo haran, VOLUNTARIO como les duele esa palabra a los tiranos tambien LIBERTAD",2,0,6,0,2020-12-13T00:06:53.000Z,Alfredo20241867,FALSE,Alfredo M.M,"",""
1337911788722122754,2021-04-18T14:46:49.000Z,1383794151045562371,es,"@cseebach @jiros Andate a China tiranito de poca monta all√° te necesitan hay pega de sobra sapiando, delatando,acusando, necesitan creativos como t√∫",1,1,3,0,2020-12-13T00:06:53.000Z,Alfredo20241867,FALSE,Alfredo M.M,"",""
1339560245799075840,2021-04-18T14:14:51.000Z,1383786105649000455,es,"@cseebach Esta supuesta vacuna no tiene la licencia a√∫n para ser vacuna ,solo se aprob√≥ para emergencia y experimentar a√∫n no se sabe los efectos que causar√° es un experimento por lo tanto no puede ser obligatoria.",4,0,15,0,2020-12-17T13:17:21.000Z,Kapintarchi1,FALSE,Kapintarchi,"",""
1346163852958982150,2021-04-18T16:12:15.000Z,1383815647621107712,es,"@cseebach D√≥nde aprendiste que la vacunaci√≥n es protectiva e impide la propagaci√≥n de contagios a base de PCr. Unq peinetita pa reactivar neuronas te har√≠a bien!!! Conozco personas vacunadas que a las dos semanas se contagiaron lo que no pas√≥ en todo un a√±o 
https://t.co/2EFzLw3Rlg",1,0,3,0,2021-01-04T18:37:48.000Z,Crismoyano4,FALSE,Cris_moyano,"",Psic√≥logo Transpersonal - Coach para el Liderazgo Emocional
1365023213080743942,2021-04-18T15:17:25.000Z,1383801851099844609,es,@cseebach Y qui√©n te crees tu wn ignorante es un experimento con material gen√©tico de fetos humanos,0,0,0,0,2021-02-25T19:38:08.000Z,Evelyn78832372,FALSE,Evelyn,"",due√±a de la verdad .
1365023213080743942,2021-04-18T15:19:59.000Z,1383802497936945167,es,@cseebach @jiros O sea tu naciste con una puto permiso Y una vacuna para desplazarte como ser libre y soberano,0,0,0,0,2021-02-25T19:38:08.000Z,Evelyn78832372,FALSE,Evelyn,"",due√±a de la verdad .
1365332603595874305,2021-04-18T17:15:52.000Z,1383831660089667587,es,"@cseebach @jiros Eso es obligaci√≥n igual, es coacci√≥n, genio..",0,0,0,0,2021-02-26T16:07:46.000Z,sir18223660,FALSE,√Üsir,"",""
1365332603595874305,2021-04-18T17:19:22.000Z,1383832539140218886,es,"@viscaya13 @cseebach Seg√∫n algunos expertos, los vacunados son m√°s peligrosos.",0,0,1,0,2021-02-26T16:07:46.000Z,sir18223660,FALSE,√Üsir,"",""
1365354358691532800,2021-04-18T21:32:17.000Z,1383896190102560776,es,"@cseebach C√≥mo tan cerrado de mente, investiguen antes de colocarse algo en el cuerpo. No me parece que hablen as√≠ de algo experimental que no se sabe sus efectos a futuro. No obliguen a algo que no tienen idea.",0,0,6,0,2021-02-26T17:34:10.000Z,Sonia74487101,FALSE,Sonia,"",igualdad para todos
1367156442327900163,2021-04-21T02:49:46.000Z,1384700862174486531,es,@Rodrigo80966906 @jiros @Jou_Kaiser @cseebach Luis Marcelo Martinez Genetosta master en Biolog√≠a Molecular. Dolores Cahill bi√≥loga. Fernando Lopez Mirones bi√≥logo. Geert Vanden Bossch experto en vacunas trabaj√≥ con Bill y Melinda Gates. Roxana Bruno inmun√≥loga. Stefan Lanka vir√≥logo y bi√≥logo proyecto IMMANUEL.,0,0,1,0,2021-03-03T16:54:59.000Z,NUribe87,FALSE,NathalyRoblesUribe87,"",""
1367156442327900163,2021-04-21T02:47:50.000Z,1384700372783087623,es,"@Rodrigo80966906 @jiros @Jou_Kaiser @cseebach Te vacunas de qu√©, contra qu√©¬ø? Es una vacuna experimental, expertos est√°n cansados de explicar esto. No tienes ni idea de lo que han metido a tu cuerpo, si estubieras preocupado por tus seres queridos o por ti NO LO HUBIERAS HECHO.",0,0,0,0,2021-03-03T16:54:59.000Z,NUribe87,FALSE,NathalyRoblesUribe87,"",""
1369728701961736195,2021-04-20T22:52:16.000Z,1384641094340825090,und,@cseebach @jiros https://t.co/axWH8krfBx,0,0,0,0,2021-03-10T19:16:00.000Z,Runastros,FALSE,Charlie Brown,"",""
137503285,2021-04-18T14:29:14.000Z,1383789726021283853,es,"@cseebach Lamentablemente aunque les duela es voluntario, quien quiera ser conejillo de India que lo sea ü§∑‚Äç‚ôÄÔ∏è pero de ah√≠ a pedir que encierren a las personas sanas que somos es totalmente inconstitucional, autoritario y deshumano... si tienes miedo enci√©rrate t√∫ üëäüëäüëä",2,0,13,0,2010-04-26T23:18:57.000Z,andytag,FALSE,Apitag,"",Gracias mi Dios por estos hijos maravillos que me entregaste para amar... espero lo est√© haciendo como t√∫ lo haces conmigo üíñüíó‚ù§Ô∏è
137503285,2021-04-18T14:36:07.000Z,1383791458168164355,es,"@feral2010 @cseebach Aunque te duela TODOS somos chilenos... aunque te hierva el coco para dar tu pensamiento ü§Ø autoritario y dictador, todos tenemos derechos y tu comentario es totalmente est√∫pido. Son derechos que por lo que veo ni idea tienes üòÜ",0,1,3,0,2010-04-26T23:18:57.000Z,andytag,FALSE,Apitag,"",Gracias mi Dios por estos hijos maravillos que me entregaste para amar... espero lo est√© haciendo como t√∫ lo haces conmigo üíñüíó‚ù§Ô∏è
1377695363369422854,2021-04-18T20:58:45.000Z,1383887751393669130,es,@cseebach Y LA LIBERTAD DE LA GENTE D√ìNDE QUEDA MALDITO WEON...??? ..ü§¨ü§¨ü§¨ü§¨...LO √öNICO QUE FALTABA QUE NOS INYENTEN BASURA A LA FUERZA ...ERES UN IGNORANTE ES QUE NO TE HAS INFORMADO QUE ESTA VACUNA NO SERVIR√Å DE PROTECCI√ìN IMB√âCIL...,0,0,0,0,2021-04-01T18:52:41.000Z,LORENA85986434,FALSE,LORENA,"",LOLA
1378240783,2021-04-18T14:39:36.000Z,1383792333750079500,es,"@cseebach M√©dico: El terror infundido por los ""periodistas"" Falsa pandemia y fraudes en los PCRs...https://t.co/37iaE4XgXT",0,0,5,0,2013-04-24T23:37:38.000Z,emiliojorge1918,FALSE,Emilio Lailhacar,"",""
1381245384056508418,2021-04-18T14:17:46.000Z,1383786838263926799,es,"@cseebach Es que encuentro debuta patudez enorme que aqu√≠ cualquier mequetrefe me venga a decir que es lo que debo o no debo hacer!?,  un lame botas vendido m√°s del gobierno, o sea de apoco se est√°n mostrando los que se prostituyen para el gobierno.",1,0,1,0,2021-04-11T13:59:22.000Z,rayencuch22,FALSE,Rayencuch22,"",Ser de luz
1381245384056508418,2021-04-18T14:14:10.000Z,1383785930700427281,es,"@cseebach Qu√© se puede esperar de otro T√çTERE del estado!, qui√©n te crees t√∫ para venir a imponer algo que no es de tu incumbencia?, cu√°nto te pag√≥ @sebastianpinera, cuando estuviste haciendo reforma para el E¬∞... Rata vendido y no me queda duda que hasta drogadicto!",0,0,3,0,2021-04-11T13:59:22.000Z,rayencuch22,FALSE,Rayencuch22,"",Ser de luz
1381245384056508418,2021-04-18T14:19:51.000Z,1383787363545931789,es,"@cseebach @sebastianpinera el Hugh Hefner de Chile, y aqu√≠ uno de sus conejos!, que m√°s bien me parece una bil rata",0,0,1,0,2021-04-11T13:59:22.000Z,rayencuch22,FALSE,Rayencuch22,"",Ser de luz
1428818468,2021-04-18T21:45:40.000Z,1383899554727174148,es,"@cseebach Me parece acertada su opini√≥n. El Ministerio de Salud tiene el Registro de los ciudadanos q se han vacunado; la persona q no est√° en estos registros, no deber√≠an tener permiso para desplazarse. Es una arma biol√≥gica",0,0,0,0,2013-05-14T20:51:20.000Z,lucianorauld,FALSE,emilio rauld,"",""
14554339,2021-04-19T04:58:37.000Z,1384008511667937280,es,"@VEVEKA6 @cseebach Hay que ense√±ar, pero con caridad. De lo contrario es como querer hacer callar a un chancho a palos. Hay que ser pr√°cticos, ganar aliados es el objetivo.",0,0,1,0,2008-04-27T02:22:18.000Z,jiros,FALSE,Jos√© Rojas Silva,"","Cat√≥lico, identificado con visi√≥n de San Alberto Hurtado. Con la ciencia es suficiente para argumentar y la fe para la paciencia y no caer en descalificaciones."
14554339,2021-04-18T15:40:55.000Z,1383807762451243019,es,"@cfllm89 @guarlokirc @cseebach As√≠ es, estos mismos sinverg√ºenzas que roban, reciben coimas de laboratorios para meter vacvn4as experimentales Hay un nexo y de todas maneras yo no cambi√© el t√≥pico.",0,0,0,0,2008-04-27T02:22:18.000Z,jiros,FALSE,Jos√© Rojas Silva,"","Cat√≥lico, identificado con visi√≥n de San Alberto Hurtado. Con la ciencia es suficiente para argumentar y la fe para la paciencia y no caer en descalificaciones."
14554339,2021-04-18T15:04:41.000Z,1383798644764073986,es,"@cfllm89 @guarlokirc @cseebach No tengo reparos com buscar el bien com√∫n. El reparo es sobre la obligaci√≥n a participar en experimentos. Algo experimental no garantiza siquiera la salud individual, al contrario hay altas probabilidades de grandes da√±os pq no se hizo seguridas previa c animales.",0,0,1,0,2008-04-27T02:22:18.000Z,jiros,FALSE,Jos√© Rojas Silva,"","Cat√≥lico, identificado con visi√≥n de San Alberto Hurtado. Con la ciencia es suficiente para argumentar y la fe para la paciencia y no caer en descalificaciones."
14554339,2021-04-18T15:34:15.000Z,1383806085610414081,es,"@cfllm89 @guarlokirc @cseebach Sin duda los impuestos son para bien com√∫n, pero antes de proponer m√°s impuestos se debe luchar por limpiar al estado de su corrupci√≥n, porque son un pozo sin fondo y nunca se solucionar√° problema social con esta podredumbre. Simple matem√°tica: aporte limitado - robo ilimitado&lt;0",1,1,1,0,2008-04-27T02:22:18.000Z,jiros,FALSE,Jos√© Rojas Silva,"","Cat√≥lico, identificado con visi√≥n de San Alberto Hurtado. Con la ciencia es suficiente para argumentar y la fe para la paciencia y no caer en descalificaciones."
1479822703,2021-04-18T14:47:31.000Z,1383794325134344203,es,"@yavardechile @cseebach Yo solo le ped√≠ fuentes a sus dichos y usted me env√≠a art√≠culos que no mencionan lo que dice, despu√©s me dice que sus fuentes son opiniones y no estudios, y finalmente me env√≠a a que yo investigue.

Saludos https://t.co/xqQJBz3LNR",0,0,0,0,2013-06-03T14:12:34.000Z,ManuAraneda_com,FALSE,Manu Araneda,"","Con el coraz√≥n llenito


#MedExtranjeros #Salud #Pol√≠tica #Econom√≠a #Educaci√≥n #Deporte #Telet√≥n"
1479822703,2021-04-18T14:34:51.000Z,1383791139140997122,es,"@yavardechile @cseebach En su art√≠culo fuente no menciona en ning√∫n lugar que en Europa hay m√°s 5000 muertos por reacciones adversas, tampoco que las vacunas han matado al 0,35%, ni que se saltaron todos los protocolos cient√≠ficos.",0,0,1,0,2013-06-03T14:12:34.000Z,ManuAraneda_com,FALSE,Manu Araneda,"","Con el coraz√≥n llenito


#MedExtranjeros #Salud #Pol√≠tica #Econom√≠a #Educaci√≥n #Deporte #Telet√≥n"
1479822703,2021-04-18T13:46:51.000Z,1383779057179844610,es,"@yavardechile @cseebach Eso es falso, por favor indique la fuente.",0,1,0,0,2013-06-03T14:12:34.000Z,ManuAraneda_com,FALSE,Manu Araneda,"","Con el coraz√≥n llenito


#MedExtranjeros #Salud #Pol√≠tica #Econom√≠a #Educaci√≥n #Deporte #Telet√≥n"
1479822703,2021-04-18T14:04:23.000Z,1383783472058093577,es,"@yavardechile @cseebach Sigue sin dar la fuente y agrega que se han saltado todos los protocolos cient√≠ficos, lo cual tambi√©n es falso.",0,0,0,0,2013-06-03T14:12:34.000Z,ManuAraneda_com,FALSE,Manu Araneda,"","Con el coraz√≥n llenito


#MedExtranjeros #Salud #Pol√≠tica #Econom√≠a #Educaci√≥n #Deporte #Telet√≥n"
1479822703,2021-04-18T14:34:29.000Z,1383791046924980233,es,"@yavardechile @cseebach En su art√≠culo fuente no menciona en ning√∫n lugar que en Europa hay m√°s 5000 muertos por reacciones adversas, tampoco que las vacunas han matado al 0,35%, ni que se saltaron todos los protocolos cient√≠ficos.",0,0,0,0,2013-06-03T14:12:34.000Z,ManuAraneda_com,FALSE,Manu Araneda,"","Con el coraz√≥n llenito


#MedExtranjeros #Salud #Pol√≠tica #Econom√≠a #Educaci√≥n #Deporte #Telet√≥n"
148424150,2021-04-18T18:53:18.000Z,1383856180628398080,es,"@cseebach Entonces en los hechos dejar√≠a de ser voluntario. 
Me cuesta entender esto tan chileno de molestarse por que el otro no cumple. 
Si al final, una debe cuidarse y cuidar a los suyos, el resto que haga lo que quiera, eso de que me afecta no es real. 
Si ud se cuida, no le afecta.",0,0,2,0,2010-05-26T17:20:40.000Z,Tonkarazmilic,FALSE,Tonka Miroslava Razmilic,"","Ingeniero Industrial, Technische Universit√§t M√ºnchen, Ph.D. Pol√≠tica Econ√≥mica, comprometida, Basquetbol, Ajedrez y las Tuercas ,  Ordinariez = Bloqueo,"
15165876,2021-04-18T16:47:39.000Z,1383824558713573390,es,@cseebach Me parece muy buena idea esa √∫ltima y f√°cil de implementar,0,0,0,0,2008-06-19T04:11:39.000Z,gibarra,FALSE,Gonzalo Ibarra,https://t.co/yonoEA5LC1,"""Be like a duck: calm on the surface, but always paddling like the dickens underneath"" Engineer (@USACH) - MDGP (@UDP_CL) - Emprendiendo con @GIAConsultores"
15165876,2021-04-18T16:53:58.000Z,1383826148652580869,es,"@JuanoMcJuano @cseebach Tener derechos a costa del esfuerzo y cumplimiento de los deberes de otros que siguen la evidencia, pucha que es f√°cil. ¬øO tienes otra soluci√≥n m√°gica campe√≥n? Y tratar de arrogante a @cseebach me parece bien arrogante de tu parte (a m√≠ puedes, porque yo s√≠ que soy pesado üòâ)",0,1,0,0,2008-06-19T04:11:39.000Z,gibarra,FALSE,Gonzalo Ibarra,https://t.co/yonoEA5LC1,"""Be like a duck: calm on the surface, but always paddling like the dickens underneath"" Engineer (@USACH) - MDGP (@UDP_CL) - Emprendiendo con @GIAConsultores"
157480716,2021-04-18T15:19:47.000Z,1383802445340442624,es,@cseebach Y no deber√≠an poder ir a lugares cerrados (mall) o a estadios ni nada cuando se abra el pa√≠s. Cortemos el leseo y tomemos el peso a una crisis de salud sin precedentes. #vacunaobligatoria o #prohibicionatodo,0,0,0,0,2010-06-19T23:41:26.000Z,nclagomarsino,FALSE,Nico C.,"",Creador y so√±ador
171637061,2021-04-18T17:09:27.000Z,1383830046104719371,es,"@gibarra @cseebach Yo no tengo una soluci√≥n. Por eso creo que es tan importante la libertad de las personas para decidir, ponderar beneficios y riesgos. Imponer vacunas adem√°s de arrogante es extremadamente violento. En ese twit, creo @cseebach tiene bien merecido los 2 atributos.",0,0,0,0,2010-07-27T20:30:57.000Z,JuanoMcJuano,FALSE,@ Juan S,"",""
186037690,2021-04-21T02:11:40.000Z,1384691271537672192,es,"@cseebach Asi son los dictadores, quejarse por no poder ir a la monta√±a por estar encerrado, pero querer imponer  vacun.",0,0,1,0,2010-09-02T12:56:10.000Z,terranova60,FALSE,Gina22%üíöüëÆ NO al TPP,"","soy el pueblo de CHILE...
PATRIOTA  üá®üá±üá®üá±üêç #RECHAZO"
204356353,2021-04-18T21:14:47.000Z,1383891786121191428,es,"@cseebach Vacunarse no es sin√≥nimo de inmunidad,  lo sab√≠a??? Y su comparaci√≥n es bien w....",0,0,0,0,2010-10-18T14:30:46.000Z,mruizalv,FALSE,maria ruiz alvarado,"",""
2163951159,2021-04-18T20:53:20.000Z,1383886386600632332,es,@cseebach @ivanarayab No ser√≠a voluntario. Mala l√≥gica la suya.,0,0,0,0,2013-11-01T22:05:10.000Z,Rona20140PS,FALSE,Destiny is All!!!!,"",""
22404681,2021-04-18T18:34:31.000Z,1383851451827380237,es,@cseebach @carolapino Vale como justificaci√≥n que est√°n apuntando a un p√∫blico que trabaja y el vacunatorio solo funciona de lun a vie en horario laboral?,0,0,0,0,2009-03-01T20:48:59.000Z,chicabanda,FALSE,chicabanda #LibertadParaPP #ACAB,https://t.co/5hYwOFNz2w,"Creadora de Ayayaicito, joyer√≠a textil brillante y colorida. Vitrinea y compra online. Despacho a todo CL."
225390315,2021-04-19T06:25:59.000Z,1384030499513851906,es,"@cseebach Est√°s hablando en serio? Te pegaste en la cabeza? Este supuesto virus (que no ha sido aislado, ni purificado) ha matado en 1 a√±o y 3 meses al 0,038% de la poblaci√≥n. Y muchos con paranoia y encerrados y queriendo cagarle la vida a todos... generaci√≥n de maricas!!!",0,0,1,0,2010-12-11T12:56:03.000Z,LibertyAngel369,FALSE,LibertyAngelüá®üá±üá™üá∏üíö,"","Dios, Patria y Familia. Republicano, Minarquista en reflexi√≥n, Padre, Econom√≠a, A la derecha de la derecha"
225390315,2021-04-19T06:17:28.000Z,1384028353846386694,es,@JuanoMcJuano @cseebach üëèüëèüëè mejor dicho imposible. Esperemos se le aclare la mente un poco al dictadorcillo ese,0,0,0,0,2010-12-11T12:56:03.000Z,LibertyAngel369,FALSE,LibertyAngelüá®üá±üá™üá∏üíö,"","Dios, Patria y Familia. Republicano, Minarquista en reflexi√≥n, Padre, Econom√≠a, A la derecha de la derecha"
225390315,2021-04-19T06:14:05.000Z,1384027501756780552,es,"@andytag @feral2010 @cseebach De d√≥nde sale tanto idiota totalitario en Twitter. De verdad que no entienden nada acerca de libertades y derechos. Si aman tanto las pseudo vacunas experimentales y conf√≠an tanto en √©stas, por qu√© les preocupan los no vacunados? O es que en realidad no conf√≠an tanto?",0,0,0,0,2010-12-11T12:56:03.000Z,LibertyAngel369,FALSE,LibertyAngelüá®üá±üá™üá∏üíö,"","Dios, Patria y Familia. Republicano, Minarquista en reflexi√≥n, Padre, Econom√≠a, A la derecha de la derecha"
225390315,2021-04-19T06:08:25.000Z,1384026075970248711,es,@cseebach Mis libertades no terminan donde comienzan TUS miedos. Muchos dictadorcillos con afanes totalitarios en Twitter,0,0,1,0,2010-12-11T12:56:03.000Z,LibertyAngel369,FALSE,LibertyAngelüá®üá±üá™üá∏üíö,"","Dios, Patria y Familia. Republicano, Minarquista en reflexi√≥n, Padre, Econom√≠a, A la derecha de la derecha"
271229722,2021-04-18T15:35:49.000Z,1383806479640137731,es,"@cseebach Y este salio de sarcofago?estoy sana y el 99%de la poblacion esta sano tambien o crees en ls asintomaticos?si fueramos todos asintomaticos se habria hecho la inmunidad de reba√±o,no vengas a decir que no hay derechos a personas sanas,si quieres vacu hazlo solo",1,0,2,0,2011-03-24T03:13:26.000Z,regramm,FALSE,regram aguilera,"","Ingenieria civil industrial , Rechazo"
271229722,2021-04-18T15:38:11.000Z,1383807076623818755,es,@feral2010 @cseebach Tengo derechos a decir que no! Vete a la mierda conntunplan de.dictadura!! Yo no me vacuno esa üí© pontela en el c*lo doble y bien a fondo!,0,0,1,0,2011-03-24T03:13:26.000Z,regramm,FALSE,regram aguilera,"","Ingenieria civil industrial , Rechazo"
273963251,2021-04-18T14:21:53.000Z,1383787873376169984,es,"@guarlokirc @cseebach @jiros Oye neoliberal @guarlokirc: el Estado tiene todo el derecho de poner exigencias para entregar beneficios o prerrogativas, si con ello se prioriza el bien com√∫n.",0,0,0,0,2011-03-29T13:25:33.000Z,shesholastra,FALSE,#Constituci√≥nEcol√≥gica,http://t.co/lFYLq6wN7j,¬°Abajo el r√©gimen del ladr√≥n y asesino Sebasti√°n Pi√±era! ¬°Pi√±era a la c√°rcel!
2966021901,2021-04-20T19:06:08.000Z,1384584186003079168,es,"üü¢HOY 17 hrs @cseebach de @GeneradorasCL participar√° del plenario ""Energ√≠a para la carbono neutralidad"" para estudiantes de @IngenieriaUC de @ucatolica junto a @cglevican de @SuncastChile y Nicol√°s Gonz√°lez de @SocialRenovable. S√∫mate a la transmisi√≥n en https://t.co/DJoqZlsqiI https://t.co/FmPAX2Vho4",4,0,4,0,2015-01-07T14:15:04.000Z,GeneradorasCL,FALSE,Generadoras de Chile,https://t.co/5LPa49QoUJ,Somos el gremio que representa a las empresas de generaci√≥n el√©ctrica que operan en Chile.  Buscamos inspirar y liderar la transici√≥n energ√©tica.
402784039,2021-04-18T14:58:25.000Z,1383797070499254283,es,"@cfllm89 @cseebach @jiros Es interesante la idea del bien com√∫n. M√°s interesante es tener una definici√≥n del bien com√∫n. Si ese es el pensamiento, entonces que el estado se apodere de los fondos de AFP y los use para financiar a los que ya no les queda por el bien com√∫n. Quiz√°s t√∫ est√©s dispuesto a eso.",1,1,3,0,2011-11-01T15:31:39.000Z,guarlokirc,FALSE,Paul,"",""
41254500,2021-04-18T13:48:33.000Z,1383779485682606083,es,@cseebach Lo mismo se deber√≠a aplicar si tienes alguna infracci√≥n por no cumplir cuarentena,0,0,0,0,2009-05-20T00:40:46.000Z,vmarzolo,FALSE,Veronica Marzolo,"","Periodista @ucatolica. Casada c/ @jotapefj 6 hijos, 2 gatos. Fan√°tica de Nothing Hill y del Hijo de la Novia  #Soydonante"
4146601089,2021-04-18T21:05:16.000Z,1383889389445521410,es,"@cseebach Condicionar es extorsionar. Por que no enfocarse mejor cerrar aeropuertos y financiar cuarentenas efectivas? NZ, Aus, varios paises Asiaticos protegieron a su gente sin vacunas, ademas q vacunas solas no sirven. Estos discursos de culpar a la gente son tentadores para muchos....",0,0,0,0,2015-11-09T04:29:47.000Z,RatesDiego,FALSE,Diego R,"",How can #data help understand & improve the critical experiences of #HigherEducation students? üá®üá± PhD student @ U. of Edinburgh üè¥Û†ÅßÛ†Å¢Û†Å≥Û†Å£Û†Å¥Û†Åø Eng/Span.
42314714,2021-04-20T01:51:27.000Z,1384323798544101382,es,@cseebach Israel lo hizo muy bien. Solo los con vacuna pod√≠an salir de cuarentena. Resultado: todos vacunados.,0,0,0,0,2009-05-25T00:42:14.000Z,marcelapunti,FALSE,marcela punti,"",""
51127623,2021-04-19T01:31:45.000Z,1383956450054008843,es,@matiasasun @cseebach Pero eso es una justificaci√≥n,0,0,1,0,2009-06-26T16:43:23.000Z,lachina_chile,FALSE,La China Aprueba #NuevaConstitucionParaChile üíöüíö,"","Tejedora, cocinera, cantante de ducha, zurda y porfiada.
No como nada que haya tenido madre.
Yo no vot√© por √©l"
533550500,2021-04-18T18:36:39.000Z,1383851989864357889,es,"@cseebach Una doctora del hospital donde trabajo no se quiso vacunar por q encuentra q es experimental, pero aun as√≠ debe seguir atendiendo pacientes y salir a trabajar",0,0,1,0,2012-03-22T21:54:02.000Z,SaritaGarridoRo,FALSE,Sarita Garrido Rojas,"","Podr√°n decir que soy un so√±ador, pero no soy el unico."
557009715,2021-04-18T14:29:05.000Z,1383789686032715777,es,"@cseebach @jiros No seas inconsecuente, lo que dices es lo mismo que obligar a la gente a que se vacune. Piensa un poco antes de hablar. ""No es obligatorio vacunarse, pero si no lo hacen no pueden salir"". #YoNoMeVacuno  #EDP",0,0,8,0,2012-04-18T14:50:49.000Z,dptocal,FALSE,Cal y Canto,"",""
700411569419771904,2021-04-20T20:24:11.000Z,1384603825953255428,es,"@r_electricidad @cseebach @fjlopezd @carlosbarria @CarolaSchmidtZ @carolavenegasb @cris_delamaza @4e_chile @JCJobet En este reportaje, declaraciones de la directora ejecutiva de @WEC_Chile, M. Trinidad Castro üòâ",1,0,3,0,2016-02-18T20:08:25.000Z,WEC_Chile,FALSE,World Energy Council (WEC) Chile,https://t.co/CSMT0aD80I,"Plataforma de di√°logo neutral, que crea conciencia y que busca ser un aporte en la toma de decisiones para lograr un  sistema energ√©tico sostenible para Chile"
70318525,2021-04-18T15:38:34.000Z,1383807171943485447,es,"@jiros @guarlokirc @cseebach Estoy de acuerdo, creo que es una carrera larga y dif√≠cil, pero ac√° habl√°bamos de restricciones por temas santiarios",0,1,0,0,2009-08-31T05:29:55.000Z,cfllm89,FALSE,Carlos Llanos,"","Cocinero frustrado, amante del cine y la m√∫sica, pero lamentablemente, Ingeniero Comercial."
70318525,2021-04-18T14:54:02.000Z,1383795964360548356,es,"@guarlokirc @cseebach @jiros Justamente, es la idea. Generar una obligaci√≥n por el bien com√∫n. Tu libertad est√° limitada por el bien com√∫n, siempre que vivas en sociedad ser√° as√≠.",0,2,1,0,2009-08-31T05:29:55.000Z,cfllm89,FALSE,Carlos Llanos,"","Cocinero frustrado, amante del cine y la m√∫sica, pero lamentablemente, Ingeniero Comercial."
70318525,2021-04-18T15:13:57.000Z,1383800976897830926,es,"@guarlokirc @cseebach @jiros Si. Te podr√≠a mandar pantallazos d√≥nde me he mostrado a favor de pagar m√°s impuestos yo, un titulado con becas, para que las futuras generaciones estudien. 

Viniste a buscar pelea con la persona equivocada.",0,1,0,0,2009-08-31T05:29:55.000Z,cfllm89,FALSE,Carlos Llanos,"","Cocinero frustrado, amante del cine y la m√∫sica, pero lamentablemente, Ingeniero Comercial."
70318525,2021-04-18T14:56:26.000Z,1383796571397971973,es,"@MonitoDeTrapo @cseebach Completamente de acuerdo, por eso ser√≠a bueno lo que propone el twitt original. Si limitamos el flujo de quienes pudiendo, no se han vacunado, protegemos tambi√©n indirectamente a esos que tienen que moverse obligados, porque bajamos el flujo en transporte p√∫blico.",0,0,0,0,2009-08-31T05:29:55.000Z,cfllm89,FALSE,Carlos Llanos,"","Cocinero frustrado, amante del cine y la m√∫sica, pero lamentablemente, Ingeniero Comercial."
734037454538280960,2021-04-18T15:10:48.000Z,1383800186414112776,und,@Alfredo20241867 @cseebach @jiros https://t.co/LG9AjbMhaU,0,0,0,0,2016-05-21T15:05:41.000Z,Eduardo171066,FALSE,Eduardo Pizarro,"",""
734037454538280960,2021-04-18T13:39:22.000Z,1383777176009338881,es,"@cseebach @BluestonePame Gracias a personajes como usted en la √©poca del nazismo murieron 6 millones de jud√≠os , sea deliberante y no un borrego. El echo de ser vacunado le disminuira los riesgos de Salud pero no el de contagiarse y contagiar al rest√≥....",0,1,2,0,2016-05-21T15:05:41.000Z,Eduardo171066,FALSE,Eduardo Pizarro,"",""
7575932,2021-04-19T03:12:45.000Z,1383981867930583040,es,@cseebach ‚Äúun tanto...‚Äù ü§î,0,0,0,0,2007-07-19T02:31:41.000Z,abarros,FALSE,eL ABC,https://t.co/PFw0AoxV95,"De los marxistas de Groucho, Desarrollo Digital, Innovaci√≥n P√∫blica y el pedaleo. Autor de libros y https://t.co/AFptuS9xly Director de @EsPublicoCL"
78646462,2021-04-18T14:38:24.000Z,1383792029935706122,es,"@ManuAraneda_com @cseebach Luis Mart√≠nez m√©dico, genetista e ing. molecular y ex director del colegio de genetista Argentina.
https://t.co/TIOrOr0oL3",0,2,0,0,2009-09-30T16:37:13.000Z,yavardechile,FALSE,YavardeChile,"",""
78646462,2021-04-18T15:26:30.000Z,1383804135259066374,es,"@ManuAraneda_com @cseebach En vivo al Congreso Argentino.
https://t.co/wU713hbxsD",0,0,0,0,2009-09-30T16:37:13.000Z,yavardechile,FALSE,YavardeChile,"",""
78646462,2021-04-18T14:22:32.000Z,1383788038078156806,und,@ManuAraneda_com @cseebach https://t.co/xdQqqU5Zpo,0,1,0,0,2009-09-30T16:37:13.000Z,yavardechile,FALSE,YavardeChile,"",""
78646462,2021-04-18T14:34:43.000Z,1383791104508653569,und,@ManuAraneda_com @cseebach https://t.co/GWi9o1Pxkq,0,0,0,0,2009-09-30T16:37:13.000Z,yavardechile,FALSE,YavardeChile,"",""
78646462,2021-04-18T14:24:11.000Z,1383788452236324870,und,@ManuAraneda_com @cseebach https://t.co/6vgJmD6y7R,0,0,0,0,2009-09-30T16:37:13.000Z,yavardechile,FALSE,YavardeChile,"",""
78646462,2021-04-18T14:35:00.000Z,1383791174289293313,und,@ManuAraneda_com @cseebach https://t.co/CCINtcIndZ,0,0,0,0,2009-09-30T16:37:13.000Z,yavardechile,FALSE,YavardeChile,"",""
78646462,2021-04-18T14:23:08.000Z,1383788188615860224,und,@ManuAraneda_com @cseebach https://t.co/ARxXPn0Vom,0,1,0,0,2009-09-30T16:37:13.000Z,yavardechile,FALSE,YavardeChile,"",""
78646462,2021-04-18T14:42:40.000Z,1383793104151404545,es,"@ManuAraneda_com @cseebach Y hay mas entrevista, disertaciones, exposiciones, denuncias Y UNA GRAN ETC....son sus pares...y hay algunos de Oxford, Stanford y Harvard. Investigue.",0,1,0,0,2009-09-30T16:37:13.000Z,yavardechile,FALSE,YavardeChile,"",""
78646462,2021-04-18T13:32:58.000Z,1383775565308579848,es,@cseebach Te cuento que en europa ya m√°s de 5000 muertos por reacciones adversas. Inf√≥rmense.,0,1,4,0,2009-09-30T16:37:13.000Z,yavardechile,FALSE,YavardeChile,"",""
78646462,2021-04-18T13:58:45.000Z,1383782052890255363,es,"@ManuAraneda_com @cseebach Tendr√° su respuesta y cient√≠fica, pero quien es usted...que posee la verdad √∫nica? Usted piensa que una vacuna que se ha saltado todos los protocolos cient√≠ficos, por primera vez en la historia...no esexperimental? Sabe los que es el ArN? Sabe que en el mundo el 0,35 % a muerto?",0,7,6,0,2009-09-30T16:37:13.000Z,yavardechile,FALSE,YavardeChile,"",""
814672981611937792,2021-04-18T20:35:03.000Z,1383881785252073472,es,"@cseebach Siiiiiiiiiiiiiiiiiiiiii, estoy de acuerdo",0,0,0,0,2016-12-30T03:22:29.000Z,juanAntoniofre1,FALSE,jafremon1,"",El hombre no es m√°s de lo que la educaci√≥n puede hacer  de √©l
825730511398117376,2021-04-18T18:42:15.000Z,1383853398395478023,und,@CedeusChile @MinEnergia @GeneradorasCL @h2_chile @JuanCaMunozA @nacho_oliva @lfuentesarce @cseebach @sebastian_gray @JCJobet @pallards https://t.co/2iAx0DBxTZ,0,0,1,0,2017-01-29T15:41:10.000Z,cris_alej21,FALSE,Cristi√°n Reyes Cabrera,"",Co-habitante en la Tierra y chileno de coraz√≥n. Apasionado por la movilidad urbana sostenibleüö∂‚Äç‚ôÇÔ∏èüö≤üöçüöáüöÜ. Santiago no es Chile | Estudiante College PUC
83494175,2021-04-20T14:49:39.000Z,1384519636545413123,es,@BurningManChile @hans_ebeni @Alcibihades @bernardolarrain @rpalaciosp @SofofaChile @latercera @LucasPalaciosC @fca_junemann @JIEyzaguirre @F_Cruz_F @jorgeerrazuriz @carolahonorato @cseebach @susanajimenezs @alemustakis donde leiste que son mas de 250?,0,1,0,0,2009-10-19T01:33:11.000Z,carolasanche,FALSE,CS,https://t.co/3A9UyH0zDd,‚ö°Ô∏è Dise√±adora
865569407585669123,2021-04-18T14:56:48.000Z,1383796662464761865,es,"@cseebach Donde dejaron las gripes y las autopsias??... Les veo el plumero sucio, mentirosos hdrmp.
Encierrate solo miedoso de m1erd4",0,0,5,0,2017-05-19T14:06:43.000Z,Emancipado23,FALSE,Juan Y√°√±ez Lara,"","Leer, analizar, observar y discernir, en un intento por encontrar la respuesta mas precisa.
fachos y comunachos, han ca√≠do en la trampa jesuita.
üèà‚öΩ‚öæüé±ü•ä‚úä."
868537194281086978,2021-04-18T14:11:29.000Z,1383785258852618248,es,@cseebach @guarlokirc @jiros Es lo mismo ü§¶üèª‚Äç‚ôÇÔ∏è,0,0,0,0,2017-05-27T18:39:38.000Z,CarlosP91823048,FALSE,Carlos Patricio,"","Analista Criminal, T√©cnico Jur√≠dico, Psic√≥logo en formaci√≥n, Instructor de Kickboxing. 
Paleolibertario."
868537194281086978,2021-04-18T14:10:22.000Z,1383784976601124872,es,"@cseebach @jiros Por qu√©? Si las mismas conclusiones de los laboratorios muestran ""vacuna no impide contraer el coronavirus"". Adem√°s, la ciencia ha demostrado: ""el virus no est√° en el aire"", ¬øpor qu√© la gente no podr√≠a circular? Me queda pensar q habla por desconocimiento.",0,0,1,0,2017-05-27T18:39:38.000Z,CarlosP91823048,FALSE,Carlos Patricio,"","Analista Criminal, T√©cnico Jur√≠dico, Psic√≥logo en formaci√≥n, Instructor de Kickboxing. 
Paleolibertario."
879610831268347904,2021-04-21T02:01:50.000Z,1384688798051803138,it,@cseebach Fascista,0,0,0,0,2017-06-27T08:02:19.000Z,DDGhostGuns,FALSE,DD,"",""
885178893967208449,2021-04-19T00:44:25.000Z,1383944540147490827,es,"@cseebach Todas las medidas Covid  debieran ser voluntarias  y el estado emitir recomendaciones.
 La obligatoriedad debiera ser solo por periodos acotados. Est√°s restricciones que llevan m√°s de un a√±o, ya no surten efecto, el mismo Estado se queda sin herramientas para atajar el Covid.",1,0,5,0,2017-07-12T16:47:48.000Z,Gonzalo98050470,FALSE,Gonzalo Castillo P.,"","Pap√°, Marido, Cat√≥lico , Pro vida, Republicano,  Abogado Migratorio Universidad de Chile. Colegio de Abogados de Santiago."
891473412,2021-04-21T05:14:31.000Z,1384737287280513026,es,@cseebach @guarlokirc @jiros Poner en riesgo? Los vacunados covid tb pueden contagiar a otros.,0,0,0,0,2012-10-19T17:51:15.000Z,Victor_Quiroz_,FALSE,Victor Quiroz Mesa,"","Cristiano, casado, trabajo como abogado.
Licenciado en Derecho PUC."
910521198043439104,2021-04-19T00:52:23.000Z,1383946546450894853,es,"@cseebach @jiros Viste el informe del Minsal de la vacuna. Vacunado te enfermas igual, contagias igual y te mueres igual. Quiz√°s en un porcentaje algo menor.",0,0,2,0,2017-09-20T15:09:05.000Z,UrdangarinP,FALSE,Luis Urdangarin K üá®üá± C. a concejal por Curic√≥,"","Chuquicamatino de nacimiento. Emprendedor toda la vida, hoy agricultor. Republicano, amante de nuestro pa√≠s y su gente. #RecuperemosChile"
910521198043439104,2021-04-19T00:53:33.000Z,1383946838760333316,es,@cseebach @guarlokirc @jiros Algo as√≠ como forzar la vacunacion hip√≥critamente?,0,0,0,0,2017-09-20T15:09:05.000Z,UrdangarinP,FALSE,Luis Urdangarin K üá®üá± C. a concejal por Curic√≥,"","Chuquicamatino de nacimiento. Emprendedor toda la vida, hoy agricultor. Republicano, amante de nuestro pa√≠s y su gente. #RecuperemosChile"
958150448023855110,2021-04-21T02:24:20.000Z,1384694461666631681,es,@carolasanche @hans_ebeni @Alcibihades @bernardolarrain @rpalaciosp @SofofaChile @latercera @LucasPalaciosC @fca_junemann @JIEyzaguirre @F_Cruz_F @jorgeerrazuriz @carolahonorato @cseebach @susanajimenezs @alemustakis En la p√°gina de la empresas B en Chile.,0,0,0,0,2018-01-30T01:30:43.000Z,BurningManChile,FALSE,The BurningMan. - Jose Miguel Risopatr√≥n,"","Un hombre demasiado ardiente, nada m√°s que decir de mi."
96666751,2021-04-18T17:28:53.000Z,1383834933433561102,pt,@cseebach Facista,0,0,0,0,2009-12-14T01:31:46.000Z,Chimicsite,FALSE,CHIMIC!,http://t.co/gvXFuwOTck,Sitio web dedicado a la gran narrativa gr√°fica chilena y a las rese√±as en general
