author_id,lang,text,id,created_at.x,public_metrics.retweet_count,public_metrics.reply_count,public_metrics.like_count,public_metrics.quote_count,name,username,description,url,created_at.y,verified
100229189,und,@SoledadOnetto https://t.co/BJMDhhLY1n,1383960374429380613,2021-04-19T01:47:20.000Z,0,0,0,0,Pato Torres Oteiza,PatoTorres_O,"@lacuarta me bautiz√≥ #TatitaChuncho, CELIACO. AMO a mi familia y mis perros. Mi pasi√≥n: Universidad de Chile. Te sigo. E. Nacional puerta 9, asiento 27. APRUEBO",https://t.co/AKOEPDLEfL,2009-12-29T13:48:43.000Z,FALSE
1011372204,es,@Mega #EdificioCorona Habr√≠a sido muy √∫til usar la teleserie para educar y no para generar confusi√≥n. Contactos estrechos NO SE HACEN PCR üö´ Soy trazadora en APS y es una situaci√≥n que colapsa a√∫n m√°s el sistema de salud @jananeme @SoledadOnetto,1384664620904894466,2021-04-21T00:25:46.000Z,0,0,0,0,natalia quintanilla,nattiquinta,Cirujano Dentista,"",2012-12-14T15:37:40.000Z,FALSE
103617480,es,"@meganoticiascl @SoledadOnetto Es una verg√ºenza los criterios que utiliza el gobierno, para la adjudicaci√≥n del bono clase media, los extranjeros tienen mas prioridad que nosotros mismo, lamentablemente la situaci√≥n.",1383942645966204932,2021-04-19T00:36:53.000Z,0,0,0,0,pablo,darktrom666,"","",2010-01-10T17:18:24.000Z,FALSE
1043123356919377921,es,@KarlaEnAccion ESTA MINTIENDO EN @meganoticiascl @SoledadOnetto,1383959661016064003,2021-04-19T01:44:30.000Z,0,0,0,0,FelipeVirus ü¶†,fcastroomann,"Santiaguino con Alma,Sangre Sure√±aüôãüèª‚Äç‚ôÇÔ∏è","",2018-09-21T13:02:43.000Z,FALSE
1101964050668363776,es,"@rodrigosepu @WeatherEnChile Ayer justo no estuviste en @meganoticiascl con la Ministra y si @SoledadOnetto que claramente nunca va a presionar al poder ..
Gracias por sacar la voz por muchos",1384159245461979145,2021-04-19T14:57:35.000Z,0,0,1,0,Albertz,Albertztito,"Amante de Colo-Colo
Hincha de Racing Club Avellaneda 
Amante del Vino 
Catador del Barros Luco 
Animal 
Insecto twitter

#Apruebo","",2019-03-02T21:54:37.000Z,FALSE
1102571448487628802,es,"Miren esta we√° hermano!

Por eso Pinochet mando a matar a todos estos weones insufribles.

Si, lo pens√© igual que millones de Chilenos.

@kikemujica @cbofillr @matiasdelrio @IvanValenzuelaU @elvillegaschile @CoxRobertoCox @rodrigosepu @fuentesilva2 @gonzalomuller 
@SoledadOnetto https://t.co/UlZHsZiiDP",1384647285737508864,2021-04-20T23:16:53.000Z,0,0,0,0,Alex DeLarge,AlexDeLargeCHI,"Estudiante, Trabajador, Emprendedor, Melomano , Ex chico problema y esta bien lo asumo, solo me muevo en esta vida por inter√©s o miedo... igual que T√∫.","",2019-03-04T14:08:12.000Z,FALSE
1102571448487628802,es,"Por que denostar al ejercito es ‚Äúlibertad de expresi√≥n‚Äù y denostar a la UP y Allende es ‚Äúnegacionismo‚Äù?

Se viene un estallido, pero uno de verdad y que no digan los zurdos que no lo vieron venir.

@matiasdelrio @kikemujica @IvanValenzuelaU @gonzalomuller @cbofillr @SoledadOnetto https://t.co/yNbBgX0G9Y",1383993556168105984,2021-04-19T03:59:11.000Z,0,0,0,0,Alex DeLarge,AlexDeLargeCHI,"Estudiante, Trabajador, Emprendedor, Melomano , Ex chico problema y esta bien lo asumo, solo me muevo en esta vida por inter√©s o miedo... igual que T√∫.","",2019-03-04T14:08:12.000Z,FALSE
1102571448487628802,es,"La violencia ahora es cualquier wea.

La degradaci√≥n del lenguaje.

@kikemujica @matiasdelrio @cbofillr @elvillegaschile @IvanValenzuelaU @CoxRobertoCox @gonzalomuller @SoledadOnetto https://t.co/Mj04qB69GB",1384627924972843008,2021-04-20T21:59:57.000Z,0,0,0,0,Alex DeLarge,AlexDeLargeCHI,"Estudiante, Trabajador, Emprendedor, Melomano , Ex chico problema y esta bien lo asumo, solo me muevo en esta vida por inter√©s o miedo... igual que T√∫.","",2019-03-04T14:08:12.000Z,FALSE
1102571448487628802,es,"@sesnaola Calmao que el @Ejercito_Chile esta dando una critica de la teleserie turca...

Conshetumare

@matiasdelrio @kikemujica @gonzalomuller @rodrigosepu @fuentesilva2 @cbofillr @CoxRobertoCox @SoledadOnetto",1383986982838104065,2021-04-19T03:33:04.000Z,0,0,0,0,Alex DeLarge,AlexDeLargeCHI,"Estudiante, Trabajador, Emprendedor, Melomano , Ex chico problema y esta bien lo asumo, solo me muevo en esta vida por inter√©s o miedo... igual que T√∫.","",2019-03-04T14:08:12.000Z,FALSE
1102571448487628802,es,"@gabrielboric La voz de @Carabdechile @Ejercito_Chile , @FACh_Chile y @Armada_Chile tienen mas apoyo que el congreso y los partidos politicos de izquierda juntos ü§∑üèª‚Äç‚ôÇÔ∏èü§∑üèª‚Äç‚ôÇÔ∏è

@matiasdelrio @kikemujica @gonzalomuller @rodrigosepu @fuentesilva2 @IvanValenzuelaU @SoledadOnetto @CoxRobertoCox",1384203106527825920,2021-04-19T17:51:52.000Z,0,0,0,0,Alex DeLarge,AlexDeLargeCHI,"Estudiante, Trabajador, Emprendedor, Melomano , Ex chico problema y esta bien lo asumo, solo me muevo en esta vida por inter√©s o miedo... igual que T√∫.","",2019-03-04T14:08:12.000Z,FALSE
1120997324,es,"@meganoticiascl @SoledadOnetto Bono clase media un asco fue lo mismo, supon√≠amos que por SII ser√≠a seguro . Yo y mi esposo estamos sin trabajo y el este a√±o ganaba una tercio al 2019 y as√≠ y todo no sali√≥ favorecido",1383952513603227650,2021-04-19T01:16:06.000Z,0,0,0,0,juana menjibar,JuanaMenjibar,"","",2013-01-26T05:02:33.000Z,FALSE
1121779073229971456,es,@meganoticiascl @SoledadOnetto Me gustar√≠a saber porque se insiste con la propuesta de Lavin di somos muchos los que no trabajamos por cuidar padre enfermo y no tenemos el seguro de cesant√≠a pero si en las afp hemos sacado los 2 retiros y ahora se nos quiere negar el derecho no al TC,1383942282961768457,2021-04-19T00:35:27.000Z,0,0,0,0,Magda Torres,MagdaTo27215867,"","",2019-04-26T14:12:27.000Z,FALSE
1123308167251857409,es,"@SoledadOnetto por favor preguntale a @KarlaEnAccion por que siempre ponen tanta traba para dar miserables 500.000 a la clase media, con suerte se pagan dos dividendos o dos arriendos  y seria",1383957742289752069,2021-04-19T01:36:53.000Z,0,0,0,0,Cristian_Nieraad,NieraadCristian,"","",2019-04-30T19:28:31.000Z,FALSE
1136420579639201792,es,"#ModusOperandi @meganoticiascl @Mega   @AndreaAristegui  @rodrigosepu @SoledadOnetto ES BUENO DENUNCIAR A LOS DELINCUENTES EN CHILE, ESPEREMOS Q LOS DELINCUENTES DE LA #√âLITE TAMBI√âN LO HAGAN PAR√Å Q DEMUESTREN Q NO SEAN CANAL FACISTA #PrensaVendida https://t.co/G26ju3mTiG",1383990231314046988,2021-04-19T03:45:59.000Z,1,0,1,0,TheGreatGokuüî•,Dpm_Chile2020,"#Apruebo üó≥Ô∏è
#NuevaConstituci√≥nParaChile
#NoMasAFP
#NoAlMaltratoAnimal
#LaRazaHumanaUnaPlaga","",2019-06-05T23:52:34.000Z,FALSE
1136420579639201792,es,Familias #ClaseMedia vulnerables que ganan el m√≠nimo que no pueden adoptar el #BonoClaseMedia tiene letra chica @KarlaEnAccion @MinDesarrollo @Cutchile @meganoticiascl @Mega @SoledadOnetto https://t.co/xHOohSQTfJ,1383959323550785541,2021-04-19T01:43:10.000Z,3,0,1,0,TheGreatGokuüî•,Dpm_Chile2020,"#Apruebo üó≥Ô∏è
#NuevaConstituci√≥nParaChile
#NoMasAFP
#NoAlMaltratoAnimal
#LaRazaHumanaUnaPlaga","",2019-06-05T23:52:34.000Z,FALSE
113983221,es,@patinflas @SoledadOnetto @KarlaEnAccion Ning√∫n gobierno mantiene vagos ni fomenta la vagancia..  as√≠ que si quieres bonos.. trabaja!!  Vago!!,1383963974446641161,2021-04-19T02:01:38.000Z,0,1,0,0,DonWeonDeLaBici!!,Kris_pezdemonio,"‚ô´‚ô´A m√≠ manera, despelucado 
En una bici que me lleva a todos lados ‚ô´‚ô´","",2010-02-13T18:01:02.000Z,FALSE
1165836583142088706,es,"Linda y exitosa semana para ti estimada @SoledadOnetto üíô ‚ú® 
Un abrazo de
@chicasdecalipso
#FcOficialChayanneUnConquistador
#ChicasDeCalipsoChile
#Chayanne
#FelizSemana
#YoMeQuedoEnCasa https://t.co/2UBYkxIUk2",1384098855310921732,2021-04-19T10:57:37.000Z,0,0,1,0,@Marcia.Delgado,marciade0311,Enamorada de @CHAYANNEMUSIC desde siempre y orgullosa @chicasdecalipso üíô‚ú®,"",2019-08-26T04:01:25.000Z,FALSE
1170165231227740160,es,"@camila_vallejo los comunistas invierten en empresas: es decir son capitalistas, tienen dinero y no donan NADA, roban a manos llenas estando en el estado: HIPOCRITAS - ASESINOSüëá
@SoledadOnetto @matiasdelrio @tv_mauricio @melnicksergio @rafa_cavada @tv_monica @paulinanu @AXELKAISER @Jou_Kaiser https://t.co/FjelzRb8hL",1384664058583003141,2021-04-21T00:23:32.000Z,0,0,0,0,Allen Chezard,AChezard,"","",2019-09-07T02:42:22.000Z,FALSE
118392371,und,@KarlaEnAccion @meganoticiascl  @SoledadOnetto  #TercerRetiro10porciento https://t.co/FGNFHzsC3e,1383958787397079040,2021-04-19T01:41:02.000Z,0,0,0,0,Enjar Ice,dj_iceinthemix,trabajador independiente y con ganas de surgir,"",2010-02-28T14:52:45.000Z,FALSE
118392371,und,@SoledadOnetto https://t.co/3djCA6F9Qz,1383957892747841542,2021-04-19T01:37:28.000Z,0,0,0,0,Enjar Ice,dj_iceinthemix,trabajador independiente y con ganas de surgir,"",2010-02-28T14:52:45.000Z,FALSE
1186976046157045763,es,@MaherIsi @TVN @Sanfeliu @chilevision  @gonzaloramirex @mxperez @SoledadOnetto Subir el impuesto a las grandes empresas. Los super ricos general% sacan de ahi su riqueza. Hoy grandes empresas pagan el 27%.  Podrian pagar un 30% o  35%. Es muchisimo dinero de 1 vez.,1384732781352259589,2021-04-21T04:56:36.000Z,0,0,0,0,Pamela Sotomayor,PamelaSotomay16,...,"",2019-10-23T12:02:09.000Z,FALSE
1186976046157045763,es,.@guendelman .@SoledadOnetto .@TonkaTP .@KarendTV  Muchas gracias!!! Ya encontro una familia q la amo a primera vista. saludos üòÉ https://t.co/HCZ0XHiVrV,1384342589315469313,2021-04-20T03:06:07.000Z,0,0,0,0,Pamela Sotomayor,PamelaSotomay16,...,"",2019-10-23T12:02:09.000Z,FALSE
1186976046157045763,es,".@guendelman .@SoledadOnetto .@TonkaTP  @KarendTV Soy ""Pelusita"", Perrita Amorosa y Educada, 2 a√±os, peque√±a (menos que mediana) desparasitada y vacunada. Busco  hogar y a cambio entregar amor y compa√±√≠a a quien me cobije.  +569 82012486 Gracias por difundir https://t.co/If2EBjt4Wv",1384152348478480384,2021-04-19T14:30:10.000Z,18,1,15,2,Pamela Sotomayor,PamelaSotomay16,...,"",2019-10-23T12:02:09.000Z,FALSE
1186976046157045763,es,@Manuel72972914 @KarendTV @guendelman @SoledadOnetto @TonkaTP Ya fue adoptada!! Gracias a todos por hacer el milagro 1 realidad,1384342891376660483,2021-04-20T03:07:19.000Z,0,0,2,0,Pamela Sotomayor,PamelaSotomay16,...,"",2019-10-23T12:02:09.000Z,FALSE
1187825775472529412,es,@meganoticiascl @SoledadOnetto Porque tan pica lukas para los pensiones de renta vitalicia,1383961537186914311,2021-04-19T01:51:57.000Z,0,0,0,0,kita Aguirre,ArosAguirre,"","",2019-10-25T20:18:59.000Z,FALSE
119268394,es,"#mega porque eval√∫an los ingresos del 2019 (a√±o que no tuve trabajo)? Yo hoy en d√≠a gan√≥ el sueldo m√≠nimo... Necesito urgentemente el bono, soy mam√° soltera y con dos hijas y no puedo acceder?? @SoledadOnetto @meganoticiascl",1383960963825606661,2021-04-19T01:49:41.000Z,0,0,0,0,Cata Toro,bbdechocolate,"","",2010-03-03T04:13:53.000Z,FALSE
1193936871119900681,es,Ahora son puros ‚Äúcasos especiales‚Äù los que @SoledadOnetto le exhiben a Karla Rubilar ahora en MEGA!  üëá https://t.co/WwXsUxTIwo,1383958111283683328,2021-04-19T01:38:21.000Z,1,0,0,1,Lgcz,morganica7_,"Soy mujer, ‚ôäÔ∏è amante de los animales üê∂üê±üê≠ü¶äü¶áü¶âü¶Öü¶Ü @soydonante.üåà","",2019-11-11T17:02:10.000Z,FALSE
1211881701032415232,es,@meganoticiascl la pelotuda de @SoledadOnetto defendiendo las mentiras y chanter√≠as del Gobierno !! SON PURAS MENTIRAS !!! NO LE DAN EL BONO A NADIE !!! @GobiernodeChile de mierda !!!,1383960813610827780,2021-04-19T01:49:05.000Z,0,0,0,0,Agel,agelcontinental,Luchando por lo justo !!,"",2019-12-31T05:28:19.000Z,FALSE
1226880744791977985,und,@Camara_cl @PDC_Chile @SoledadOnetto @rodrigosepu @melnicksergio @ContigoCHV @MuchoGustoMEGA @BuenosDiasTVN https://t.co/uOvl10xijy,1384677705694818304,2021-04-21T01:17:45.000Z,0,0,0,0,rimamesa,rimamesa2,"Creo en Dios, amo a mi familia y a mi Patria, te sigo si me sigues siempre y cuando seas de derec..Patriota","",2020-02-10T14:49:18.000Z,FALSE
1239008168329523200,es,"@SoledadOnetto El Servicio de impuestos interno..No tiene o No quiere reconocer a las personas que est√°n  en situaci√≥n...""QUIERO MI 3 TERCER RETIRO..",1383958535961137154,2021-04-19T01:40:02.000Z,0,0,0,0,@juan.a.huirilef.ca,juanahuirilefc2,"","",2020-03-15T01:59:21.000Z,FALSE
1239008168329523200,es,@SoledadOnetto No gan√≥ una millonada como los Del Gobierno.,1383957705170112518,2021-04-19T01:36:44.000Z,0,0,0,0,@juan.a.huirilef.ca,juanahuirilefc2,"","",2020-03-15T01:59:21.000Z,FALSE
1239008168329523200,es,@SoledadOnetto hola buenas noches a√±o pasado estuve m√°s de 5 meses. En cuarentena...y NO calific√≥ para el bono de clase media...estuve en protecci√≥n del trabajo..,1383957537288904707,2021-04-19T01:36:04.000Z,0,0,0,0,@juan.a.huirilef.ca,juanahuirilefc2,"","",2020-03-15T01:59:21.000Z,FALSE
1248093373807898626,es,"@meganoticiascl @SoledadOnetto A los discapacitados a√∫n no les dan ninguna ayuda, solo el ife que cambia de acuerdo a la face en que se encuentra su localidad. Un chiste su bono. #quieromitercerretirodel10%",1383944561743994881,2021-04-19T00:44:30.000Z,0,0,0,0,Jorge Aguilar,JorgeAg76081094,"Osorno chile
Mi Angel maty
La vida continua
Mi familia mi raz√≥n de ser","",2020-04-09T03:40:32.000Z,FALSE
1285560854767898625,es,"@meganoticiascl @SoledadOnetto @meganoticiascl si comparo mi sueldo de 2019 versus 2020 mi sueldo cay√≥ en un 100% y no califico al bono clase media, ¬øpor que?",1383943472302813187,2021-04-19T00:40:10.000Z,0,0,0,0,Caro cancino,caro_cancinol,pensar positivo aunque todo se derrumbe,"",2020-07-21T13:03:09.000Z,FALSE
1296613539684265984,es,"@SoledadOnetto #Alertamega la ministra Miente, no la deje mentir tanto!!!",1383960514665926656,2021-04-19T01:47:54.000Z,0,0,1,0,MauriceF,mauriceflorenc,"","",2020-08-21T01:03:07.000Z,FALSE
1312831389138669570,es,@meganoticiascl @SoledadOnetto Cual es el 1.120.000 bonos aceptados si yo solo eh leido que todos salen rechazados,1383946652512243714,2021-04-19T00:52:49.000Z,0,0,0,0,Marcelo,Marcelo85698801,me gusta compartir mucho con mis amigos y amigas,"",2020-10-04T19:06:27.000Z,FALSE
1331280067549425664,es,"#BonoClaseMediaRechazado #alerta Me rechazaron el bono por $2.180 ... ¬øCu√°l es el criterio? Llevo un a√±o sin trabajo, mi sueldo cay√≥ 100% @SoledadOnetto https://t.co/Vvom9oKnrs",1383957311324971008,2021-04-19T01:35:10.000Z,0,1,0,0,Nico Escobar,NicoEsc90386130,"","",2020-11-24T16:54:54.000Z,FALSE
1356275064023511041,es,"#meganoticias 
Soy discapacitado gano $250.00 m√°s tengo una pensi√≥n de invalidez que es $153990 y no califico en las dos. Adem√°s vivo con mi abuelita que es de la tercera edad que puedo hacer? @meganoticiascl  @SoledadOnetto",1383957474693181442,2021-04-19T01:35:49.000Z,0,0,0,0,Eduardo Alexis Loyola Inostroza,LoyolaInostroza,cuenta oficial,"",2021-02-01T16:16:01.000Z,FALSE
1374014054331789318,es,"@SoledadOnetto QUI√âN O QU√â PARTIDO, SEGUIR√Å APOYANDO A PI√ëERA y EST√ÅN DISPUESTOS A ""UNDIRSE"" CON √âL Y SU GOBIERNO 
DESACREDITADO, ODIODO CADA D√çA M√ÅS,
""HOY APOYARLO ES UN SUICIDIO POL√çTICO""
PORQUE PERDER√ÅN VOTOS Y CREDIBILIDAD
EL PUEBLO NO PERDONAR√Å!",1384695127109668867,2021-04-21T02:26:59.000Z,0,0,0,0,Valeriaüòú,Valeria08925319,"","",2021-03-22T15:04:55.000Z,FALSE
137434901,es,@meganoticiascl @SoledadOnetto Mi marido qued√≥ sin ingresos en enero 2021 solo trabajaba solo con boletas de honorarios y no le de don el bono!! Una pena como familia.,1383961059023671297,2021-04-19T01:50:03.000Z,0,0,0,0,Alexandra,alexandrapunto7,"",https://t.co/QOhfTkwYMB,2010-04-26T18:58:04.000Z,FALSE
1375056290368647177,es,"@meganoticiascl @SoledadOnetto Llevo 1 a√±o con licencia ,por c√°ncer de mama y no califique para el bono",1383951990984634370,2021-04-19T01:14:01.000Z,0,0,0,0,Alejandra,Alejand25258910,"","",2021-03-25T12:05:56.000Z,FALSE
1377954973489725445,es,"@SoledadOnetto hola estimada Soledad, necesito ser escuchada, necesito que alguien me ayude!! @tiendas_paris no quiere devolver el dinero de una compra, llevo m√°s de 5 meses esperando, ese dinero lo necesito para pagar cuentas, comida, l√≠nea de cr√©dito. Por favor ayuda!! https://t.co/2YYljcbMwV",1384188637479280648,2021-04-19T16:54:22.000Z,0,0,0,0,Angelica Veliz,Angelic37734366,"","",2021-04-02T12:04:13.000Z,FALSE
1380232731821490183,es,"@SoledadOnetto  casi pidiendo disculpas cuando les hace las preguntas... Si estamos claro que llegaron tarde, por ej el ife llegara ales y medio despues de poner a la gente en cuarentena y mo dejarlos trabajar.
@meganoticiascl lo manejara el gobierno para quedar bien",1383960910394380303,2021-04-19T01:49:28.000Z,0,0,0,0,KAREN PACHECO ALVAREZ,KARENPACHECOAL3,Amo mi familia,"",2021-04-08T18:55:14.000Z,FALSE
1381343086375280642,es,"@KarlaEnAccion @meganoticiascl @SoledadOnetto @rodrigosepu @CHVNoticias @ContigoCHV @tv_Amaro @alvarez_monse @24HorasTVN @BuenosDiasTVN @jananeme #ContigoCHV #Bienvenidos13 #BuenosDiasTVN 
Julio cesar Rodr√≠guez https://t.co/pOjaVXvlzK",1383980698713825283,2021-04-19T03:08:06.000Z,0,0,0,0,RONdolfo,NdolfoRo,"cuenta nueva.
twitter y la ctm","",2021-04-11T20:27:25.000Z,FALSE
1381458303566417923,es,"@meganoticiascl @SoledadOnetto El bono de clase, claramente no es para la clase media obrera, ingreso honorarios no ha disminuido, ya que por a√±os soy prestadora de servicios para un servicios, pero si el alza en los precios de los insumos de primera necesidad, ha hecho disminuir mis ingresos, pero no califico",1383942473681014789,2021-04-19T00:36:12.000Z,0,0,1,0,katita troncoso godoy,TroncosoKatita,nada cambia... si t√∫ no lo cambiasüíõüíú,"",2021-04-12T04:05:19.000Z,FALSE
1382996349415723008,es,@PamelaSotomay16 @KarendTV @guendelman @SoledadOnetto @TonkaTP Que estupendo es que tenga hogar pronto,1384242993528406017,2021-04-19T20:30:22.000Z,0,1,1,0,Manuel,Manuel72972914,que la gente sociable amable y educada y que quieran seguirme estoy disponible,"",2021-04-16T09:57:12.000Z,FALSE
1383942727822311425,es,"@meganoticiascl @SoledadOnetto Es una verg√ºenza el famoso bono clase media, desde que comenz√≥ la cuarentena todas las cosas subieron de valor y los sueldos siguen igual, como pueden decir que uno no califica para el bono??",1383946086918750218,2021-04-19T00:50:34.000Z,0,0,0,0,Constanza Gajardo,Constan71372894,"","",2021-04-19T00:37:32.000Z,FALSE
1383999206839357450,es,"@SoledadOnetto Llego la esperada inmunidad de reba√±o,,ahora el 90 % quedo inmune al bono #BonoClaseMediaRechazado",1384012023193686020,2021-04-19T05:12:34.000Z,0,0,0,0,Andr√©sfigueroachile,AndrsFi24673648,"ni de izquierda ni de derecha,,simplemente patriota","",2021-04-19T04:22:00.000Z,FALSE
138632324,es,"@SoledadOnetto, ojo, hab√≠an dicho que llegar√≠a a 3mill de personas y no 2mill como dicen ahora acomodando la cifra para que sea m√°s cerca a la cantidad de solicitudes aprobadas",1383958339239878657,2021-04-19T01:39:15.000Z,0,0,0,0,Marcelo Ayet,m_ayet,"","",2010-04-30T03:17:36.000Z,FALSE
1454533092,es,@meganoticiascl  @SoledadOnetto @KarlaEnAccion  que verg√ºenza esa persona por 7.000 pesos quedo fuera yo tuve un 18 por ciento de ca√≠da por dos por ciento fuera .hemos trabajado sin parar en pandemia y ni las gracias nos dan pero alguien que gana dos palos si le dan,1383960313800781827,2021-04-19T01:47:06.000Z,0,0,0,0,daniel sepulveda d.,daniel82848730,"","",2013-05-24T15:43:20.000Z,FALSE
148038214,es,"@InfinitaFM @SoledadOnetto #WorkCaf√©Santander 
Me intereso mucho el software para mejorar compresi√≥n lectora!!

saludos.",1384262318507184131,2021-04-19T21:47:09.000Z,0,0,0,0,Rodrigo Salvo P COLO COLO,rsalvop,"Historia: Sucesi√≥n sucesiva de sucesos sucedidos sucesivamente üöÄ üåïüë®‚ÄçüöÄüöÄüåïüåïüë®‚ÄçüöÄüöÄüåï
fue acusado, condenado y
bloqueado;
descendi√≥ a los infiernos Twiteros!",https://t.co/qA6GNKN4uO,2010-05-25T17:37:38.000Z,FALSE
148038214,es,"@InfinitaFM @SoledadOnetto El problema Soledad....es que no anote el nombre.

saludos.",1384266094303580163,2021-04-19T22:02:09.000Z,0,0,0,0,Rodrigo Salvo P COLO COLO,rsalvop,"Historia: Sucesi√≥n sucesiva de sucesos sucedidos sucesivamente üöÄ üåïüë®‚ÄçüöÄüöÄüåïüåïüë®‚ÄçüöÄüöÄüåï
fue acusado, condenado y
bloqueado;
descendi√≥ a los infiernos Twiteros!",https://t.co/qA6GNKN4uO,2010-05-25T17:37:38.000Z,FALSE
1934712512,es,"@KarimBianchi @YouTube @latercera @CNNChile @CHVNoticias @alvarez_monse @ContigoCHV @T13 @meganoticiascl @Mega @TVN @thecliniccl @copano @Lared_03 @mentiraslared @SoledadOnetto @fuentesilva @tv_monica @Cooperativa @biobio @SoberaniaRadio Excelente Diputado !

Gracias por defender siempre al m√°s d√©bil.

Suerte tienen en Magallanes de tener a un pap√° y a un hijo con conciencia social para defender al que siempre pierde en este sistema de mierda.

Anti Bracitos cortos Manos largas por ac√°. Saludos y muchas gracias.",1384609281308233728,2021-04-20T20:45:52.000Z,0,0,0,0,Raul Erazo,RaulErazo2Raul,"Amante de las cosas simples de la vida. Con la ""U"" en el coraz√≥n.","",2013-10-04T16:12:19.000Z,FALSE
201951639,es,"No solamente en STGO. ac√° en la comuna de villa alemana tambi√©n,pero esta vez fue demaciado,parec√≠a celebraci√≥n de fin de a√±o @pdi @RodrigoDelgadoM @Carabdechile
@meganoticiascl @SoledadOnetto
@sitiodelsuceso
Me pregunto,¬øc√≥mo es posible q logren evadir?
https://t.co/EEK67Ato8n",1384300052533846018,2021-04-20T00:17:06.000Z,0,0,0,0,eliibeth bp,lizzlore,"","",2010-10-13T00:17:01.000Z,FALSE
204479462,es,@santanderchile @InfinitaFM @SoledadOnetto @unegocios Por qu√© discriminan a Trabajadores de la Salud? Hoy no me dejaron entrar al banco,1384517208852795396,2021-04-20T14:40:00.000Z,0,0,0,0,Juacontece,Juacontece,Tazos Hall of Fame member,"",2010-10-18T19:57:32.000Z,FALSE
218147603,es,"@rodrigosepu @meganoticiascl @Mega Rodrigo, por favor ens√©√±ale a @SoledadOnetto  como se entrevista a la vocera del gobierno.

Cero rebate, ninguna opini√≥n ni cr√≠tica, ese es el periodismo desechable del que estamos aburridos.",1383965057218801666,2021-04-19T02:05:57.000Z,0,0,3,0,Don Salta,Don_Salta,"","",2010-11-21T15:14:37.000Z,FALSE
218147603,es,"@meganoticiascl @KarlaEnAccion @SoledadOnetto una basura de entrevista, solo tratando de no incomodar.

5 a√±os de estudio y no eres capaz de rebatir.

Es la muestra de la crisis del periodismo en Chile, realmente una basura de profesionales.",1383962087685189633,2021-04-19T01:54:09.000Z,0,0,1,0,Don Salta,Don_Salta,"","",2010-11-21T15:14:37.000Z,FALSE
2339324186,es,Excelente uso de #Mascarilla y #DistanciamientoSocial en @meganoticiascl . #COVID19 @KarlaEnAccion @SoledadOnetto Esto es lo que debemos hacer para evitar contagio #QuedateEnCasa @ChilePeriodista https://t.co/QNxQMJVkfD,1383957863056351237,2021-04-19T01:37:21.000Z,0,0,0,0,Christian Venegas C.,Tragahumosfire,Engineer in prevention of risks/Environment/ WilandFire/Disaster/Emergencia/Resilienciaüá®üá±,"",2014-02-11T22:20:44.000Z,FALSE
2342713555,es,"@SoledadOnetto insiste en llamar ""clase media"" a las personas que sobreviven endeudadas(te invito a ver cifras @lafundacionsol )Karla Rubilar defendiendo lo indefendible, apelar a un bono... M√°s indignidad por favor!!ü§¨ #bonoclasemedia2021rechazado #ElPeorGobiernoDeLaHistoria",1383959065970106372,2021-04-19T01:42:08.000Z,1,0,1,0,KatAle K- Pop,Kathy16Ale,"dignidad, dignidad y m√°s dignidad!
el cambio comienza x nosotrxs ‚úä","",2014-02-13T23:20:24.000Z,FALSE
2368387145,es,"#meganoticias @KarlaEnAccion 
@SoledadOnetto 
Alemania ha gastado casi el mismo porcentaje del PIB que Chile, pero Chile tiene m√°s gente vulnerable,y por supuesto m√°s pobreza que Alemania.
La comparaci√≥n no es aplicable en √©ste caso.",1383960871617974278,2021-04-19T01:49:19.000Z,0,0,0,0,cristian c major üá©üá™,ccm061971,"","",2014-02-27T06:19:10.000Z,FALSE
238290959,es,"@SoledadOnetto la pregunta es... c√≥mo se  CONGELAN los pagos de pr√©stamos personales y de Pyme... no basta con un monto menor para comer si vas a perder todo lo que tienes contra un banco, NO REFINANCIAR... CONGELAR",1383960609759236103,2021-04-19T01:48:16.000Z,0,0,0,0,Americo Figueroa,Americofig,"","",2011-01-14T20:44:06.000Z,FALSE
2736282640,es,"@Kris_pezdemonio @SoledadOnetto @KarlaEnAccion Hay weones vagos que llevan m√°s de 30 a√±os viviendo del estado y es m√°s le ponen nombres ""honorables""",1383967551474991109,2021-04-19T02:15:51.000Z,0,0,0,0,patinflas,patinflas,"padre de dos ni√±as hermosas....orate, amigo","",2014-08-07T15:26:07.000Z,FALSE
2736282640,es,"#meganoticias @SoledadOnetto @KarlaEnAccion
Yo qued√© sin trabajo este a√±o, no reviso ning√∫n bono, actualice datos en RSH y sigo estando en el 10% de mayor ingreso
#RetiroDeMi10
#BonoClaseMediaRechazado",1383961195942596612,2021-04-19T01:50:36.000Z,0,1,0,0,patinflas,patinflas,"padre de dos ni√±as hermosas....orate, amigo","",2014-08-07T15:26:07.000Z,FALSE
275300412,es,@paolypoli @SoledadOnetto Que rabia!!!!!,1383968664219623428,2021-04-19T02:20:17.000Z,0,0,0,0,M. Jos√© APROB√â + CC,mjosevicuna,No pierdo las esperanzas!,"",2011-04-01T01:01:27.000Z,FALSE
2943031275,es,#meganoticias ¬øQu√© pasa con las personas que quedaron sin trabajo en los primeros meses del 2021? No nos consideraron y seguimos en pandemia. @KarlaEnAccion @SoledadOnetto,1383960834330677249,2021-04-19T01:49:10.000Z,0,0,0,0,Caterineüåª,Catimardones,"","",2014-12-27T01:23:26.000Z,FALSE
297686628,es,"#meganoticias @meganoticiascl buena pregunta y al callo. Seca @SoledadOnetto emitiendo opini√≥n personal y dejando en evidencia la prostituci√≥n pol√≠tica de Pi√±era. No te subas a un avi√≥n Soledad, ni cagando",1383958792652480521,2021-04-19T01:41:03.000Z,0,0,0,0,PaTriciO,rubilarpatricio,"Egolatra, vanidoso, insoportable, simp√°tico cuando quiero, irreverente, sarc√°stico, ir√≥nico y libre de hacer y decir lo que se me ocurra.","",2011-05-12T23:01:17.000Z,FALSE
3087164555,es,"@santanderchile @InfinitaFM @SoledadOnetto @unegocios Necesito ayuda. Llevo d√≠as intentando hacer un pago por internet, me pide clave 3.0 y no llega. Mis datos est√°n actualizados. 
Estoy en EEUU y no puedo comunicarme para que se env√≠e la clave al correo. Ayuda!",1384247495203557376,2021-04-19T20:48:15.000Z,0,0,0,0,Ayline,willowgirla,üî•üñ§,"",2015-03-11T16:12:23.000Z,FALSE
331112726,es,@meganoticiascl mi mam√° no ten√≠a trabajo en 2019 y tiene 0 pesos... en 2020 alcanza 130.000 ... y no tiene bono. Quien vive con un promedio de 130.000? Una verg√ºenza repugnante. #ElPeorGobiernoDeLaHistoria @KarlaEnAccion @SoledadOnetto,1383959629160345600,2021-04-19T01:44:22.000Z,0,0,0,0,DamCH,0xab00,"‚ÄúDetr√°s de este triste espect√°culo de palabras, tiembla indeciblemente la esperanza de que me leas, de que no haya muerto del todo en tu memoria‚Äù #FachosFuera","",2011-07-07T17:28:06.000Z,FALSE
331112726,es,"#MeganoticiasAlerta lo √∫nico que escucho de @KarlaEnAccion es trabas trabas errores e inoperancias... VERG√úENZA ME DAR√çA PARARME A EXPLICAR UN REPUGNANTE BONO. 
#COVID19 #mega @SoledadOnetto",1383961556673646595,2021-04-19T01:52:02.000Z,0,0,0,0,DamCH,0xab00,"‚ÄúDetr√°s de este triste espect√°culo de palabras, tiembla indeciblemente la esperanza de que me leas, de que no haya muerto del todo en tu memoria‚Äù #FachosFuera","",2011-07-07T17:28:06.000Z,FALSE
3365312853,es,"@pschaulsohn @nicolecisternas @Viviluc2 @LaperGris @vivigonb @sofiavds @MarcelaVeraO @carmen_hertz @lam_roxany @beouchka @rofaundezg @cla_cor @CarlaMoscosoR @SansottaAndrea @clausanhueza @claudianewen @Hmolinamilman @TVidaurrazaga @gvillegasm @Pilarvd @Petranieves @AlePlacenciaC @carlamilar73 @magamastretta @mjobecerra @labeasanchez Amplifica la voz de las mujeres y sigue la lista!
@claudianewen @carolaurrejola @gvillegasm @Pa__tty @tv_monica @ValdebenitoNata @Gonzali_to @DianaCardenasG @LizaJegoM @karen_aliaga @MattyLL @LuciaDammert @alejandramatus @SoledadOnetto @SuQuezada @terefuentealba @Ximena_Navarro",1384720410944622593,2021-04-21T04:07:27.000Z,1,0,1,0,Paula Valenzuela,Yopaulaval,"desarrollo infantil * ni√±ez * pol√≠ticas infancia * ciudadan√≠a * derechos, empat√≠a, solidaridad, respeto y alegr√≠a como elementos clave del desarrollo humano","",2015-07-08T04:08:01.000Z,FALSE
339539035,und,@unainsolencia @Cami_FloresO @Diego_Schalper @paulanarvaezo @Cata_Edwards @SoledadOnetto @carolaurrejola @ramirez_polo @SolangeRamirez @mvacarezza @acaniulef,1384638160412491777,2021-04-20T22:40:37.000Z,0,0,1,0,Marcelo,Mbarbierim,"Periodista corporativo üéô                

Vi√±amarinoüèñ
RunnerüèÉ‚Äç‚ôÇÔ∏è","",2011-07-21T08:03:38.000Z,FALSE
355206081,es,"@SoledadOnetto Siento que el gobierno respecto a la pandemia deber√≠a tomar medidas m√°s dr√°sticas en comunas en cuarentena con dejar funcionar solo lo esencial. 
Obras de contrucci√≥n no son esenciales y siguen funcionando ellos tienes m√°s de 200 trabajadores expuestos al covid.b",1383946994478055432,2021-04-19T00:54:10.000Z,0,0,0,0,nanita,dinamikaaa,üîÜ,"",2011-08-15T00:39:26.000Z,FALSE
364439256,es,@SoledadOnetto Gracias por este recuerdo modo pandemia y por la buena onda ü§ó‚ù§Ô∏è https://t.co/HOjiHYFPz4,1384269867272998918,2021-04-19T22:17:09.000Z,0,0,0,0,Rutty Zu√±iga Adaros,Rutita2407,"","",2011-08-29T19:33:09.000Z,FALSE
366410563,es,"@KarlaEnAccion c√≥mo comparas el 2019 cuando no hab√≠a pandemia y crisis econ√≥mica del 2020 y 2021, p√©sima, PAYASO!!! @SoledadOnetto",1383961850912542723,2021-04-19T01:53:12.000Z,0,0,0,0,Cristian Tatan,CristianTatan29,"","",2011-09-02T03:50:18.000Z,FALSE
367469704,es,"@SoledadOnetto que pasa, por qu√© NO quiere escuchar y solo cuestionar...
Ud ve las ayudas en pa√≠ses vecinos?
Siempre uno quisiera estar mejor, pero hemos tenido 25 a√±os de mal gobierno de Izquierda con POCO crecimiento...",1383959321508139010,2021-04-19T01:43:09.000Z,0,0,0,0,Batman,libreyalegre,"Por un Chile Libre, Solidario y Alegre.","",2011-09-04T01:13:56.000Z,FALSE
369152037,en,@WhiteHouse @FBIWFO @hrw @POTUS @EricTrump @AngelaMerkle2 @cnnbrk @BBCBreaking @NewYorkTimes_es @BostonGlobe @meganoticiascl @SoledadOnetto @JuliaVialTV @DrEnriqueParis   @GobiernodeChile monuments will be ban for large gatherings forbiden amd forgoten churches mosques synagauge https://t.co/2S9ROa4Wmm,1384365882835673089,2021-04-20T04:38:41.000Z,0,0,0,0,maurice femenias,mauricefemenias,single / Straight/,"",2011-09-06T21:24:40.000Z,FALSE
369152037,es,Subir edad de jubilaci√≥n: El otro intenso debate durante la discusi√≥n del tercer 10% en la comisi√≥n de Constituci√≥n #Emol https://t.co/cwsL0Jsls0 via @emol @BuenosDiasTVN  @JuliaVialTV @SoledadOnetto @GobiernodeChile me recuerdo @Cata_Edwards  los abuelos viejos $ trabajen mas üå∏,1384508150217388033,2021-04-20T14:04:00.000Z,0,0,0,1,maurice femenias,mauricefemenias,single / Straight/,"",2011-09-06T21:24:40.000Z,FALSE
379445751,es,"#MeganoticiasPrime @SoledadOnetto  buenas noches, pie favor preguntar si los bonos adicionales por hijo menor de edad viene identificado en la solicitud del bono o ese monto se va a ver reflejado despu√©s. Gracias",1383950982611013637,2021-04-19T01:10:01.000Z,0,0,0,0,pmbp,pmbarrientospin,"","",2011-09-25T00:10:37.000Z,FALSE
386790229,es,"3 meses de emitida la resoluci√≥n del tribunal de familia en donde se ratifica q no debo nada. Q estoy al dia y @Modeloresponde @AFPModelo sigue sin pagar, estoy lleno de Tickets. Es una verg√ºenza. @Emol @CHVNoticias @Mega @rodrigosepu @SuperDeSalud @latercera @SoledadOnetto",1384152802428030977,2021-04-19T14:31:59.000Z,1,1,1,1,Jorge Antonio Saffie Vega,JORGE_SAFFIE,Ingeniero Civil en Qu√≠mica. MBA/MSc/ PMP/Opiniones Personales!!,https://t.co/gs6xqX57RG,2011-10-07T22:25:51.000Z,FALSE
403455044,es,"#meganoticias @SoledadOnetto exacto las personas de esfuerzo son los que tienen parado este pa√≠s , la ministra sabe todo lo que hay que hacer para mantenerse en el trabajo en pleno estallido y pandemia lo m√°s f√°cil en este pa√≠s es tirar la esponja parece",1383959626241089537,2021-04-19T01:44:22.000Z,0,0,0,0,Michel munoz lara,munoz2809,"","",2011-11-02T14:36:35.000Z,FALSE
434561831,es,@SoledadOnetto muy buena entrevista. Felicitaciones,1383959852209168389,2021-04-19T01:45:16.000Z,0,0,0,0,verygood,miguelangelre54,"Profesi√≥n ingeniero, Competencia Proyectista Minero.","",2011-12-12T01:14:07.000Z,FALSE
47658456,es,@KarlaEnAccion defendiendo lo indefendible en @meganoticiascl @SoledadOnetto dile pot favor Que aprueben el 10% #TercerRetiroOEstallido,1383959842356826112,2021-04-19T01:45:13.000Z,1,0,3,0,Paulita Mayer,PaulitaMayer,"Mam√°, Trabajadora, Jefa de Hogar.. Leal ante todo y sobre todo. Amante del Amor y so√±adora empedernida. Regala tu ausencia a quien no valora tu presencia","",2009-06-16T15:55:53.000Z,FALSE
478722762,es,"No m√°s #MasterPlop https://t.co/FYMDVNuoad a trav√©s de @YouTube 
@latercera @CNNChile @CHVNoticias @alvarez_monse @ContigoCHV @T13 @meganoticiascl @Mega @TVN @thecliniccl @copano @Lared_03 @mentiraslared @SoledadOnetto @fuentesilva @tv_monica @Cooperativa @biobio @SoberaniaRadio",1384606898834522116,2021-04-20T20:36:24.000Z,0,1,3,1,Karim Bianchi Diputado,KarimBianchi,"Diputado por el distrito 28, Regi√≥n de Magallanes y Ant√°rtica Chilena",https://t.co/eURJBePiEd,2012-01-30T16:01:51.000Z,FALSE
572085481,es,"Me dediqu√© a criar a mis peque√±os por ende no tengo ingreso alguno  a mi pareja le bajaron los ingresos desde el estallido y a√∫n as√≠ no podemos acceder, para quien es el bono ( es un chiste ) @meganoticiascl @SoledadOnetto #BonoClaseMediaRechazado",1383961858084769798,2021-04-19T01:53:14.000Z,0,0,0,0,paulette,paula_paulapa85,Somos un globo lleno de emociones en un mundo lleno de alfileres.,"",2012-05-05T21:27:56.000Z,FALSE
610426726,es,@meganoticiascl Qu√© pasa con aquellos trabajadores de clase media que trabajan en pymes que les impusieron por el m√≠nimo en 2019 y el 2020 cambiaron de trabajo o bien mejoraron imposiciones y hoy NO HAY BONO @SoledadOnetto  gracias .,1383960468172140549,2021-04-19T01:47:43.000Z,0,0,0,0,paulyaraneda,paulaaranedacon,19 a√±os como Representante M√©dico. Madre jefa de hogar .Dios sustenta mi vida .Agradecida siempre üé∂üôè,"",2012-06-17T01:51:16.000Z,FALSE
63829941,es,"¬øTarde de lunes? Nada que un #WorkCaf√©Santander no pueda solucionar.

Acompa√±a a @SoledadOnetto en conversaci√≥n con los innovadores m√°s atrevidos de Chile en https://t.co/51iLPQTbYc https://t.co/5A8TRUlflW",1384251555356975110,2021-04-19T21:04:23.000Z,1,2,1,0,Radio Infinita,InfinitaFM,üéô #PalabrasConPoder | üìª 100.1 FM en Santiago | S√≠guenos en Facebook (https://t.co/nqYoCFIYd9) e Instagram (https://t.co/5nX5NS3m75),https://t.co/RJ1ctPjjoy,2009-08-07T21:23:32.000Z,FALSE
65419360,es,#ALERTA @meganoticiascl @SoledadOnetto SACARON LOS C√ÅLCULOS DE LAS AFP Y DE LA AFC PARA SABER CUANTO TE HAN PAGADO DE LOS 2019 Y 2020,1383958901465391109,2021-04-19T01:41:29.000Z,0,0,0,0,akiles,aquiles_retamal,"","",2009-08-13T17:41:31.000Z,FALSE
65428425,es,"@meganoticiascl @SoledadOnetto tengo un aumento del 1% y no califico, por que se debe tener una disminuci√≥n? 
Porque no puedo tener mi 10%? #ALERTA",1383957417826811906,2021-04-19T01:35:35.000Z,0,0,0,0,Mauricio Campos,mansonegro_scl,No confundas mi personalidad con mi actitud. Mi personalidad es quien soy yo. Mi actitud depende de quien seas tu.,https://t.co/Ud3gjaimbg,2009-08-13T18:20:29.000Z,FALSE
707884579563114497,und,@rodrigosepu @tv_Amaro @anquinteros @futurofm @T13 @CNNChile @thecliniccl @24HorasTVNN @CHVNoticias @meganoticiascl @LaRedTV @mentiraslared @adnradiochile @Cooperativa @SoledadOnetto @TonkaTP @ramirez_polo @anmoletto @Sougarret ‚úäüèªüá®üá± https://t.co/pkBp9HyjGz,1384648400864428034,2021-04-20T23:21:18.000Z,0,0,0,0,Mauricio Opazo Robles,mauricioopazor,"Publicista, Fot√≥grafo, Hijo de exonerado pol√≠tico , M√∫sico de Hobbie...Azul ü§òüèª",https://t.co/8Xh9LJHSUx,2016-03-10T11:03:30.000Z,FALSE
736956154018988033,es,"@meganoticiascl @SoledadOnetto No califico al IFE por pasar el umbral de 100pp (gano el m√≠nimo, 3 integrantes en el n√∫cleo familiar), ahora con el bono clase media no salgo beneficiada porque no tengo disminuci√≥n de ingresos siendo que no deber√≠a demostrarlo ü§∑üèª‚Äç‚ôÄÔ∏è #Meganoticias #bonoclasemedia2021rechazado ‚ùå",1383944292704473091,2021-04-19T00:43:26.000Z,0,0,0,0,Dani Ela,daniquezadape,simplemente Dani Blind :3,"",2016-05-29T16:23:33.000Z,FALSE
770638573,und,@SoledadOnetto https://t.co/fvWqI3uBaQ,1384680512606904326,2021-04-21T01:28:54.000Z,0,0,0,0,Alex Flores,alexflores2035,Coordinador Producci√≥n Baldosas Budnik S.A.,"",2012-08-21T02:08:27.000Z,FALSE
79888444,es,"@SoledadOnetto en el 2019 cotizaba menos del m√≠nimo, en el 2020 quede cesante... Soy demasiado pobre para el Bono clase media, y para el IFE fui demasiado rica porque recib√≠a seguro de cesant√≠a @meganoticiascl #BonoClaseMediaRechazado",1383958397368688644,2021-04-19T01:39:29.000Z,0,0,0,0,Dayi,dayiii_24,..,"",2009-10-05T01:55:05.000Z,FALSE
81698805,es,"Para los que no les han bajado los  ingresos si les ha subido todo la luz el agua bencina tac la comida TODO ha subido, todo sigue subiendo que ayuda hay para ellos?? #meganoticias @SoledadOnetto",1383961050886770690,2021-04-19T01:50:01.000Z,0,0,0,0,üôàüôâ@üåûüåü,NataliaLabrana,üë®‚Äçüë©‚Äçüëß‚Äçüë¶,"",2009-10-11T22:23:09.000Z,FALSE
857203443160817664,und,@meganoticiascl @sebastianpinera @KarlaEnAccion @Alvaro_CarterF @ivanmoreirab @SoledadOnetto https://t.co/Ju8M5ZqQLZ,1383959578555994123,2021-04-19T01:44:10.000Z,0,0,1,0,Josy,josyaravena,Me encanta la musica amo a mis dos hermosas hijas mis pilares son ellas,"",2017-04-26T12:03:21.000Z,FALSE
87848951,es,"Si mi disminuci√≥n de ingresos comienza en Enero 2021, no califico para el bono clase media ni para el IFE COVID ... ins√≥lito ! @MinDesarrollo @SII_Chile @KarlaEnAccion @SoledadOnetto @meganoticiascl",1383957102213812234,2021-04-19T01:34:20.000Z,0,0,0,0,Barbara Soto,BarbiGNR,Strong is the new Skinny !,"",2009-11-06T02:34:36.000Z,FALSE
886704231687880706,es,"üëèüëèüëè @SoledadOnetto entrevistando a  @KarlaEnAccion y ambas con sus mascarillas como corresponde, no con esas pantallas rid√≠culas. @meganoticiascl",1383959254818713603,2021-04-19T01:42:53.000Z,0,0,0,0,Josefina Miller,JosefinakMiller,"Viajera, Chilena del mundo. 27 primaveras.","",2017-07-16T21:48:57.000Z,FALSE
95260669,es,"Hoy en #WorkCaf√©Santander por @InfinitaFM, 
@SoledadOnetto hablar√° con Natacha Marini, coordinadora de BRAIN; Josefa Cort√©s, creadora de Palpa; Sebasti√°n Ram√≠rez, chief executive officer de CmSonic y Camila C√°rdenas, una de las creadoras de Yaku. https://t.co/yR04VQC0Ea",1384603970602164226,2021-04-20T20:24:45.000Z,0,0,0,0,Banco Santander Chile,santanderchile,"Visita nuestro Portal Atenci√≥n al Cliente https://t.co/LADiflHYnK o ll√°manos 600 320 3000 (celulares 2 2320 3000) las 24 hrs, todo el a√±o.",http://t.co/9f0L1MSOMX,2009-12-07T19:14:11.000Z,TRUE
95260669,es,"Hoy en #WorkCaf√©Santander por @InfinitaFM, @SoledadOnetto hablar√° de #Educaci√≥nFinanciera junto a Sergio Tricio, docente de @unegocios; Marcela Vergara, directora de la Rocketbot Academy; Fabi√°n Barriga, director de Um√°ximo y Francisco Samain, co fundador de Caracter Games. https://t.co/OolNXvRYjX",1384243352384598020,2021-04-19T20:31:47.000Z,0,2,4,0,Banco Santander Chile,santanderchile,"Visita nuestro Portal Atenci√≥n al Cliente https://t.co/LADiflHYnK o ll√°manos 600 320 3000 (celulares 2 2320 3000) las 24 hrs, todo el a√±o.",http://t.co/9f0L1MSOMX,2009-12-07T19:14:11.000Z,TRUE
97078208,es,@KarlaEnAccion @SoledadOnetto @meganoticias ministra mucho este bono y la negaci√≥n del tercer retiro est√° llevando a su gobierno a su salida anticipada mediante una acusaci√≥n constitucional.,1383958165297917965,2021-04-19T01:38:33.000Z,0,0,0,0,Servando,seredel,"","",2009-12-15T22:40:29.000Z,FALSE
99929049,es,"@SoledadOnetto expliquenle a la ministra que la gente vive y come con el sueldo LIQUIDO, no con el sueldo bruto. @meganoticiascl #ALERTA",1383957357227515911,2021-04-19T01:35:21.000Z,0,0,0,0,Raul,rduranc,.............,"",2009-12-28T11:40:15.000Z,FALSE
