author_id,lang,created_at.x,text,id,public_metrics.retweet_count,public_metrics.reply_count,public_metrics.like_count,public_metrics.quote_count,username,verified,description,created_at.y,url,name
100797694,es,2021-04-21T05:28:58.000Z,"@gabrielboric Tienes raz√≥n. No todos son iguales... Unos son mas sinverg√ºenzas que otros y hay algunos mas CDR que otros. Pero ninguno probo como debiera ser. TODOS tienen tejado de vidrio y el que diga que no, simplemente miente. Todos endulzan los oidos y despues, ups alzheimer...",1384740926325727235,0,0,0,0,AleAstorgaFink,FALSE,"Dise√±adora de profesi√≥n, productora de coraz√≥n, perfeccionista y pr√°ctica por la raz√≥n o la fuerza... banquetesyflores.cl / https://t.co/MaRfDv3Nt8",2009-12-31T16:23:52.000Z,https://t.co/Ji6l6mduMA,Ale Astorga Fink
1042837099597193217,es,2021-04-21T05:43:24.000Z,@karina_ol @siliconvalle @ComunesCL @danielstingo @gabrielboric @GiorgioJackson @renenaranjo @Mister_Wolf_0 @elfrente_amplio @jjcc_chile @KarolCariola wuauuuu increible ...,1384744556407791616,0,0,0,0,NNeeoO_OoeeNN,FALSE,"",2018-09-20T18:05:14.000Z,"",neo
1049139978146652160,es,2021-04-21T05:37:50.000Z,"@Isabel66632550 @gabrielboric Por qu√© relacionas al gobierno con los muertos? No est√° muriendo gente en Argentina, con un gobierno de tu aparente simpat√≠a? No est√° muriendo gente en Venezuela? No est√° muriendo gente en todo el mundo? El virus no tiene color pol√≠tico y me niego a creer que la estupidez s√≠",1384743158018347008,0,0,0,0,Filosofiaparat2,FALSE,"Reflexiones y cr√≠ticas antiposmodernas
üö´

Filosofar no es especular porque s√≠... es buscar la realidad m√°s all√° de las opiniones.

Salvador R. Dame",2018-10-08T03:30:37.000Z,https://t.co/xKiRLc2nXt,Filosofia para todos
1068778987,es,2021-04-21T05:26:35.000Z,@gabrielboric Esperando con el salvavidas a mano...?,1384740327626526720,0,0,0,0,FernandoVDiaz,FALSE,"Pensionado, ex marino mercante, lector de todo.",2013-01-07T17:03:13.000Z,"",Fernando D√≠az Perfetti
1101163619839037441,es,2021-04-21T06:12:05.000Z,@AHSA717 @melnicksergio @gabrielboric @sebastianpinera A cualquier costo?,1384751775966711811,0,0,0,0,AntonioPrimero8,FALSE,"...Ingeniero,  Consultor, por sobre todo,  la Justicia y el consenso, no al Dogmatismo ...,‚úç",2019-02-28T16:54:00.000Z,"",El K2K4
1135018216600887296,es,2021-04-21T05:09:45.000Z,"@RodrigoSeo @arigatitap @gabrielaxmacul @gabrielboric Pero sin los votos de la derecha no lo vas a sacar, ni ahora ni el 15 de noviembre",1384736090700058624,0,0,0,0,Enzillo3,FALSE,Militante de @la_convergencia e hincha de @colocolo,2019-06-02T03:00:05.000Z,"",Enzillo
1154607127262126080,es,2021-04-21T05:28:44.000Z,"@gabrielboric Pelotudo! Impuestos, retiros, m√°s impuestos y m√°s retiros, tu brillante idea es   los empresarios tomen sus platas y negocios y se vayan? La idea es vernos como en Argentina? Se que te cuesta pensar pero un esfuerzo no estar√≠a mal! ü§¶‚Äç‚ôÄÔ∏è",1384740867446132736,0,0,0,0,Carola_Book,FALSE,Familia. Lectura. #BoysALaConstituyente #KastPresidente @elvillegas @tere_marinovic,2019-07-26T04:19:25.000Z,"",Carola
1180586485000687616,es,2021-04-21T05:13:45.000Z,"@gabrielboric Tu le salvaste la raja a pira√±a, eres un puto vendido y mechero, oportunista qlao..el pais no necesita a vendidos como tu..o x q no explicas q ellos te financiaron la campa√±a, guaton mechero qlao!!!",1384737094342434817,0,0,0,0,LuisRob73901459,FALSE,"amo a mis hijos, a mi familia al colo y al united",2019-10-05T20:52:15.000Z,"",Luis Roberto
1180586485000687616,es,2021-04-21T05:43:15.000Z,"#estallido2021 adivinen quien salvara a pi√±era...les dejo una pista, es un guaton mechero un tal @gabrielboric",1384744517794926593,0,0,0,0,LuisRob73901459,FALSE,"amo a mis hijos, a mi familia al colo y al united",2019-10-05T20:52:15.000Z,"",Luis Roberto
118575125,es,2021-04-21T05:09:24.000Z,@AdiarioCL @gabrielboric Bajate el sueldo primero.. tambien roban ...,1384736000740634627,0,0,0,0,balcayaga,FALSE,Tengo que hacer que ocurra¬°¬°¬°,2010-03-01T03:26:16.000Z,"",Croft
1189386375440863232,es,2021-04-21T06:01:29.000Z,"@gabrielboric Y seguimos!!!!????, c√≥mo? seg√∫n usted ilustr√≠simo diputado?  C√≥mo???",1384749107818938370,0,0,0,0,mateytruko,FALSE,"üéµ¬øQue Dios vela por los pobres? Tal vez si y tal vez no.
üéµ/Pero es seguro que almuerza en la mesa del patr√≥n/üéµ. 
Atahualpa Yupanqui",2019-10-30T03:40:15.000Z,"",V√≠ctor
119178711,es,2021-04-21T05:10:49.000Z,"@NegroMilla @gabrielaxmacul @Isabel66632550 @PamJiles @gabrielboric Si hubiese un acuerdo por gobernabilidad los dejar√≠an gobernar tranquilos y eso no ha pasado, al contrario, se sigue exigiendo, acusando e interpelando, si no lo quieres ver all√° tu, por lo dem√°s nunca menosprecie la calle, solo agrego que el 15N es importante aunque te duela",1384736356706959360,0,1,0,0,mario_mendoza21,FALSE,"Mario Esteban Mendoza, artista casual, padre de dos hermosos perros, agilitero iniciante!, ingeniero civil en obras civiles!",2010-03-02T22:21:04.000Z,"",Mario E. Mendoza
119178711,es,2021-04-21T05:15:08.000Z,"@NegroMilla @gabrielaxmacul @Isabel66632550 @PamJiles @gabrielboric Tu √∫nico argumento ha sido un posible acuerdo por gobernabilidad que no ha sido respetado. Tu tambi√©n dices ‚Äúaunque te duela‚Äù en tw y habla de mes√≠as (tb menosprecias, no seas victima) y le das a hechos tu propia interpretaci√≥n. He dicho que no menosprecio la calle (lo valoro).",1384737445028278272,0,0,0,0,mario_mendoza21,FALSE,"Mario Esteban Mendoza, artista casual, padre de dos hermosos perros, agilitero iniciante!, ingeniero civil en obras civiles!",2010-03-02T22:21:04.000Z,"",Mario E. Mendoza
119178711,es,2021-04-21T05:21:24.000Z,"@NegroMilla @gabrielaxmacul @Isabel66632550 @PamJiles @gabrielboric Pero te das cuenta que si existiera tal acuerdo, no seguir√≠an acusando o interpelando? Los habr√≠an dejado gobernar... en fin...",1384739019871895553,0,0,0,0,mario_mendoza21,FALSE,"Mario Esteban Mendoza, artista casual, padre de dos hermosos perros, agilitero iniciante!, ingeniero civil en obras civiles!",2010-03-02T22:21:04.000Z,"",Mario E. Mendoza
119178711,es,2021-04-21T05:17:31.000Z,"@NegroMilla @gabrielaxmacul @Isabel66632550 @PamJiles @gabrielboric Pero si t√∫ empezaste con el ‚Äúaunque te duela‚Äù taaaan maduro, t√∫ empezaste con ese argumento... no entiendo porque te haces ver c√≥mo la victima del menosprecio cuando tu empezaste con lo de mes√≠as y todo",1384738043375104001,0,0,0,0,mario_mendoza21,FALSE,"Mario Esteban Mendoza, artista casual, padre de dos hermosos perros, agilitero iniciante!, ingeniero civil en obras civiles!",2010-03-02T22:21:04.000Z,"",Mario E. Mendoza
1192768974804705280,es,2021-04-21T05:33:21.000Z,@gabrielboric T√∫ te aliaste al enemigo. Nunca lo olvidaremos. Traidor!!! üò°üò°,1384742030492962817,0,0,2,0,IsamarApruebo,FALSE,"Mujer, mam√° de tres, hija orgullosa, periodista tambi√©n. Fachos, pasen de largo #Pi√±eraAsesino #ChileEnDictadura",2019-11-08T11:41:13.000Z,"",@SandraIsaBS #RenunciaDeformeCTM
1196602021886992385,es,2021-04-21T05:22:42.000Z,"@gabrielboric Que se vayan todxs. Y esto te incluye, coshina culi√°",1384739348730503168,0,0,1,0,herrera_lilit,FALSE,TRAVESTI VULGAR,2019-11-19T01:32:26.000Z,"",Lilit Herrera
1200488395040022528,es,2021-04-21T06:09:33.000Z,"@gabrielboric Sin duda Bielsa es un Hombre Sabio, ya lo demostr√≥ antes al no darle la mano a Pi√±era...recuerdan...???",1384751136578605062,0,0,0,0,jupitobar,FALSE,"",2019-11-29T18:55:40.000Z,"",Juan Pablo Tobar Gonzalez
120396105,und,2021-04-21T06:03:42.000Z,#TercerRetiroAfpONoHayVotos @sebastianpinera #LaVariantePi√±era @ivanmoreirab @mentiraslared @fuentesilva2 @ContgoenlManana @Camara_cl @Senado_Chile @ProvosteYasna @ximerincon @felipeharboe @Insulza @gabrielboric @SenadoresRN @diputadosudi @PamJiles @carolinagoic https://t.co/Hlr9ua7ic8 https://t.co/1MjdalTwcw,1384749667477557253,0,0,0,0,blaskhufu,FALSE,"ni d izquierda ni d derecha,equilibrio,en todo orden d cosas,mi vida es mi familia,Cuando la verdad se digna venir,su hermana libertad no estar√° lejos.",2010-03-06T09:16:34.000Z,"",tommy shelby
120396105,und,2021-04-21T06:03:02.000Z,@JaimeColomaT #TercerRetiroAfpONoHayVotos @sebastianpinera #LaVariantePi√±era @ivanmoreirab @mentiraslared @fuentesilva2 @ContgoenlManana @Camara_cl @Senado_Chile @ProvosteYasna @ximerincon @felipeharboe @Insulza @gabrielboric @SenadoresRN @diputadosudi @PamJiles @carolinagoic https://t.co/W1ncg9V3IP,1384749497427836928,0,0,0,0,blaskhufu,FALSE,"ni d izquierda ni d derecha,equilibrio,en todo orden d cosas,mi vida es mi familia,Cuando la verdad se digna venir,su hermana libertad no estar√° lejos.",2010-03-06T09:16:34.000Z,"",tommy shelby
120396105,und,2021-04-21T06:02:07.000Z,#TercerRetiroAfpONoHayVotos @sebastianpinera #LaVariantePi√±era @ivanmoreirab @mentiraslared @fuentesilva2 @ContgoenlManana @Camara_cl @Senado_Chile @ProvosteYasna @ximerincon @felipeharboe @Insulza @gabrielboric @SenadoresRN @diputadosudi @PamJiles @carolinagoic https://t.co/S4EPDaFHYf https://t.co/YY7odLI4Hq,1384749265910706178,0,0,0,0,blaskhufu,FALSE,"ni d izquierda ni d derecha,equilibrio,en todo orden d cosas,mi vida es mi familia,Cuando la verdad se digna venir,su hermana libertad no estar√° lejos.",2010-03-06T09:16:34.000Z,"",tommy shelby
120396105,und,2021-04-21T06:01:30.000Z,@FreckIed1 #TercerRetiroAfpONoHayVotos @sebastianpinera #LaVariantePi√±era @ivanmoreirab @mentiraslared @fuentesilva2 @ContgoenlManana @Camara_cl @Senado_Chile @ProvosteYasna @ximerincon @felipeharboe @Insulza @gabrielboric @SenadoresRN @diputadosudi @PamJiles @carolinagoic https://t.co/KZQngSi7Ja,1384749112009150465,0,0,0,0,blaskhufu,FALSE,"ni d izquierda ni d derecha,equilibrio,en todo orden d cosas,mi vida es mi familia,Cuando la verdad se digna venir,su hermana libertad no estar√° lejos.",2010-03-06T09:16:34.000Z,"",tommy shelby
120396105,und,2021-04-21T05:13:08.000Z,#TercerRetiroAfpONoHayVotos @sebastianpinera #LaVariantePi√±era @ivanmoreirab @mentiraslared @fuentesilva2 @ContgoenlManana @Camara_cl @Senado_Chile @ProvosteYasna @ximerincon @felipeharboe @Insulza @gabrielboric @SenadoresRN @diputadosudi @PamJiles @carolinagoic https://t.co/eLp7PRk3Pl,1384736940986097666,0,0,0,0,blaskhufu,FALSE,"ni d izquierda ni d derecha,equilibrio,en todo orden d cosas,mi vida es mi familia,Cuando la verdad se digna venir,su hermana libertad no estar√° lejos.",2010-03-06T09:16:34.000Z,"",tommy shelby
122201928,es,2021-04-21T05:21:16.000Z,@Prisi27__ @sebastianpinera @gabrielboric @ncastilo Jaja ella la intelectual!!,1384738985658957824,0,0,0,0,Ceciliamemory,FALSE,"""¬øPor d√≥nde hay que empujar este pa√≠s para llevarlo adelante?. Legisladores #SuperFrescos, Fuera!! // #VotaRepublicanos",2010-03-11T23:26:13.000Z,"",Fuenteovejuna
1222936016279031809,es,2021-04-21T06:12:19.000Z,@cupidorosado @gabrielboric Y tambi√©n cuando voto por la ley antibarricadas,1384751836528250883,0,0,0,0,ElLagar76119841,FALSE,"Viva el humor sin Censuras
Para un Cambio Real Yo #Apruebo",2020-01-30T17:34:16.000Z,"",El Lagarto #Aprob√≥ üí™
1225855802638045184,es,2021-04-21T05:20:32.000Z,@gabrielboric Me puedes descifrar lo que acabas de escribir...Jajajaja esa verborrea copiada no la entiende nadie!,1384738803278127104,0,1,0,0,LaVicki8,FALSE,"Profesional,Madre,y Abuela Feliz..
cristiana,de Derecha hasta la muerte",2020-02-07T18:56:41.000Z,"",La Vicki
1225931251238002688,es,2021-04-21T05:12:04.000Z,@gabrielboric Ojal√° lo hubieras pensado hace 4 a√±os.,1384736671036592130,0,0,0,0,ApruebaMaipu,FALSE,Comando Maip√∫ Aprueba. Convenci√≥n Constituyente 100% Electa,2020-02-07T23:56:22.000Z,"",Maip√∫Aprueba #NuevaConstitucion #CConstitucional
1232889018553118720,es,2021-04-21T05:16:29.000Z,@BartolodelPony @flutxam @gabrielboric MECHERO!,1384737785328906240,0,0,0,0,Airam5373,FALSE,"Orgullosa de ser chilena y de Conce, Regi√≥n del Biob√≠o.
Apoyo a:

@paz_charpentier #CHdeChilePazParaChile (XP-23) #Distrito20
‚ù§üçÄüåª‚öòüçÅü•Äüåøüíö",2020-02-27T04:43:59.000Z,"","üá®üá± SimplementeMaria #Rechazo, Soy del 22%"
1238102540341870595,es,2021-04-21T06:09:23.000Z,"@la_convergencia @gonzalowinter @Alo__arellano @GaelDiputada @diego_ibanezc @gabrielboric @vg_matias @iamjaimefuentes @RELE_CIDH Vulneraciones al derecho de libertad de expresi√≥n ........no me hagas re√≠r, si fuera as√≠ no tendr√≠as ni Twitter, te reto a que escriban lo que piensas, ya sea en Cuba, Venezuela, China y Corea del Norte, a ver si en esos lugares les dejan decir lo que piensan.  Tarados.",1384751098527891457,0,0,0,0,RHunter2009,FALSE,"",2020-03-12T14:01:51.000Z,"",RickHunter2009
1238102540341870595,es,2021-04-21T06:04:14.000Z,"@la_convergencia @gonzalowinter @Alo__arellano @GaelDiputada @diego_ibanezc @gabrielboric @vg_matias @iamjaimefuentes @RELE_CIDH Veo la foto y digo tanta gente pasando miserias y estos hueones se r√≠en del pa√≠s, payasos sin decencia, perd√≥n Srs. Payasos si los ofend√≠.",1384749799094853632,0,0,0,0,RHunter2009,FALSE,"",2020-03-12T14:01:51.000Z,"",RickHunter2009
1241911036472627202,es,2021-04-21T05:13:22.000Z,@gabrielboric Populista lacra.,1384736998821355522,0,0,0,0,Informacinsoci1,FALSE,"Razonando en un mundo visceral.
Organizaci√≥n de Ciudadanos por el conocimiento sin ideolog√≠as de lucha.",2020-03-23T02:14:27.000Z,"",Informaci√≥nsocial
1254627509351714816,es,2021-04-21T05:12:23.000Z,"@Ceciliamemory @sebastianpinera @gabrielboric @ncastilo ü§£ü§£ü§£
No pierdo mi tiempo contigo con tan bajo coeficiente intelectual, adi√≥s",1384736753760849920,0,1,0,0,Prisi27__,FALSE,"Hoy comienzo una nueva vuelta al ‚òÄ 
El aqu√≠ y el ahora üëå
Resiliencia
Selenofilia
Colocolinaü§çüñ§
#Doglover
#Catlover",2020-04-27T04:24:57.000Z,https://t.co/q3LnG4q4Bp,ùìüùìªùì≤ùìºùì≤
1284708048469135362,es,2021-04-21T05:52:58.000Z,"@gabrielboric Boric, no representas sino al FA y ese conglomerado es una farsa. No tienes porte ni condiciones m√≠nimas de empat√≠a, calle y experiencia, para el cargo q t√∫ narcisismo y enanos intelectuales te proponen. Como principiante, algunos te aceptar√°n; lo dem√°s empeque√±ece a la pol√≠tica!",1384746963422298120,0,0,0,0,Scouse56189670,FALSE,"Adventure, politics, economy and humor, whoever knows the meaning of Scouse is welcome!",2020-07-19T04:34:46.000Z,"",Scouse
1284708048469135362,es,2021-04-21T05:26:08.000Z,"@gabrielboric ....Boric...luchar implica violencia y un contenedor. No se si lo podr√°s entender pero en democracia se debate,se negocia y se acuerdan soluciones que los distintos actores representan. Generalmente, se avanza transando puntos de vista. Tu ret√≥rica lleva todo a nivel Pza Italia!",1384740211423391745,0,0,0,0,Scouse56189670,FALSE,"Adventure, politics, economy and humor, whoever knows the meaning of Scouse is welcome!",2020-07-19T04:34:46.000Z,"",Scouse
1286474428604452865,es,2021-04-21T05:49:14.000Z,"@gabrielboric Claramente no da lo mismo por qui√©n votar!!!! Los traidores que est√°n en esta mesa, a ninguno le dar√© el voto.
Tu eres respomsable que Pi√±era CTM siga en el poder. https://t.co/IwroGr9Qe6",1384746027496902657,0,0,0,0,HectorD75353896,FALSE,"Un emprendedor, amante de la lucha social por mi pais y por todos.",2020-07-24T01:33:09.000Z,"",HectorX
1286825920205074432,es,2021-04-21T06:13:18.000Z,@gabrielboric Guat√≥n mechero cara de raja ü§£ü§£ü§£,1384752081731563520,0,0,0,0,rodrigopalma3g1,FALSE,üòÅüëå,2020-07-25T00:49:54.000Z,"",RodrigoüòÉ
1290490800485183488,es,2021-04-21T05:31:24.000Z,"@gabrielboric Estos secuaces son todos iguales, se aprovechan de la miseria de la gente para lanzarse a candidaturas. Ya nadie les cree ni a ustedes tr√°gala de z√°nganos del estado  que no le importa lo que sufre su pa√≠s. La pol√≠tica, lo m√°s sucio y destructivo que puede tener un pa√≠s!",1384741538828275712,0,0,0,0,ItaliaMonte,FALSE,"Consecuente siempre, no populista",2020-08-04T03:33:00.000Z,"",italia villa monte
1299591600822267906,es,2021-04-21T06:12:40.000Z,"@LaVicki8 @gabrielboric dice que el congreso en conjunto no tiene los votos de pi√±era, eso les da rabia, y no proponen nada bueno para Chile en castigo",1384751923123953664,0,0,0,0,thanos_siempre,FALSE,"",2020-08-29T06:16:07.000Z,"",Thanos
1299591600822267906,es,2021-04-21T06:11:09.000Z,"@gabrielboric la rabia es contra ustedes, no te hagas el wn, podr√≠an pedirle al.presidente un tercer retiro por iniciativa, y el aumento de 1% del empleador estado y trabajador para recuperar en el tiempo.
pero son tan wns",1384751541400317952,0,0,1,0,thanos_siempre,FALSE,"",2020-08-29T06:16:07.000Z,"",Thanos
1299591600822267906,es,2021-04-21T06:06:00.000Z,"@pepe_auth dile eso a @gabrielboric  @desbordes  caen en la trampa. de destruir chile, son un parlamento nefasto jamas replicarse en este gran Chile. era m√°s f√°cil, se lo dije, entregaba recursos y recupera pensiones. como tan wn https://t.co/TdCQlDoFyR",1384750244353740800,0,2,0,0,thanos_siempre,FALSE,"",2020-08-29T06:16:07.000Z,"",Thanos
1299591600822267906,es,2021-04-21T06:09:12.000Z,@pepe_auth @gabrielboric @desbordes que condiciones el tercer retiro a ese porcentaje m√°s? jaque a los destructores y mate para los chilenos .,1384751050331144196,0,0,0,0,thanos_siempre,FALSE,"",2020-08-29T06:16:07.000Z,"",Thanos
1299591600822267906,es,2021-04-21T06:07:43.000Z,@pepe_auth @gabrielboric @desbordes era as√≠ de simple chinos con recursos parte se recuperaba en el tiempo y avanzamos con la ley de pensiones pa que peliar? pero les gusta tener a Chile en la violencia.,1384750676786483200,0,0,0,0,thanos_siempre,FALSE,"",2020-08-29T06:16:07.000Z,"",Thanos
1299591600822267906,es,2021-04-21T06:03:14.000Z,"@gabrielboric imbeciil, toda esa rabia es contraa de ustedes un congreso lleno de ineptos que en conjunto no tienen la votaci√≥n del presidente.",1384749547205824512,0,0,1,0,thanos_siempre,FALSE,"",2020-08-29T06:16:07.000Z,"",Thanos
1323843257152032768,es,2021-04-21T05:55:23.000Z,@gabrielboric Todos a votar x la abuela!,1384747573957771265,0,0,0,0,Mccc76004017,FALSE,"pienso, luego me da ansiedad.....",2020-11-04T04:23:43.000Z,"",Mariolucho
1331738213703168002,es,2021-04-21T06:00:51.000Z,@AguantecampaniL @gonzaloflagosse @gabrielboric Jajajakak,1384748948670275588,0,0,0,0,Juan212041727,FALSE,El twitter de Giovanny Andrez,2020-11-25T23:15:27.000Z,"","Pasta base,Peos y Sangre ‚ò≠üêç‚ò≠"
1349747684488445953,es,2021-04-21T05:15:54.000Z,@gabrielboric No te hagas el weon..vo salvaste al csm de Pi√±era..adem√°s aun esperamos tu baja de sueldo..,1384737637081157634,0,0,0,0,PepeGon91458670,FALSE,"",2021-01-14T15:58:34.000Z,"",Pepe-Gonzalez
135983118,es,2021-04-21T05:59:49.000Z,"@gabrielboric Fuiste uno de los firmantes del ""acuerdo de paz"" te acuerdas?",1384748689810509826,0,0,0,0,rodvaldivia,FALSE,"Pap√° de M√°ximo, rockero, zurdo biol√≥gico y casi por convicci√≥n, aunque sigo manteniendo dudas al respecto!",2010-04-22T18:24:56.000Z,"",Rodrigo Valdivia R.
1369856252038287363,es,2021-04-21T05:53:26.000Z,"@gabrielboric No te olvides que tu lo blindastes ...
Eres igual que el Boric y la concha de tu madre",1384747083358420992,0,0,0,0,Abar6Luiscarlos,FALSE,lealtad,2021-03-11T03:42:54.000Z,"",Luis carlos Abarca avenda√±o
1370861835080114180,es,2021-04-21T05:39:09.000Z,"@JaavieraMora @gabrielboric @camila_vallejo @KarolCariola @GiorgioJackson Jajajajajjaa
JA JA ja J A j a",1384743489569792000,0,0,0,0,NamelessKingx,FALSE,"Historiador de profesi√≥n y futuro dise√±ador gr√°fico.
(si, escog√≠ carreras mal remuneradas)
Soy El Que Soy, El Portador De Luz.",2021-03-13T22:18:34.000Z,"",NamelessKing
1370861835080114180,nl,2021-04-21T05:35:55.000Z,"@JaavieraMora @gabrielboric @camila_vallejo @KarolCariola @GiorgioJackson Hahahahahahahah
JA. JA JA ja https://t.co/6cKAYcYgv2",1384742673085566979,0,1,0,0,NamelessKingx,FALSE,"Historiador de profesi√≥n y futuro dise√±ador gr√°fico.
(si, escog√≠ carreras mal remuneradas)
Soy El Que Soy, El Portador De Luz.",2021-03-13T22:18:34.000Z,"",NamelessKing
1370861835080114180,es,2021-04-21T05:12:49.000Z,"@gabrielboric Eres una RATA. MENTIROSO, POCO HOMBRE.
ME DAN ASCO WEONES COMO TU. TUS PALABRAS SON TAN VAC√çAS COMO TUS RECUERDOS A MEDIANO Y LARGO PLAZO.
CONCHADETUMADRE",1384736861038514176,0,0,0,0,NamelessKingx,FALSE,"Historiador de profesi√≥n y futuro dise√±ador gr√°fico.
(si, escog√≠ carreras mal remuneradas)
Soy El Que Soy, El Portador De Luz.",2021-03-13T22:18:34.000Z,"",NamelessKing
1370861835080114180,es,2021-04-21T05:18:18.000Z,"#estallido2021 recuerden qe @gabrielboric @camila_vallejo  @KarolCariola @GiorgioJackson son unas RATAS que dejaron atr√°s todas las promesas cuando eran dirigentes,y vendieron el culo por unos millones. NO SE DEJEN ENGA√ëAR AHORA QUE EST√ÅN CRITICANDO el engranaje del que son parte",1384738240415084547,0,2,4,1,NamelessKingx,FALSE,"Historiador de profesi√≥n y futuro dise√±ador gr√°fico.
(si, escog√≠ carreras mal remuneradas)
Soy El Que Soy, El Portador De Luz.",2021-03-13T22:18:34.000Z,"",NamelessKing
1370861835080114180,tl,2021-04-21T05:34:45.000Z,"@JaavieraMora @gabrielboric @camila_vallejo @KarolCariola @GiorgioJackson Hahahahahahahahhahahahahahahahahahhahahahahahah
 JA",1384742381094940673,0,0,0,0,NamelessKingx,FALSE,"Historiador de profesi√≥n y futuro dise√±ador gr√°fico.
(si, escog√≠ carreras mal remuneradas)
Soy El Que Soy, El Portador De Luz.",2021-03-13T22:18:34.000Z,"",NamelessKing
1376512877000065024,es,2021-04-21T05:50:57.000Z,@camianisz @SoaCarolinaWM @AlvaroB16162393 @gabrielboric Jajjajajjajajajjjaaj ahora entiendo poü§£ü§£ü§£ü§£ü§£ü§£ü§£,1384746457736093696,0,0,1,0,William79357602,FALSE,cambiemos est√° porquer√≠a,2021-03-29T12:34:06.000Z,"",Williams Wallace
1377695543988781056,es,2021-04-21T05:27:15.000Z,"Miren este ctmüëá

Trabaja en el segundo piso....

@PamJiles @camila_vallejo @danieljadue @gabrielboric @marcos_ilabaca @mirkomacari https://t.co/3lZOXpUWtH",1384740494358503424,0,0,0,0,JorgeBuckley21,FALSE,"M√∫sica - Melod√≠a -Armon√≠a 

*Jeff B
*Cerati

""This Is The Last Goodbye""",2021-04-01T18:53:46.000Z,"",JBuckley
1384315978784387076,es,2021-04-21T05:16:58.000Z,@gabrielboric Pero no por vos weon vendido,1384737907278290947,0,0,0,0,navegante2661,FALSE,#RenunciaPi√±era,2021-04-20T01:20:47.000Z,"",Navegante2661
1468930382,es,2021-04-21T05:24:07.000Z,@gabrielboric Uds nos fallaron,1384739703895826432,0,0,0,0,MariselHernndez,FALSE,"",2013-05-30T04:33:48.000Z,"",Marisel Hern√°ndez
158949928,es,2021-04-21T06:14:09.000Z,"@gabrielboric Le diste la espalda a todos con tu firma TRAIDOR ,TRAIDOR !!!!",1384752294630236162,0,0,0,0,stiff23,FALSE,disfruto este sue√±o del cual todos debemos despertar!!!,2010-06-24T02:24:52.000Z,"",Steve giuga
168373473,es,2021-04-21T06:11:35.000Z,@gabrielboric hazte cargo https://t.co/gVAglPYLha,1384751650242502657,0,0,0,0,Manu_Garrido_,FALSE,Abogado,2010-07-19T04:36:36.000Z,"",Manuel Garrido
170195185,es,2021-04-21T05:47:49.000Z,@crisjimeneztol @gabrielboric Dijo el picao haha https://t.co/tL06QZZEjb,1384745667592134656,0,0,0,0,Jplabarca,FALSE,"Trabajador Social, cr√≠tico hasta decir basta y super jovial.",2010-07-24T04:54:51.000Z,"",Juan Pablo Labarca
177819277,es,2021-04-21T05:40:37.000Z,"@gabrielboric @PabloAguayoW Ppio diferencia, entiendo corr√≠janme si disienten, implica mayor beneficio posible para los menos favorecidos y es exigente: implica analizar si los m√°s desfavorecidos est√°n todo lo bien que podr√≠an estar, no si est√°n mejor de lo que podr√≠an haber estado.",1384743857624166401,0,0,0,0,RodRettig,FALSE,"Abogado, Mg Pol√≠tica-Gobierno. Bielsista y socioliberal. SecGral @ciudadanos__ ( Candidato D12: La Florida, P. Alto, La Pintana, Pirque y San Jos√© de Maipo)‚ôªÔ∏è",2010-08-13T03:58:51.000Z,"",Rodrigo A. Rettig V. Distrito 12 YB28
1920824972,es,2021-04-21T05:15:20.000Z,"@mario_mendoza21 @gabrielaxmacul @Isabel66632550 @PamJiles @gabrielboric A ver... ese ""aunque te duela"" taaaaaaaan maduro que usan de argumento, nadie les compra el cuento... si crees que me duele porque estoy en contra de esa wea, es problema tuyo, no me duele que creas que es importante que salvaron Chile, me duelen las v√≠ctimas...",1384737492860080128,0,3,0,0,NegroMilla,FALSE,aprob√© #NoEsMiPresidente fundamentalista del mate...,2013-09-30T17:53:11.000Z,"",Williche
1920824972,es,2021-04-21T05:19:17.000Z,"@mario_mendoza21 @gabrielaxmacul @Isabel66632550 @PamJiles @gabrielboric Obvio que se sigue acusando e interpelando, porque le permitieron seguir gobernando a Pi√±era... si no hubiesen firmado, no estar√≠a tan relajado en La Moneda ni yendo al TC... cuenta el cuento que quieras... la realidad les peg√≥ duro en la cara y en la calle...",1384738489774837760,0,1,0,0,NegroMilla,FALSE,aprob√© #NoEsMiPresidente fundamentalista del mate...,2013-09-30T17:53:11.000Z,"",Williche
1920824972,es,2021-04-21T05:17:12.000Z,"@mario_mendoza21 @gabrielaxmacul @Isabel66632550 @PamJiles @gabrielboric La cag√° de acuerdo que firmaron le cost√≥ vidas a este pa√≠s, que creas que es importante y que van a salir en los libros de historia, me es absolutamente irrelevante... la gente sabe que el 15N permiti√≥ la gobernabilidad de Pi√±era,  se dieron cuenta todos...",1384737962617880576,0,0,0,0,NegroMilla,FALSE,aprob√© #NoEsMiPresidente fundamentalista del mate...,2013-09-30T17:53:11.000Z,"",Williche
199049847,es,2021-04-21T06:14:13.000Z,@gabrielboric Es verdad... pero vos no,1384752314360242180,0,0,0,0,a_dibsi,FALSE,"QF de la Valpo. el poder reside en la raz√≥n, no en la mayor√≠a",2010-10-05T22:29:17.000Z,"",La Paz esta en Bolivia
2305112785,es,2021-04-21T05:44:25.000Z,"@gabrielboric firmaste acuerdo ""por la paz""...nombre ql",1384744812327354368,0,0,0,0,Br1Escudero,FALSE,Dise√±ador Industrial,2014-01-22T16:25:04.000Z,"",Br1 Escudero
2349015853,es,2021-04-21T06:00:06.000Z,@gabrielboric C√°llate sacowea,1384748759209365511,0,0,0,0,lord_ketin,FALSE,"Lord Of Sealand
PARLER: https://t.co/JzqxZiZBhh",2014-02-17T20:08:35.000Z,"",Profesor Ketin
250843240,es,2021-04-21T05:27:42.000Z,@gabrielboric por una vez en tu vida C√ÅLLATE CTM y retira tu candidatura que no es m√°s que otro insulto.,1384740604593180672,0,0,0,0,CC_xtp,FALSE,"Nac√≠, crec√≠ y alg√∫n d√≠a morir√© ... despu√©s de eso, twitter a√∫n seguir√° teniendo mis datos",2011-02-11T22:46:01.000Z,"",Voto #AprueboDignidad üá®üá±
250843240,es,2021-04-21T05:32:29.000Z,"@GuauGua79049438 @cogollolarrain @gabrielboric el palad√≠n de la izquierda boutique, hacerse super rico a costa de todos nosotros haciendo nada",1384741810715693056,0,0,0,0,CC_xtp,FALSE,"Nac√≠, crec√≠ y alg√∫n d√≠a morir√© ... despu√©s de eso, twitter a√∫n seguir√° teniendo mis datos",2011-02-11T22:46:01.000Z,"",Voto #AprueboDignidad üá®üá±
250843240,es,2021-04-21T05:31:03.000Z,"@rpatodiazl @atractivaconcha @gabrielboric Lo mismo que sacaba cada querella que presentaba la vicar√≠a de la solidaridad en tiempos de dictadura, luchar siempre y dejar constancia para el futuro. Sin ellos hoy ni siquiera hablar√≠amos de los hechos.",1384741450324353024,0,0,0,0,CC_xtp,FALSE,"Nac√≠, crec√≠ y alg√∫n d√≠a morir√© ... despu√©s de eso, twitter a√∫n seguir√° teniendo mis datos",2011-02-11T22:46:01.000Z,"",Voto #AprueboDignidad üá®üá±
277155434,es,2021-04-21T05:29:49.000Z,"@BlameyEvy @Gabhiitota @elhijodelteto @karina_ol @siliconvalle @ComunesCL @danielstingo @gabrielboric @GiorgioJackson @renenaranjo @Mister_Wolf_0 @elfrente_amplio @jjcc_chile @KarolCariola La industria se aprovecha del contratista ya que, se fija un precio, quien toma ese riesgo es √©l y, si no cumple, la empresa mandante se busca a otro y chao. El costo de edificaci√≥n seguir√° siendo el mismo teniendo A, B o C contratista.",1384741138741989382,0,0,0,0,SJARG,FALSE,"Sebasti√°n.
San Miguel Stgo CL Represent!",2011-04-04T20:18:24.000Z,"",–°–µ–±–∞—Å—Ç—å—è–Ω
277155434,es,2021-04-21T05:11:48.000Z,"@BlameyEvy @Gabhiitota @elhijodelteto @karina_ol @siliconvalle @ComunesCL @danielstingo @gabrielboric @GiorgioJackson @renenaranjo @Mister_Wolf_0 @elfrente_amplio @jjcc_chile @KarolCariola Esa condici√≥n se cumple faenas asociadas a rendimientos por M2 y por Kg principalmente. 
En gasfiteria y electricidad los contratos son normales en el caso de que sea empresa externa.",1384736604145729536,0,0,0,0,SJARG,FALSE,"Sebasti√°n.
San Miguel Stgo CL Represent!",2011-04-04T20:18:24.000Z,"",–°–µ–±–∞—Å—Ç—å—è–Ω
277155434,es,2021-04-21T05:16:32.000Z,"@BlameyEvy @Gabhiitota @elhijodelteto @karina_ol @siliconvalle @ComunesCL @danielstingo @gabrielboric @GiorgioJackson @renenaranjo @Mister_Wolf_0 @elfrente_amplio @jjcc_chile @KarolCariola Eso se cumple s√≠ s√≥lo s√≠, el contrato es bajo una remuneraci√≥n fija mensual. Que, no aplica para enfierradores, carpinenteros de moldaje, ceramistas, yeseros, alba√±il de maquillaje de muros y fachadas, instalaci√≥n de sistema EIFS, entre otros.",1384737798394109954,0,0,0,0,SJARG,FALSE,"Sebasti√°n.
San Miguel Stgo CL Represent!",2011-04-04T20:18:24.000Z,"",–°–µ–±–∞—Å—Ç—å—è–Ω
277155434,es,2021-04-21T05:26:55.000Z,@BlameyEvy @Gabhiitota @elhijodelteto @karina_ol @siliconvalle @ComunesCL @danielstingo @gabrielboric @GiorgioJackson @renenaranjo @Mister_Wolf_0 @elfrente_amplio @jjcc_chile @KarolCariola Es por eso que la ley de subcontrataci√≥n debe ser modificada para que ese trabajador tenga un contrato como corresponde. El problema es que eso encarece a√∫n m√°s la mano de obra y la evaluaci√≥n del proyecto es econ√≥micamente inviable ya que el costo de edificaci√≥n ser√≠a alt√≠simo.,1384740407884591104,0,1,0,0,SJARG,FALSE,"Sebasti√°n.
San Miguel Stgo CL Represent!",2011-04-04T20:18:24.000Z,"",–°–µ–±–∞—Å—Ç—å—è–Ω
336021172,es,2021-04-21T05:26:15.000Z,"@kattmiel @melnicksergio @gabrielboric que despilfarro, y con nuestros impuestos tambi√©n le pagamos al flor. uffffff",1384740240766771201,0,0,0,0,CristianSilvaC,FALSE,"",2011-07-15T16:32:33.000Z,"",Cristian Silva C
3459076341,es,2021-04-21T06:14:59.000Z,"@ahlexxx9 Gracias 
@desbordes 
@camila_vallejo 
@gabrielboric 
@KarolCariola 
@senadorquintana 
@alvaroelizalde 
@ximerincon 
Nuevamente destruyendo Chile",1384752506396364800,0,0,0,0,Claudiah2020,FALSE,Empresaria que tiene que trabajar con todo gobierno.,2015-08-27T15:49:41.000Z,"",Claudia
3459076341,es,2021-04-21T06:11:41.000Z,"@ChileUnidoAvanz Gracias 
@gabrielboric 
@KarolCariola 
@GiorgioJackson 
@senadorquintana 
@florcitamotuda 
@PamJiles 
@gonzalowinter 
@alvaroelizalde 
@juanjoseossasc 
@vidalvocero 
@desbordes",1384751676343603200,0,0,0,0,Claudiah2020,FALSE,Empresaria que tiene que trabajar con todo gobierno.,2015-08-27T15:49:41.000Z,"",Claudia
393443547,es,2021-04-21T05:56:59.000Z,Oh t√≠a Yolanda no le entend√≠ ni pico JAJAJAJAJAJAJA pero le creo m√°s que @gabrielboric ‚ô•Ô∏è‚ô•Ô∏è‚ô•Ô∏è https://t.co/9zS3Qzb2MM,1384747974471917568,0,0,0,0,conaRiquelme,FALSE,"floreciendo,am√°ndome y amando ‚ô•Ô∏è mam√° de Emiliaüëßüèªüíóme gusta cada rincon de mi pa√≠s üá®üá±con sed de seguir conociendo m√°s üáßüá∑ üáµüá™ üá∫üáæ üáßüá¥ üá¶üá∑ bienvenid@sü§©",2011-10-18T15:03:33.000Z,"",DimeCona üåô
393443547,es,2021-04-21T05:54:35.000Z,@gabrielboric Que weon mas chanta casi como pi√±era !!!,1384747373222678529,0,0,0,0,conaRiquelme,FALSE,"floreciendo,am√°ndome y amando ‚ô•Ô∏è mam√° de Emiliaüëßüèªüíóme gusta cada rincon de mi pa√≠s üá®üá±con sed de seguir conociendo m√°s üáßüá∑ üáµüá™ üá∫üáæ üáßüá¥ üá¶üá∑ bienvenid@sü§©",2011-10-18T15:03:33.000Z,"",DimeCona üåô
393443547,es,2021-04-21T05:48:38.000Z,@gabrielboric Care raja !!! Te paseoo wn,1384745876191682561,0,0,0,0,conaRiquelme,FALSE,"floreciendo,am√°ndome y amando ‚ô•Ô∏è mam√° de Emiliaüëßüèªüíóme gusta cada rincon de mi pa√≠s üá®üá±con sed de seguir conociendo m√°s üáßüá∑ üáµüá™ üá∫üáæ üáßüá¥ üá¶üá∑ bienvenid@sü§©",2011-10-18T15:03:33.000Z,"",DimeCona üåô
401845864,es,2021-04-21T05:37:50.000Z,"@NamelessKingx @gabrielboric @camila_vallejo @KarolCariola @GiorgioJackson Porque as√≠ no se combate po weon ajajja seguro se acab√≥ la desigualdad, eso no significa que no vote a favor de la rebaja parlamentaria üò™  ella la impuls√≥, as√≠ que Chao",1384743156298797058,0,1,0,0,JaavieraMora,FALSE,"Colocolina, de Izquierda, Feminista y Futura Odont√≥loga. #ABORTOLIBRE üíö #APRUEBO",2011-10-31T05:26:26.000Z,"",Javiera Mora
401845864,es,2021-04-21T05:28:49.000Z,"@NamelessKingx @gabrielboric @camila_vallejo @KarolCariola @GiorgioJackson Que hablai weta si ellos impulsaron la rebaja de la dieta parlamentaria, y han presentado todos los proyectos para ir en ayuda de la gente, son otros a los que no les conviene y todos sabemos quienes son",1384740887800991744,0,2,0,0,JaavieraMora,FALSE,"Colocolina, de Izquierda, Feminista y Futura Odont√≥loga. #ABORTOLIBRE üíö #APRUEBO",2011-10-31T05:26:26.000Z,"",Javiera Mora
44264285,es,2021-04-21T05:16:58.000Z,@EmilianaCamila_ @gabrielboric C√≥mo las trata? Nunca he sabido nada sobre eso,1384737906787561473,0,0,1,0,GabyMaureira,FALSE,Loca y malcriada. Artesana y feliz!,2009-06-03T01:50:03.000Z,"",Gabriela Maureira
475889385,es,2021-04-21T05:20:12.000Z,"@gabrielboric Tu firmaste para salvarle el culo, por esas weas perdieron el respeto y no lograr√°n ser alternativa, se vendieron, se bajaron los pantalones y fueron uno m√°s que esas mierdas de partidos, deja de hacerte el weon, pudieron sacarlo y lo quisieron mantener...",1384738719874363392,0,0,0,0,apardocristian,FALSE,"Chileno, PaMa de Fernando Tom√°s y pap√° de Emma Sof√≠a, futuro Ing., objetivo y amigo de mis amigos....",2012-01-27T15:05:49.000Z,"",cristian Acu√±a
556957484,und,2021-04-21T05:41:15.000Z,@gabrielboric https://t.co/Ayp2sHZ3sY,1384744018089807874,0,0,0,0,edotrigol,FALSE,"Chileno, feliz, Ingeniero Constructor, amigo, no milit√≥ pero creo en la justicia, derechos y deberes, tengo principios y estoy con el pueblo, Acepto criticas",2012-04-18T15:24:59.000Z,"",Eduardo Trigo Villeg
561541547,es,2021-04-21T05:46:41.000Z,@gabrielboric Deja de dar pena peque√±o burgu√©s reqlado! Acu√©rdate que le salvaste el culo y votaste a favor de la represi√≥n!,1384745385906876421,0,0,0,0,jacobosorioh,FALSE,"Comprometido con los cambios sociales y constitucionales que el pa√≠s necesita, Estudiante T√©cnico Jur√≠dico, S√≥crates mi mentor, Chuncho de coraz√≥n.",2012-04-23T23:09:21.000Z,"",Jacob Nicol√°s
561665864,und,2021-04-21T05:32:10.000Z,@gabrielboric https://t.co/HuT5MFanRo,1384741730256293888,0,0,0,0,Dasein_89,FALSE,Viudo de Bielsa / vi√±a del mar,2012-04-24T02:42:59.000Z,"",Theo Faron
711782803,es,2021-04-21T05:42:32.000Z,@gabrielboric Lo mismo le dec√≠a a Allende y sin pandemia https://t.co/hyPoCi4Pd8,1384744340577296385,0,0,0,0,paradisepic,FALSE,"Peor Presidente de Chile, Asesin√≥, homof√≥bico, suicida, borracho, ladr√≥n 50 MUSD de la √©poca y nadie dice nada",2012-07-23T04:20:08.000Z,"",Sin perd√≥n ni olvido contra Salvador Allende
729759580851294208,es,2021-04-21T05:20:53.000Z,"@gabrielboric espero que est√©s negociando con las facciones de oposici√≥n que a√∫n lo quieren como presidente, h√°ganse cargo de la crisis sist√©mica del pa√≠s y saquen a ese imb√©cil, lo dem√°s palabras pa la galer√≠a",1384738893107499008,0,0,0,0,CocaD10s,FALSE,"Decir no a la droga es negar a D10s üêâ‚òØÔ∏è. Ritmo, amor y materialismo dialectico",2016-05-09T19:46:57.000Z,"",Cristian Coca Cort√©s
801281725,es,2021-04-21T05:36:46.000Z,"@gabrielboric Gracias a usted, que le dio piso para mantenerlo en el poder. Hagase cargo.",1384742889209614339,0,0,0,0,Malbecsito,FALSE,"IT, networking, cybersecurity and pizza",2012-09-03T21:45:25.000Z,"",Gatech
827703780,es,2021-04-21T05:12:22.000Z,@gabrielboric Por ti ni por tus compa√±eros jam√°s votar√©,1384736749453205506,0,0,0,0,elbitagosto,FALSE,"",2012-09-16T20:41:24.000Z,"",El Bar
848259666610069504,es,2021-04-21T05:40:04.000Z,"@gabrielboric Ayudaste a salvarle el culo y ahora te hacis el we√≥n. ""Leg√≠tima rabia"", culiao hip√≥crita...",1384743718159364096,0,0,0,0,cheosandoval_p,FALSE,Hijo / Padre / Siempre por la Izquierda / Anti Fachos / Humano.,2017-04-01T19:43:59.000Z,"",Gonzalo A C
87329627,und,2021-04-21T05:36:39.000Z,"@sebastian_gray @ceciliacheco @TarquinoPaspala @ActualidadRT @XHespanol @dw_espanol @carreragonzalo @AldoDuqueSantos @gabrielboric @cgajardop @Chile_Alerta @freddy_stock @rfantuzzih @mbachelet @bbcmundo @CHVNoticias @ValdebenitoNata @teleSURtv @arayamas @lucyanaah @JusticiaFatal @TANACHILE, @cwernerw",1384742857706283008,0,0,1,0,SIMPSONELECTRON,FALSE,"Del d√©bil el protector,Cat√≥lico,
Antipolitico$$.
Prefiero ser cabeza de Rat√≥n que cola de Le√≥n.",2009-11-04T01:04:00.000Z,"",SERGIO VILLEGAS
899655049000796160,fr,2021-04-21T05:48:29.000Z,@SafemoonCoins Nice proyec @gabrielboric @monokpg @invierte_Y_vive                                                                                     0x4347405433627E3C98831ac62F68F7c2A4E83d8f,1384745838786715648,0,0,0,0,hectors11833423,FALSE,"",2017-08-21T15:30:53.000Z,"",hector sosa
912742136608587778,es,2021-04-21T05:30:51.000Z,@gabrielboric Dejar√© esto por aqu√≠ y me retirar√© leeeentamente.... https://t.co/VbmIYzGlAb,1384741397262110721,0,0,0,0,Ghst2020,FALSE,destruir para construir...,2017-09-26T18:14:18.000Z,"",C√©sar!
940430208,es,2021-04-21T05:50:21.000Z,@gabrielboric Me da verg√ºenza leerte despu√©s de salvarle la raja,1384746305055072256,0,0,0,0,cristia53927123,FALSE,"si me respetas,te respeto",2012-11-11T03:00:34.000Z,"",cristiani√±o
97531194,es,2021-04-21T05:14:21.000Z,"@gabrielboric No te compro mucho Boric, esa es la verdad. Me cuesta mucho creerte estos discursos pa' la galer√≠a",1384737247396876288,0,0,4,0,rucio_natural,FALSE,"Metrolover. El progreso debe siempre ir de la mano con la justicia social
#YoApruebo üè≥Ô∏è‚Äçüåà",2009-12-17T21:39:41.000Z,"",El rucio
978598658861133824,es,2021-04-21T05:11:56.000Z,"@gabrielboric Naah cuando pudieron hacer algo, no lo hicieron ustedes son iguales que los DC, que los RN y posiblemente tan pencas como los udi",1384736639994449924,0,0,3,0,DameronPoe,FALSE,Lo que parece imposible aveces solo tarda mas. Mini manada Leta üê∂ Dopi üê∂#TeamInvierno y #BorrachosEcologicos #TeamCuidoMiPlaneta ‚ö™üíô‚ö™ üòéüí™,2018-03-27T11:44:36.000Z,"",Dameron El Alien Virulento
990789289872064512,es,2021-04-21T05:28:12.000Z,@SJARG @Gabhiitota @elhijodelteto @karina_ol @siliconvalle @ComunesCL @danielstingo @gabrielboric @GiorgioJackson @renenaranjo @Mister_Wolf_0 @elfrente_amplio @jjcc_chile @KarolCariola Tienes Raz√≥n,1384740732305559552,0,0,0,0,BlameyEvy,FALSE,"Somos Hija e madre que amamos a bts pero adoramos a Sugaüíúüíúüíúüíúüíú
Fan Account ‚òâüåü My Soulmate @soty27164986",2018-04-30T03:05:49.000Z,"",Evy Blamey ‚Å∑ üê±W·¥á ·¥Ä Ä·¥á ·¥è…¥ ü è‚Çáüê≥üê≥üíúüíú Yoongi dayüçä
998456130,es,2021-04-21T05:35:55.000Z,@gabrielboric C√°llate weon ! Que por tu culpa el otro imbecil sigue ah√≠,1384742675430133762,0,0,1,0,mmkakito,FALSE,#Pi√±eraAsesino #PeorGobiernodelaHistoria#ParisAsesino #NoMasToqueDeQueda #estadoAsesino #TiranoDictador #ChileEnDictadura #RenunciaPi√±era #Concepcion #jaleros,2012-12-09T03:07:39.000Z,"",üå∫üå∫ –ö–∞—Ä–æ–ª–∏–Ω–∞üå∑üå∑
