author_id,created_at.x,text,id,lang,public_metrics.retweet_count,public_metrics.reply_count,public_metrics.like_count,public_metrics.quote_count,verified,name,username,created_at.y,url,description
1035148426873393154,2021-04-21T05:15:16.000Z,@PJudicialChile  @GobiernodeChile  @udipopular  Â¿Se juzga el delito... o el apellido?  #PesaMÃ¡sLaSangreQueElAgua https://t.co/gZuB26JvYc,1384737476338720768,es,0,0,0,0,FALSE,Kprixo,Kprixo1,2018-08-30T12:53:11.000Z,"",Ã±aaaa  ğŸ˜’ ... Modo Kitana anti CoronaVirus ON... Chilena en fase 4... ahora fase 2... again... pa atrÃ¡ pa atrÃ¡... ğŸ˜‘
104060757,2021-04-21T06:04:42.000Z,"Cuando crees que el @GobiernodeChile ya no lo puede hacer peor, viene @sebastianpinera y acude al #TC para impedir el #terceretiro10.
Â¿Como puede un gobernante estar tan desconectado de la gente de su paÃ­s?
Realmente da para pensar en su sanidad mental...",1384749919144132609,es,0,0,0,0,FALSE,Ruben Leuquen,rubenleuquen,2010-01-12T03:52:00.000Z,http://t.co/tmCx648LlK,#vamoscolocolo
104669894,2021-04-21T05:50:44.000Z,"@Mayafernandeza @GobiernodeChile Hoy el enemigo poderoso, la ciudadanÃ­a, le declara la guerra al tirano infeliz de piÃ±era. Exigimos la destitucion del criminal ahora.",1384746404267139072,es,0,0,0,0,FALSE,valerius,rdariovalerius,2010-01-14T01:24:37.000Z,"",""
1103739709396791296,2021-04-21T05:06:54.000Z,@alpiedepagina @GobiernodeChile @sebastianpinera El gobierno se nos puso marxista,1384735373021093889,es,0,0,1,0,FALSE,Roberto Cano Cano,RobertoCanoCan1,2019-03-07T19:30:27.000Z,"","abogado, escritor"
110615836,2021-04-21T05:26:00.000Z,"@Supersibilin @EquipoJUNAEB @Mineduc @GobiernodeChile En palabras simples; se lo estÃ¡n robando todo, a plena luz del dÃ­a y a cara descubierta.",1384740180234485761,es,0,0,2,0,FALSE,...,Gavito_2019,2010-02-02T04:56:48.000Z,"","En estado de precauciÃ³n. Cuando los dueÃ±os del negocio llaman a los matones del barrio Â¡No hay libertad, seguridad, ni derechos y todos estamos en peligro!"
113212848,2021-04-21T05:28:04.000Z,"El gusto de @GobiernodeChile y @sebastianpinera en buscar el odio, de la gente  #TerceRetiroDel10MV",1384740700852350982,es,0,0,0,0,FALSE,sith,Sithrider80,2010-02-11T02:22:10.000Z,"","Todos los dÃ­as amanezco guapo, pero hoy exagerÃ©"
1154607127262126080,2021-04-21T05:24:27.000Z,"CelebraciÃ³n de narcos, mapuches y barras bravas, manifestaciones de flaites y violentistas y quÃ© les pasa!? Nada y yo, hace mÃ¡s de un mes sin poder ir a ver a mis papÃ¡s @GobiernodeChile son una vergÃ¼enza!",1384739789124087808,es,0,0,0,0,FALSE,Carola,Carola_Book,2019-07-26T04:19:25.000Z,"",Familia. Lectura. #BoysALaConstituyente #KastPresidente @elvillegas @tere_marinovic
1177511762473603072,2021-04-21T05:21:53.000Z,https://t.co/qzyMJz4CXe seguirÃ¡n sin dar âš– @inddhh? @PJudicialChile por haber nacido con un ğŸ§  cognitivo? y necesita vivir ğŸŒğŸ‡¨ğŸ‡±â­ï¸â³ğŸ™ğŸ•Šï¸ @sebastianpinera @GobiernodeChile  cuando? 551 dÃ­as esperando dignidad para continuar #PresosPolitico ğŸ§ ğŸ™ğŸ•Šï¸â­ï¸ğŸ‡¨ğŸ‡± #Neuroderechosya #IE #EA https://t.co/UurqDMDiJ0,1384739144824508416,es,1,0,0,0,FALSE,DIOS+MIEDOğŸ™ğŸ•Šï¸ğŸŒâ­ï¸ğŸ‡¨ğŸ‡±â³ğŸŒ±,Adhrstudio1,2019-09-27T09:14:27.000Z,https://t.co/eqdaI37rz8,"DIOS EXISTE, EL AMOR  TAMBIÃ‰N,NOSOTROS EN HUMANIDAD  VES+56987793925 Help PAZ, VIOLADO POR DDHH SALUD Y ECONOMÃA Y EMOCIONES ğŸ˜¢ğŸŒğŸ™ğŸŒ±â¤ğŸ’›
ğŸ™  ASPERGER+? SENTÃR"
1177511762473603072,2021-04-21T04:53:28.000Z,https://t.co/qzyMJz4CXe seguirÃ¡n sin dar âš– @inddhh? @PJudicialChile por haber nacido con un ğŸ§  cognitivo? y necesita vivir ğŸŒğŸ‡¨ğŸ‡±â­ï¸â³ğŸ™ğŸ•Šï¸ @sebastianpinera @GobiernodeChile  cuando? 551 dÃ­as esperando dignidad para continuar #PresosPolitico ğŸ§ ğŸ™ğŸ•Šï¸â­ï¸ğŸ‡¨ğŸ‡± #Neuroderechosya #IE #EA https://t.co/rK69o3K09b,1384731992953171968,es,1,0,0,0,FALSE,DIOS+MIEDOğŸ™ğŸ•Šï¸ğŸŒâ­ï¸ğŸ‡¨ğŸ‡±â³ğŸŒ±,Adhrstudio1,2019-09-27T09:14:27.000Z,https://t.co/eqdaI37rz8,"DIOS EXISTE, EL AMOR  TAMBIÃ‰N,NOSOTROS EN HUMANIDAD  VES+56987793925 Help PAZ, VIOLADO POR DDHH SALUD Y ECONOMÃA Y EMOCIONES ğŸ˜¢ğŸŒğŸ™ğŸŒ±â¤ğŸ’›
ğŸ™  ASPERGER+? SENTÃR"
1181037686,2021-04-21T06:06:47.000Z,"AhÃ­ tienen los bonos del @GobiernodeChile tienen menos respaldo que un columpio, y ahora que SeÃ±or Presidente? Lo simplifico a 4 opciones #estallido2021 #Cacerolazo #ParoNacional",1384750444149346305,es,1,0,1,0,FALSE,Carlos Cancinoâ„¢,CelisCancino,2013-02-15T03:54:37.000Z,"","Welcome / Bienvenidos / Willkommen / benvenuto. DueÃ±o de: @HCancorp y Director Creativo: @CancorpChile
#SomosCancorp"
1186822648518578177,2021-04-21T05:52:50.000Z,"@camilaemiliasv @Olivia66348440 @Carabdechile Estimada Patriota, vemos delincuentes, vÃ¡ndalos, destruyendo y aprovechando la oscuridad para atacar a nuestros @Carabdechile ellos cumplen Ã³rdenes del @min_interior
@RodrigoDelgadoM
Muy mal...el @GobiernodeChile sÃ³lo estÃ¡ haciendo respetar la ConstituciÃ³n.
#RecuperemosChile",1384746933042962432,es,0,0,0,0,FALSE,PatriotaSantiago,Patriotasantiag,2019-10-23T01:53:15.000Z,"","Dios, Patria ğŸ‡¨ğŸ‡± y Familia.
Licenciatura,  MagÃ­ster.
Mi CorazÃ³n, sabio, me guÃ­a por la Diestra"
1186822648518578177,2021-04-21T05:43:37.000Z,"@guillier Ustedes  @Camara_cl
  y @Senado_Chile
deberÃ­an hacer un gesto de Paz Social y Poner en TABLA LA REBAJA DE DIETAS DE LOS PARLAMENTARIOS...
Ustedes jamÃ¡s, hicieron NADA en sus @GobiernodeChile.
No se acuerda???? Los chilenos ğŸ‡¨ğŸ‡± si nos acordamos",1384744613777494017,es,1,0,1,0,FALSE,PatriotaSantiago,Patriotasantiag,2019-10-23T01:53:15.000Z,"","Dios, Patria ğŸ‡¨ğŸ‡± y Familia.
Licenciatura,  MagÃ­ster.
Mi CorazÃ³n, sabio, me guÃ­a por la Diestra"
1186822648518578177,2021-04-21T05:47:39.000Z,"@ivanmoreirab @ivanmoreirab  Usted ha perdido CREDIBILIDAD con los chilenos ğŸ‡¨ğŸ‡±, ha caÃ­do en el discurso POPULACHERO.,
El @GobiernodeChile estÃ¡ haciendo respetar la ConstituciÃ³n.
#ChileNoCaera #RecuperemosChile",1384745627603636225,es,0,0,0,0,FALSE,PatriotaSantiago,Patriotasantiag,2019-10-23T01:53:15.000Z,"","Dios, Patria ğŸ‡¨ğŸ‡± y Familia.
Licenciatura,  MagÃ­ster.
Mi CorazÃ³n, sabio, me guÃ­a por la Diestra"
1186822648518578177,2021-04-21T05:37:16.000Z,"@vidalvocero @vidalvocero
Usted es profesor de Historia?? 
Es Inconstitucional lo que estÃ¡ pasando en el congreso, respecto del @GobiernodeChile, independientemente de cuÃ¡l sea????
Chile ğŸ‡¨ğŸ‡±, necesita que nos pongamos serios,. Ustedes, en sus @GobiernodeChile no hicieron NADA,.
No se acuerda?",1384743016079007747,es,0,0,0,0,FALSE,PatriotaSantiago,Patriotasantiag,2019-10-23T01:53:15.000Z,"","Dios, Patria ğŸ‡¨ğŸ‡± y Familia.
Licenciatura,  MagÃ­ster.
Mi CorazÃ³n, sabio, me guÃ­a por la Diestra"
1186822648518578177,2021-04-21T05:07:56.000Z,"@vidalvocero @vidalvocero  Primero que todo, cuando usted estuvo en uno de los peores @GobiernodeChile, NO HICIERON NADA.. ABSOLUTAMENTE NADA.
Entonces, con que moral viene a criticar a un @GobiernodeChile que si estÃ¡ haciendo algo???. AdemÃ¡s, estÃ¡ haciendo RESPETAR LA CONSTITUCIÃ“N",1384735630194794496,es,0,0,0,0,FALSE,PatriotaSantiago,Patriotasantiag,2019-10-23T01:53:15.000Z,"","Dios, Patria ğŸ‡¨ğŸ‡± y Familia.
Licenciatura,  MagÃ­ster.
Mi CorazÃ³n, sabio, me guÃ­a por la Diestra"
1186822648518578177,2021-04-21T05:13:06.000Z,"@vidalvocero @vidalvocero
Segundo, por quÃ© es GravÃ­simo ir al TC.,?
No soy de derecha ni muchÃ­simo menos de izquierda., no estoy avalado al @GobiernodeChile de @sebastianpinera Sin embargo., lo que a todas luces Ã©l estÃ¡ haciendo, es primero Hacer respetar la ConstituciÃ³n y segÃºndo a Ã©l.",1384736930399674370,es,0,0,0,0,FALSE,PatriotaSantiago,Patriotasantiag,2019-10-23T01:53:15.000Z,"","Dios, Patria ğŸ‡¨ğŸ‡± y Familia.
Licenciatura,  MagÃ­ster.
Mi CorazÃ³n, sabio, me guÃ­a por la Diestra"
1186822648518578177,2021-04-21T05:19:12.000Z,"@vidalvocero @vidalvocero Tercero, si dice """" nunca es bueno contradecir a una mayorÃ­a de esa proporciÃ³n "",. El Presidente de la RepÃºblica es el Poder Ejecutivo, al cual se le respeta, cualesquiera este sea, es un @GobiernodeChile elegido democrÃ¡tica ente.. Es asÃ­ o no?",1384738466202886145,es,1,0,1,0,FALSE,PatriotaSantiago,Patriotasantiag,2019-10-23T01:53:15.000Z,"","Dios, Patria ğŸ‡¨ğŸ‡± y Familia.
Licenciatura,  MagÃ­ster.
Mi CorazÃ³n, sabio, me guÃ­a por la Diestra"
1187139658783825922,2021-04-21T04:51:27.000Z,@camila_vallejo AsÃ­ se burlan de la gente estos Csm del @GobiernodeChile https://t.co/vPAPIATGAG,1384731485643677698,es,0,0,0,0,FALSE,rotciv ovarb,OvarbRotciv,2019-10-23T22:52:16.000Z,"",âš”ï¸ VIGILANS VALENS ET FORTIS âš”ï¸
1187372014757126144,2021-04-21T05:23:35.000Z,@EstebanCastroV3 @erikaoliverad @GobiernodeChile Ahora reclama la weona pero en el parlamento es una inservible de mierda,1384739568705064961,es,0,0,0,0,FALSE,v1c0 âš¡ï¸,v1c0_8,2019-10-24T14:15:31.000Z,"",Joven~ 2X aÃ±os ~ Hotter than hell ğŸ”¥ ~ LGBT+ ~ XXX
1187372014757126144,2021-04-21T05:23:01.000Z,@erikaoliverad @GobiernodeChile No te gusto rechazar el proyecto permanente? Jajaja ahÃ­ tienes a tu gobierno po jajajaja no representas en nada a tu distrito,1384739426497175553,es,0,0,0,0,FALSE,v1c0 âš¡ï¸,v1c0_8,2019-10-24T14:15:31.000Z,"",Joven~ 2X aÃ±os ~ Hotter than hell ğŸ”¥ ~ LGBT+ ~ XXX
1188167698125086720,2021-04-21T06:02:17.000Z,@Segpres @juanjoseossasc @GobiernodeChile @MaximoPavezC @sebastianpinera @MinDesarrollo @KarlaEnAccion @s_villarrealb @_alecandia @AlejandroWeberP https://t.co/pgYA4MmsK7,1384749308013125634,und,0,0,0,0,FALSE,YO APRUEBO NUEVA CONSTITUCIÃ“N ğŸ’ğŸ’,norasansur62,2019-10-26T18:57:27.000Z,"",Feliz Dignidad Y  PrÃ³spera Nueva ConstituciÃ³nğŸ’ğŸŒ»
1188167698125086720,2021-04-21T05:54:29.000Z,@cecilia47596168 @IrmaGuerreroHer @GobiernodeChile @sebastianpinera https://t.co/ecE6Pmu9c9,1384747345347239937,und,0,0,0,0,FALSE,YO APRUEBO NUEVA CONSTITUCIÃ“N ğŸ’ğŸ’,norasansur62,2019-10-26T18:57:27.000Z,"",Feliz Dignidad Y  PrÃ³spera Nueva ConstituciÃ³nğŸ’ğŸŒ»
1188167698125086720,2021-04-21T06:03:22.000Z,"@juanjoseossasc @GobiernodeChile Perkin de PiÃ±era, no sirven para nada el par de WEONES",1384749581666291714,es,0,0,0,0,FALSE,YO APRUEBO NUEVA CONSTITUCIÃ“N ğŸ’ğŸ’,norasansur62,2019-10-26T18:57:27.000Z,"",Feliz Dignidad Y  PrÃ³spera Nueva ConstituciÃ³nğŸ’ğŸŒ»
1188167698125086720,2021-04-21T05:37:35.000Z,@Supersibilin @EquipoJUNAEB @Mineduc @GobiernodeChile En Temuco hacen lo mismo.,1384743093816135680,es,0,0,0,0,FALSE,YO APRUEBO NUEVA CONSTITUCIÃ“N ğŸ’ğŸ’,norasansur62,2019-10-26T18:57:27.000Z,"",Feliz Dignidad Y  PrÃ³spera Nueva ConstituciÃ³nğŸ’ğŸŒ»
1188167698125086720,2021-04-21T05:52:57.000Z,@GobiernodeChile @juanjoseossasc @sebastianpinera Malditos INFELICES https://t.co/wcffJ1FaqP,1384746961585283074,es,0,0,0,0,FALSE,YO APRUEBO NUEVA CONSTITUCIÃ“N ğŸ’ğŸ’,norasansur62,2019-10-26T18:57:27.000Z,"",Feliz Dignidad Y  PrÃ³spera Nueva ConstituciÃ³nğŸ’ğŸŒ»
1188167698125086720,2021-04-21T05:57:59.000Z,"@Segpres @juanjoseossasc @sebastianpinera @GobiernodeChile @KarlaEnAccion @MinDesarrollo @jaimebellolio @voceriagobierno @RodrigoDelgadoM @min_interior @Min_Hacienda @rcerdan MALDITOS CTM,  PUDRANSE EN SU MIERDA",1384748228562890752,es,0,0,0,0,FALSE,YO APRUEBO NUEVA CONSTITUCIÃ“N ğŸ’ğŸ’,norasansur62,2019-10-26T18:57:27.000Z,"",Feliz Dignidad Y  PrÃ³spera Nueva ConstituciÃ³nğŸ’ğŸŒ»
1188167698125086720,2021-04-21T05:47:24.000Z,"@juanjoseossasc @sebastianpinera @GobiernodeChile @MinDesarrollo @Min_Hacienda @rcerdan @KarlaEnAccion @jaimebellolio @voceriagobierno @Segpres INDECENTE CTM, NEFASTO INFELIZ",1384745564898746368,es,0,0,0,0,FALSE,YO APRUEBO NUEVA CONSTITUCIÃ“N ğŸ’ğŸ’,norasansur62,2019-10-26T18:57:27.000Z,"",Feliz Dignidad Y  PrÃ³spera Nueva ConstituciÃ³nğŸ’ğŸŒ»
1188167698125086720,2021-04-21T05:51:34.000Z,@juanjoseossasc @GobiernodeChile @sebastianpinera @MaximoPavezC @CIyT_gob @Segpres @min_interior @RodrigoDelgadoM @DptoExtranjeria @Gob_Interior Bastardo sin gloria,1384746610731765767,it,0,0,0,0,FALSE,YO APRUEBO NUEVA CONSTITUCIÃ“N ğŸ’ğŸ’,norasansur62,2019-10-26T18:57:27.000Z,"",Feliz Dignidad Y  PrÃ³spera Nueva ConstituciÃ³nğŸ’ğŸŒ»
1188167698125086720,2021-04-21T05:35:38.000Z,"@EquipoJUNAEB @Supersibilin @Mineduc @GobiernodeChile Miserables de mierda sus bolsas con 5 papas, 4 peras, 4 leches son bombillas de 200ml, 1 kilo de lentejas, 5 huevos, 4 zanahorias y cada dos meses un litro de aceite no aportan ni para una semana, son igual de inescrupulosos que PiÃ±era",1384742602977824768,es,0,0,0,0,FALSE,YO APRUEBO NUEVA CONSTITUCIÃ“N ğŸ’ğŸ’,norasansur62,2019-10-26T18:57:27.000Z,"",Feliz Dignidad Y  PrÃ³spera Nueva ConstituciÃ³nğŸ’ğŸŒ»
1188233316484440064,2021-04-21T06:07:51.000Z,@GobiernodeChile https://t.co/TLeHRzcFUu,1384750712572219392,und,0,0,0,0,FALSE,apoyen al nuevo alcalde de lampa,rodrigo80201696,2019-10-26T23:18:01.000Z,"",Ok
1189179672082337792,2021-04-21T05:04:55.000Z,@Angela38rgua @GobiernodeChile https://t.co/sBieDK8DCF,1384734873164914688,und,0,0,1,0,FALSE,Jorge Miranda,JorgeMi80326417,2019-10-29T13:58:35.000Z,"",""
1189669000646672384,2021-04-21T05:20:11.000Z,"@ericahenriquezo @aro_rojas @Senado_Chile @Camara_cl @GobiernodeChile Cuando saquemos del Congreso a los Narcosocialistas que nosotros mismos sentamos en el Congreso, no llegaron sÃ³los ahÃ­",1384738716216926213,es,0,2,0,0,FALSE,antonia,moda18270827,2019-10-30T22:23:11.000Z,"","Amo a Dios, mi familia, mi paÃ­s. No me gusta el Fascismo es igual al comunismo. Pero si crees que Facho es ser de derecha, te agradezco el apodo"
1195422654758604800,2021-04-21T05:09:33.000Z,"@Supersibilin @LaListaPueblo @EquipoJUNAEB @Mineduc @GobiernodeChile Conozco de serca a junaeb ,otro organismo , degradado por la corrupciÃ³n , puestos laborales acomodados por partidos polÃ­ticos , licitaciones , elaboradas a medida del seÃ±or de siempre que se paga fuera de mercado pÃºblico ,en desmedro de los mÃ¡s necesitados ,lo vivÃ­",1384736039558918144,es,1,0,4,0,FALSE,Cris,Cris25484232,2019-11-15T19:26:08.000Z,"",instagram :@cristianarayaconej
1199641148576485377,2021-04-21T05:26:06.000Z,"@erikaoliverad @GobiernodeChile Que los chilenos se gasten sus ahorros, eso no es ayuda. El sentido comÃºn me dice que si llenaron los mall en navidad y las playas en vacaciones, no hay tanta crisis excepto la de algunos q quieran salvar sus fondos ante una nacionalizaciÃ³n, y en esas estÃ¡n muchos polÃ­ticos ğŸ¤”",1384740205836570626,es,0,0,0,0,FALSE,Hyori,Hyori___,2019-11-27T10:50:32.000Z,"","El exceso de luz y el exceso de sombra son iguales, ambos nos impiden ver."
1200542970048655361,2021-04-21T05:21:50.000Z,"@melnicksergio @medixi Don Sergio , si el @GobiernodeChile @min_interior hubieran puesto mano dura desde el comienzo ğŸ¤·esto no hubiera pasado.
AquÃ­ faltÃ³ pantalÃ³nes del @sebastianpinera teniendo las facultades respaldadas por la ConstituciÃ³n.
Pero no â€¼ï¸ eligiÃ³ el camino fÃ¡cil entregando al pueblo ğŸ˜¤ğŸ¤¬",1384739128365961216,es,0,0,0,0,FALSE,ASSESSIN ğŸ‡¨ğŸ‡±âš“,Assassi85264359,2019-11-29T22:32:25.000Z,"","Republicano 
Dios patria y Familia.
Agradecido de Dios por cada dÃ­a de vida."
120328573,2021-04-21T05:09:06.000Z,"@joseantoniokast Por todo esto NO pueden continuar en el @GobiernodeChile los Motuda Cariola Vallejo Boric Jackson Lagos Jiles GutiÃ©rrez Beatriz Mayol Orsini NarvÃ¡ez Izkia Winter Vidal Lagos Teillier Guillier Sharp Jadue Elizalde Provoste PC PS FA y sus secuaces!
NO + IZQUIERDA
@GobiernodeChile",1384735927310950400,es,3,0,4,0,FALSE,CK,cdkr_ck,2010-03-06T03:44:34.000Z,"","Vamos que se puede ğŸ‡¨ğŸ‡±!
No + INMIGRACIÃ“N
No + DELINCUENCIA
No + TERRORISMO
No + IZQUIERDA â—â—â—
.
Te sigo y me sigues... somos mejores!"
120396105,2021-04-21T05:36:06.000Z,â¦@udipopularâ© â¦@RNchileâ© â¦@GobiernodeChileâ© â¦@mentiraslaredâ© â¦@ContgoenlMananaâ© LA DERECHA FÃCTICA DE NUESTRO PAÃS ğŸ‘ğŸ¼ğŸ‘ğŸ¼ğŸ‘ğŸ¼ğŸ‘ğŸ¼ğŸ‘ğŸ¼ğŸ‘ğŸ¼ğŸ‘ğŸ¼ğŸ‘ğŸ¼ğŸ‘ğŸ¼ğŸ‘ğŸ¼ğŸ‘ğŸ¼ğŸ‘ğŸ¼ğŸ‘ğŸ¼ğŸ‘ğŸ¼ğŸ‘ğŸ¼ğŸ‘ğŸ¼ https://t.co/6F3Odv65o9,1384742722372780033,es,0,0,0,0,FALSE,tommy shelby,blaskhufu,2010-03-06T09:16:34.000Z,"","ni d izquierda ni d derecha,equilibrio,en todo orden d cosas,mi vida es mi familia,Cuando la verdad se digna venir,su hermana libertad no estarÃ¡ lejos."
121878471,2021-04-21T06:03:53.000Z,@GobiernodeChile CÃ“MO QUIEREN QUE SE LOS PIDAMOS QUE VAMOS TODOS A LA MONEDA ? Porfavor necesito mi dinero no tengo trabajo hasta cuando yo confiÃ© en ti eso me da mÃ¡s rabia ğŸ˜¤ @sebastianpinera para nunca mÃ¡s. #ParoNacionalYa #terceretiro10 #TercerretiroYa https://t.co/w6qEcqDwWJ,1384749713803653120,es,0,0,0,0,FALSE,Mauricio mğŸ¤¦ğŸ»â€â™‚ï¸,mauri_pac,2010-03-10T22:19:21.000Z,"",Estudiante de Auditoria e IngenierÃ­a en control de gestiÃ³n. En la UA. Fanatico de Fran valenzuela y Rihanna disfrutando de lo hermoso de la life;)
1235979657004175362,2021-04-21T04:56:18.000Z,"@gob_iquique No mÃ¡s migraciÃ³n, 2M de chilenos cesantes con hambre, quieren seguir manteniendo a costa de los chilenos, a estos extranjeros q poco y nada respetan a nuestro paÃ­s. Basta ya, esto no es una casa de caridad. @GobiernodeChile @sebastianpinera @DptoExtranjeria",1384732705519190016,es,1,0,1,0,FALSE,M.A.X...,nicomaxza,2020-03-06T17:25:27.000Z,"",ğŸ˜µ
1261116057877528577,2021-04-21T04:48:55.000Z,@Angela38rgua @GobiernodeChile https://t.co/OP4lT56ZyG,1384730844535869446,und,0,0,1,0,FALSE,Xuxa Ãlvarez ğŸ‘¾,XuxaAlvarez,2020-05-15T02:08:03.000Z,"","Deportista, constructora y activista con la bicicleta como herramienta de lucha. Del 78,3% ğŸ”¥ Apruebo + CC ğŸ’œ Candidata a Concejala por Quilicura #TodosxlaXuxa"
126695224,2021-04-21T05:25:39.000Z,"@moda18270827 @aro_rojas @Senado_Chile @Camara_cl @GobiernodeChile Y no me refiero a que el anterior sistema de elecciones fuera malo, esa idea la vendiÃ³ la izquierda a los incautos, me refiero a que hay personas que simplemente no se informa para votar, al menos filtren a todos los que votan leyes que nos perjudican",1384740090031878147,es,2,0,1,0,FALSE,Erica Henriquez EHO ğŸ’™,ericahenriquezo,2010-03-26T18:03:29.000Z,"",Â¡Ese milagro comenzÃ³ desde la concepciÃ³n y te desarrollaste en el vientre de tu madre! eho@gmail.com Cansada de la mafia polÃ­tica. ChileğŸŒ¼ğŸ’™
126695224,2021-04-21T05:22:40.000Z,"@moda18270827 @aro_rojas @Senado_Chile @Camara_cl @GobiernodeChile Yo no votÃ© por esta red criminal. Lamentable que la gente no escucha y no lee, pero fue enemiga del cambio del sistema electoral, y a juzgar por los resultados pocos se entaron que esta un sistema de arrastre y mas injusto que el que ya tenÃ­amos.",1384739341008842754,es,2,0,1,0,FALSE,Erica Henriquez EHO ğŸ’™,ericahenriquezo,2010-03-26T18:03:29.000Z,"",Â¡Ese milagro comenzÃ³ desde la concepciÃ³n y te desarrollaste en el vientre de tu madre! eho@gmail.com Cansada de la mafia polÃ­tica. ChileğŸŒ¼ğŸ’™
126695224,2021-04-21T04:49:51.000Z,"Â¿CuÃ¡ndo vamos a tener mas polÃ­ticos hablando asÃ­ en Chile? Son unos pocos los que denuncian a los corruptos narcosocialitas que hacen sus ""negocios"" en el mismo @Senado_Chile y @Camara_cl Â¿Y en el 
@GobiernodeChile ministros de Justicia encubriendo casos como los del #Sename? https://t.co/eBVfb8vHCL",1384731080578813954,es,2,1,6,0,FALSE,Erica Henriquez EHO ğŸ’™,ericahenriquezo,2010-03-26T18:03:29.000Z,"",Â¡Ese milagro comenzÃ³ desde la concepciÃ³n y te desarrollaste en el vientre de tu madre! eho@gmail.com Cansada de la mafia polÃ­tica. ChileğŸŒ¼ğŸ’™
126695224,2021-04-21T04:48:17.000Z,"Â¿CuÃ¡ndo vamos a tener mas polÃ­ticos hablando asÃ­ en Chile? Son unos pocos los que denuncian a los corruptos narcosocialitas que hacen sus ""negocios"" en el mismo @Senado_Chile y @Camara_cl Â¿Y en el @GobiernodeChile ministros de Justicia encubriendo casos como los del #Sename? https://t.co/YzqhKaVBHv",1384730686100213761,es,6,0,3,0,FALSE,Erica Henriquez EHO ğŸ’™,ericahenriquezo,2010-03-26T18:03:29.000Z,"",Â¡Ese milagro comenzÃ³ desde la concepciÃ³n y te desarrollaste en el vientre de tu madre! eho@gmail.com Cansada de la mafia polÃ­tica. ChileğŸŒ¼ğŸ’™
1283368639740207104,2021-04-21T06:05:11.000Z,"@BartolodelPony @danielanto99 @sebastianpinera
Y MAFIA ASOCIADA
@min_interior
@RodrigoDelgadoM
VAN A SOLTAR CON TODA LA FURIA
A SUS PERKINS Y PERROS DE PRESA
@Carabdechile
Y  SUS SICARIOS Y BRAZO ARMADO
@Ejercito_Chile
Y FFAA
@GobiernodeChile
@presidencia_cl
MALDITOS MISERABLES DESGRACIADOS INFELICES",1384750037679419393,es,0,0,0,0,FALSE,Valdivia VIKTOR,valdivia_viktor,2020-07-15T11:52:04.000Z,"",El decorar la jaula no te hace libre
1293887646612312068,2021-04-21T05:17:55.000Z,@chileconvoca @sebastianpinera @GobiernodeChile  Son unos Chucha de su madre!!!! Inoperantes cualiaos! #gobiernoql #piÃ±eraql #estallido2021,1384738145258901504,es,0,0,0,0,FALSE,Jota Lavadie,JotaLavadie,2020-08-13T12:30:37.000Z,"",""
1313569814775050240,2021-04-21T04:51:08.000Z,@Angela38rgua @GobiernodeChile Esos prefieren estar con prostitutas al borde del camino.,1384731405695995906,es,0,0,1,0,FALSE,CristiÃ¡nRP,CristinRP1,2020-10-06T20:01:13.000Z,"","Tranquilo, amante del campo.
No creo que las respuestas estÃ©n en lÃ­deres iluminados, gurÃºes, caudillos.
Detesto las 'defensas corporativas' = mafias."
1313678351744335874,2021-04-21T05:59:13.000Z,@adolfoaugusto73 @patralle @joseantoniokast NOMBRE Y APELLIDOS  LOS APITUTADOS Q TIENE EN EL @GobiernodeChile @joseantoniokast !!! LAS FRASES AL VOLÃ‰O NO SIRVEN AMIGO .,1384748538186412034,es,0,1,0,0,FALSE,juan hernandez,juanher37841433,2020-10-07T03:11:54.000Z,"",""
1318999515811127296,2021-04-21T06:08:12.000Z,@GobiernodeChile @sebastianpinera @joseantoniokast @PCdeChile @PSChile @PPD_Chile @PDC_Chile @PRadicalcl @phumanista @elfrente_amplio @RDemocratica @la_convergencia @ComunesCL @alejandramatus @mirnaschindler @camila_vallejo @KarolCariola https://t.co/6hWTW3YNOw,1384750797314002944,und,0,0,1,0,FALSE,#RECHACHAZO...,kommander911,2020-10-21T19:36:20.000Z,"",#Rechazo...A la derecha de la UDI...Hooyah.ğŸ‘ğŸ¦…ğŸ‡¨ğŸ‡±ğŸ‡¨ğŸ‡±ğŸ‡¨ğŸ‡±ğŸ‡¨ğŸ‡±ğŸ‡¨ğŸ‡±ğŸ‡¨ğŸ‡±ğŸ‡¨ğŸ‡±...#PajaroComunistaMeBotasteDeNuevo
1318999515811127296,2021-04-21T05:57:06.000Z,@GobiernodeChile @sebastianpinera @joseantoniokast https://t.co/Dq532cmPKh,1384748006583508995,und,0,0,0,0,FALSE,#RECHACHAZO...,kommander911,2020-10-21T19:36:20.000Z,"",#Rechazo...A la derecha de la UDI...Hooyah.ğŸ‘ğŸ¦…ğŸ‡¨ğŸ‡±ğŸ‡¨ğŸ‡±ğŸ‡¨ğŸ‡±ğŸ‡¨ğŸ‡±ğŸ‡¨ğŸ‡±ğŸ‡¨ğŸ‡±ğŸ‡¨ğŸ‡±...#PajaroComunistaMeBotasteDeNuevo
1318999515811127296,2021-04-21T05:54:28.000Z,@CNNChile @meganoticiascl @LaRedTV @mentiraslared @TVN @24HorasTVN @T13 @CHVNoticias @GobiernodeChile @sebastianpinera @joseantoniokast @PLRchile @RNchile @ChileVamosCL @evopoli @udipopular @ChilePeriodista @CNTVChile https://t.co/dnPspP9R4N,1384747341274562560,und,0,0,0,0,FALSE,#RECHACHAZO...,kommander911,2020-10-21T19:36:20.000Z,"",#Rechazo...A la derecha de la UDI...Hooyah.ğŸ‘ğŸ¦…ğŸ‡¨ğŸ‡±ğŸ‡¨ğŸ‡±ğŸ‡¨ğŸ‡±ğŸ‡¨ğŸ‡±ğŸ‡¨ğŸ‡±ğŸ‡¨ğŸ‡±ğŸ‡¨ğŸ‡±...#PajaroComunistaMeBotasteDeNuevo
1319385834475356160,2021-04-21T05:09:58.000Z,@_adrianamunoz @GobiernodeChile PiÃ±era tiene intereses creados en Afp hÃ¡bitat. Es obvio que se oponga al tercer retiro. ğŸ‘ğŸ˜¡,1384736144907198465,es,0,0,1,0,FALSE,GermanyChile,GermanyChile,2020-10-22T21:11:52.000Z,"","Amor por la justicia , Naturaleza , Dios.
Un mundo sin Ego-ismo ğŸ™"
1320736810629271559,2021-04-21T05:03:32.000Z,Mientras en chile encubren los actos delictuales de @Carabdechile nuestro @GobiernodeChile criminal quiere callar al pueblo a palos !! #HumanRightsWatch en chile el gobierno es corrupto. https://t.co/0Xg43p215N,1384734525016748033,es,0,0,0,0,FALSE,Manu,Manu56611712,2020-10-26T14:39:40.000Z,"",""
1320736810629271559,2021-04-21T04:55:52.000Z,"Grande @LaRedTV gracias!! Lo meren miles de familias chilenas que para el @GobiernodeChile solo son numeros en una planilla, mis respetos @LaRedTV gracias infinitas ...â¤ğŸ™ https://t.co/WN20nUAIZG",1384732594386911238,es,0,0,0,0,FALSE,Manu,Manu56611712,2020-10-26T14:39:40.000Z,"",""
1322524372272373763,2021-04-21T04:49:47.000Z,@Adhrstudio1 @GobiernodeChile @sebastianpinera @ONUChile @CorteIDH Intentando encajar con sus egos,1384731064481062913,es,0,0,0,0,FALSE,Benji Price jÃ´ven promesa,Monitodepobla,2020-10-31T13:02:44.000Z,"",Un arquero maravilla: atajo los penales mirando a las chiquillas.
1332653161945964545,2021-04-21T05:29:48.000Z,@GobiernodeChile https://t.co/GDjFJH51im,1384741133377589249,und,0,0,0,0,FALSE,Luislucerorojas,Luisluceroroj13,2020-11-28T11:51:07.000Z,"","me gusta leer,cantar"
1332653161945964545,2021-04-21T05:29:36.000Z,@GobiernodeChile https://t.co/MEziJxLHuQ,1384741084861960202,und,0,0,0,0,FALSE,Luislucerorojas,Luisluceroroj13,2020-11-28T11:51:07.000Z,"","me gusta leer,cantar"
1375097962083274752,2021-04-21T06:04:51.000Z,"@Gabriel89354973 @congreso_prensa @Ejercito_Chile @LaRedTV @GobiernodeChile @FACh_Chile @Armada_Chile LÃ³gico que no pueden deliberar. 
InfÃ³rmese usted primero porque @Ejercito_Chile @Armada_Chile  @FACh_Chile  y @Carabdechile  . Yo le darÃ© una de las razones mÃ¡s fuerte ellos tienen en monopolio de las armas por lo cual una deliberaciÃ³n es como hablar con. Un arma en la mano.",1384749954669977600,es,0,0,0,0,FALSE,marcos Aguayo 17,MarcosAguayo17,2021-03-25T14:51:29.000Z,"",molesto pero no destruido
1375584003185643523,2021-04-21T05:26:02.000Z,@Minvu @FelipeWard @GuilleRolandoV @GobiernodeChile DEBERÃAN EXTENDER LA PRÃ“RROGA PARA SUBSIDIOS DS49 ğŸ™ ğŸ™,1384740186584756224,es,0,0,0,0,FALSE,Ruth,Ruth_25_,2021-03-26T23:02:53.000Z,"",""
1375584003185643523,2021-04-21T05:27:08.000Z,@Minvu @FelipeWard @GuilleRolandoV @GobiernodeChile DEBERÃAN EXTENDER LA PRÃ“RROGA PARA SUBSIDIOS DS49 ğŸ™ ğŸ™ ğŸ™,1384740461923930115,es,0,0,0,0,FALSE,Ruth,Ruth_25_,2021-03-26T23:02:53.000Z,"",""
1375584003185643523,2021-04-21T05:24:38.000Z,@Minvu @FelipeWard @adnradiochile @GobiernodeChile DEBERÃAN EXTENDER LA PRÃ“RROGA PARA SUBSIDIOS DS49 ğŸ™ğŸ™ğŸ™,1384739833466298369,es,0,0,0,0,FALSE,Ruth,Ruth_25_,2021-03-26T23:02:53.000Z,"",""
1380509402160041984,2021-04-21T04:50:26.000Z,"ESTE @GobiernodeChile ES SORDO Y CIEGO ,SEÃ‘OR PRESIDENTE @sebastianpinera A USTED NO LE AFECTO LA PANDEMIA SOLO AL PUEBLO QUE LO ELIGIÃ“ Y USTED TRAICIONÃ“ @Camara_cl EL PUEBLO SE CANSO DE SU INDIFERENCIA CON LOS MAS VULNERABLES  @Senado_Chile #Antofagasta #Santiago https://t.co/hNL2IcWNZA",1384731229187190785,es,0,0,1,0,FALSE,HOCICON,HOCICON7,2021-04-09T13:14:36.000Z,"",sacar la voz por los mÃ¡s pobres
1403789485,2021-04-21T04:47:17.000Z,"@Mary_chile @SubseEdSuperior @Mineduc @SESuperiorChile @GobiernodeChile @JuanE_Vargas @raulfiguersa Hay que apelar y presentar hasta los papeles de la cesÃ¡rea,  Es increÃ­ble que los diferentes entes gubernamentales no crucen la informaciÃ³n. Este chico  tiene todo para La gratuidad pero tomaron el registro social de hogares antiguo. @KarlaEnAccion",1384730435255681024,es,0,0,0,0,FALSE,Gabo,gafer_91,2013-05-05T01:13:37.000Z,"","Amante del futbol la cerveza y el buen asado.. Amo cocinar ,no estoy gordo es puro amor  #Patipelao de nacimiento"
151535217,2021-04-21T05:34:24.000Z,"@sebastianpinera @GobiernodeChile se lo buscaron y mataron gente, apretaron tanto que se  les acabÃ³ hijos de 10000 putas ahora los quiero ver de que les servirÃ¡ todo su asqueroso dinero... #ParoNacional",1384742293358403584,es,0,0,0,0,FALSE,Patricio PÃ©rez MuÃ±oz,patriciostars1,2010-06-03T16:38:38.000Z,"",Feliz con mis MuÃ±ecas ... siguiendo al Bulla yo llegarÃ© lejos
156969667,2021-04-21T04:58:28.000Z,@ViceMujerDC @GobiernodeChile @sebastianpinera IncreÃ­blemente convincente ğŸ¤”,1384733247859576834,es,0,0,0,0,FALSE,MÃºsicadelSur,MusicadelSur,2010-06-18T13:03:55.000Z,https://t.co/bzZNlemY5L,"MÃºsica Chilena
https://t.co/bzZNlemY5L
Cuando no hay representaciÃ³n polÃ­tica ni diversidad de miradas en el espacio pÃºblico, siempre nos quedan las canciones"
160009145,2021-04-21T05:19:01.000Z,@GobiernodeChile @sebastianpinera Entregenme mi plata yo me autoayudare si para este gobierno no existo,1384738420971524096,es,0,0,0,0,FALSE,karolina lisette,carilissi,2010-06-26T23:25:46.000Z,"",agradece todos los dias por que cada dia cuenta
160009145,2021-04-21T05:17:08.000Z,@andreslongton @GobiernodeChile Entregenme mi dinero yo me autoayudare ya que para este gobierno no existo,1384737946327212033,es,0,0,0,0,FALSE,karolina lisette,carilissi,2010-06-26T23:25:46.000Z,"",agradece todos los dias por que cada dia cuenta
1609262630,2021-04-21T06:02:19.000Z,Estallido 2.0 ustedes @GobiernodeChile  se la estÃ¡n buscando feo ustedes matan nuestro paÃ­s @sebastianpinera renuncia antes que sea muy tarde en Chile https://t.co/wGoazKycKh,1384749316296818688,es,0,0,0,0,FALSE,Sebastian Alcaya,SAlcaya,2013-07-20T23:32:34.000Z,"",soy un padre de 30 aÃ±os afortunado y orgulloso del hijo que Dios me dio es un guerrero luchador mi campeÃ³n de vida te amo y ahora eres mi gran angelitoğŸ’œğŸ’š
175962712,2021-04-21T04:52:45.000Z,"@Gabriel89354973 @congreso_prensa @Ejercito_Chile @LaRedTV @GobiernodeChile @sebastianpinera ??????
Profesora sin respuesta?Â¿
Que extraÃ±o???",1384731810291146753,es,0,0,0,0,FALSE,KELEVR@,pelao108,2010-08-08T04:07:16.000Z,"","Mas a la izquierda que el pc, criado al fuego de una olla comÃºn buscando la igualdad social .....no perdÃ³namos y no olvidamos"
175962712,2021-04-21T04:53:56.000Z,"@Gabriel89354973 @congreso_prensa @Ejercito_Chile @LaRedTV @GobiernodeChile @sebastianpinera DÃ³nde dice eso?????
Profesora sin tÃ­tulo???",1384732108778885120,es,0,0,0,0,FALSE,KELEVR@,pelao108,2010-08-08T04:07:16.000Z,"","Mas a la izquierda que el pc, criado al fuego de una olla comÃºn buscando la igualdad social .....no perdÃ³namos y no olvidamos"
191160195,2021-04-21T05:29:14.000Z,@GobiernodeChile  vergÃ¼enza,1384740990909571073,es,0,0,0,0,FALSE,CHRISTOPHER CAMPOS,ChrisACampos22,2010-09-15T19:08:01.000Z,"","CIRUJANO DENTISTA - ODONTOLOGO
UNIVERSIDAD DE TALCA  CHILE -
TENIS DE MESA"
228976697,2021-04-21T04:56:20.000Z,"Los precios de los medicamentos se han disparado,  vi todas las farmacias ""economicas"" online y son mas caros q en las regulares, Cenabast q lanzo el @GobiernodeChile no envia remedios a las adheridas @MinsalChile",1384732713824014338,es,1,0,0,0,FALSE,ğŸ’šKylie Stacey ğŸ‡¦ğŸ‡ºğŸ‡¨ğŸ‡±,JusticiaFatal,2010-12-21T05:43:12.000Z,"","De Derecha, Aussie y Chilena. Digo lo q pienso no lo q quieres oir. Public Relations (en Au) HHRR (en Chile) Primer tweet 2017. Vivo en ViÃ±a del Mar, Chile."
2295833478,2021-04-21T04:48:50.000Z,"Inmensa mayorÃ­a sin ayuda, inmensa mayorÃ­a que no se beneficia con mÃ­seros parches. Otra vez el @GobiernodeChile y @sebastianpinera le dan la espalda a millones y llevan al TC #TercerRetiro10ciento. Seguiremos adelante con su tramitaciÃ³n

#cacerolazo #estallido2021 #paronacional https://t.co/4jFV4Y9aX5",1384730826471092226,es,3,2,15,0,FALSE,Vicepresidencia Mujer DC,ViceMujerDC,2014-01-17T09:40:15.000Z,https://t.co/9rwZj1pODr,Vicepresidencia Nacional de la Mujer @PDC_Chile. #NiUnaMenos. Vicepdta Camila AvilÃ©s @cavilesb. #ConLaXimeGanamos en la #RevoluciÃ³nDeLaDignidad.
234678700,2021-04-21T04:52:38.000Z,@DarkoThno @Carabdechile @GobiernodeChile Jajaja clarito se escucha Paco juliao y arrancaron los pacos. https://t.co/TtKE8OOkqV,1384731780972892162,es,0,0,1,0,FALSE,bara bin bara ban.,kelovas,2011-01-06T08:31:27.000Z,"",TirÃ© la tele al rÃ­o. Sigo a quien creo consecuente. Ciudadano de la roca con agua que gira cerca de una incendiada.
2720225179,2021-04-21T04:58:00.000Z,"@sebastianpinera tu peor enemigo es el pueblo, y lograste que todos odien al @GobiernodeChile. TÃš GUERRA ES CON EL PUEBLO, CON PANDEMIA Y SIN PANDEMIA VAMOS A DEFENDERNOS DE TI.
Maldito, si MALDITO COBARDE!! ğŸ˜ ğŸ–•#TerceRetiro10ciento https://t.co/kfoKfGqdBn",1384733133900288000,es,1,0,2,0,FALSE,@Cinefilo_Chile,GasthonT,2014-08-09T21:37:06.000Z,"",Empresario
279140424,2021-04-21T05:56:32.000Z,"@sebastianpinera y su @GobiernodeChile QUIEN ES EL INHUMANO AHORA?

#RenunciaPiÃ±era https://t.co/rk8Ka3sCGB",1384747864203661317,es,3,0,1,0,FALSE,DAVID LOPEZ MUÃ‘OZ Â®ï¸ğŸ—£ï¸#YO APROBÃ‰,DAVLOMU,2011-04-08T17:25:20.000Z,"","Constructor\Adm. Condominios y Edificios/Paisajista/ Papa de Ale y Cata, este 2021 Estudiante de Derecho en la UDLA"
286441597,2021-04-21T04:47:14.000Z,@RomeoGalle @werblack_lg @sebastiansichel @ayudaJUNAEB @GobiernodeChile *del mencionado,1384730420949000193,es,0,0,0,0,FALSE,PolÃ­tico Incorrecto,IndependienteTi,2011-04-23T01:00:01.000Z,"",PolÃ­ticamente incomprendido
286441597,2021-04-21T04:46:40.000Z,"@RomeoGalle @werblack_lg @sebastiansichel @ayudaJUNAEB @GobiernodeChile Una asquerosidad el comentario de la mencionada, vergÃ¼enza.",1384730281756741635,es,0,1,1,0,FALSE,PolÃ­tico Incorrecto,IndependienteTi,2011-04-23T01:00:01.000Z,"",PolÃ­ticamente incomprendido
2984470318,2021-04-21T04:58:47.000Z,"@meganoticiascl @Cooperativa @adnradiochile @PublimetroChile @PublimetroChile @T13 @meganoticiascl @EnelClientesCL 
@GobiernodeChile 
@Segpres @CNNChile 
Â¿Nos podemos sentir seguros con el cableado publico de santiago centro? https://t.co/mmGdPB2VAU",1384733328369233921,es,0,1,1,0,FALSE,sebita towers,sebas212game,2015-01-18T18:25:38.000Z,"",""
3515576416,2021-04-21T05:22:33.000Z,"@GobiernodeChile @sebastianpinera Increible la fuerza y proactividad con que el Presidente actuo para evitar el tercer retiro, pero para la delincuencia, el terrorismo, el destruir Chile no hace nada, parece que las AFP le dan algun beneficio y cuidar Chile No, sera mejor que renuncie",1384739308834377728,es,0,0,0,0,FALSE,Mahesh Caroicar,CaroicarM,2015-09-01T19:18:50.000Z,"",""
361609349,2021-04-21T05:08:15.000Z,"Aunque no quiera que quede la caga en el paÃ­s, es inevitable dejarla con estos saco weas gobernado... se nota que no tienen idea de la realidad de la gente... @GobiernodeChile los odio con el alma ... #estallido2021",1384735712545751043,es,2,0,6,0,FALSE,Nicole Canales,canales_nico,2011-08-25T01:48:33.000Z,"",""
4028197019,2021-04-21T05:48:58.000Z,"@GobiernodeChile @sebastianpinera VERGÃœENZA TOTAL !!!! #RenunciaPiÃ±era ğŸ¤¬ğŸ¤¬ğŸ¤¬ 
@meganoticiascl @CHVNoticias @CNNChile @T13 https://t.co/CftDcrAKxK",1384745960014811136,es,0,0,1,0,FALSE,MILANDRES,MilandresMusic,2015-10-24T01:31:07.000Z,https://t.co/ceGfp9AA08,"Dj / Producer from Chile.
Tech Avenue Records / 1980 Recordings
Check out my Beatport profile: 
https://t.co/EWLr0W0dPw"
4869651587,2021-04-21T04:46:55.000Z,@sebastianpinera @GobiernodeChile @ONU_es @nytimeses @BBCBreaking https://t.co/eeIi0cBb1P,1384730342112759809,und,0,0,0,0,FALSE,Oscar,oskitarqui,2016-02-01T16:18:39.000Z,"",hombre tolerante
52447694,2021-04-21T05:10:59.000Z,"ya cabros aqui hay pega, cuanto demoramos en cubrir puestos de estos vagos, que cobran caro, que @GobiernodeChile @MTTChile vea en que afecta y que es posible mantener las vias de comunicacion, cualquier movilizacion hoy es ilegal, a reemplazar con quien quiera trabajar. https://t.co/RlwXUGH7VF",1384736398050304000,es,0,0,0,0,FALSE,Rodrigo Quiroga,QUIROGACHILE,2009-06-30T16:52:29.000Z,"",""
52447694,2021-04-21T04:54:42.000Z,"estos ultimatum al #estado es tan de #pabloescobar eso de #Plataoplomo, Pdte. @sebastianpinera @GobiernodeChile recuerdele a estos oportunistas la mayoria empleados del sector publico, que #Chilenoesvenezuela ni #colombia. https://t.co/DdnGENWDbM",1384732303776264192,es,0,0,0,0,FALSE,Rodrigo Quiroga,QUIROGACHILE,2009-06-30T16:52:29.000Z,"",""
532601185,2021-04-21T06:08:39.000Z,@GobiernodeChile Fuera PiÃ±era Â¡Â¡ https://t.co/rXr2N0fpx6,1384750910291681283,es,0,0,0,0,FALSE,cinthiavili,cinthiaveravili,2012-03-21T22:13:58.000Z,"",no se todavia
571955031,2021-04-21T05:48:53.000Z,"Hay que destituirlo, no da mas. PiÃ±era tiene que dejar el cargo. Pidamos que se adelantes los presidenciaables #ElPeorGobiernoDeLaHistoria #Pineraelpeorpresidente @sebastianpinera @GobiernodeChile  QUE SE VAYA!!! https://t.co/HnpPeZUvF1",1384745938539909121,es,0,0,0,0,FALSE,relmÃ¼lafken,vale_saeztt,2012-05-05T16:15:17.000Z,https://t.co/Pci9QdgVY2,el baile de los que sobran !!!
60959109,2021-04-21T05:09:26.000Z,"@RuschAndre @valdivia_viktor @adnradiochile @Carabdechile @GobiernodeChile @sebastianpinera @min_interior @RodrigoDelgadoM es verdad y siempre pasarÃ¡, lo demÃ¡s son utopÃ­as , no habrÃ¡ una instituciÃ³n perfecta",1384736008462295040,es,0,0,0,0,FALSE,platini,platini2008,2009-07-28T17:05:28.000Z,"",""
702480166,2021-04-21T04:59:22.000Z,@Mario_Logistico @sebastianpinera @GobiernodeChile @Camara_cl @Senado_Chile #RenunciaPiÃ±eraCTM,1384733475970949121,und,0,0,0,0,FALSE,francisco diaz,Panchiti1110,2013-10-06T00:05:30.000Z,"",""
719132442,2021-04-21T04:58:32.000Z,"@Chileokulto @GobiernodeChile @Juanalalok #Cacerolazo
ğŸš¨ğŸµ EXTENSIÃ“N, EXTENSIÃ“N ğŸ¶ğŸ“¢
ğŸ“¢ğŸ¶ ESA ES LA SOLUCIÃ“N ğŸµğŸš¨
ğŸš¨ğŸµ PIÃ‘ERA, ESCUCHA ğŸ¶ğŸ“¢
ğŸ“¢ğŸ¶ SEGUIMOS EN LA LUCHA ğŸµğŸš¨
#PostnatalDeEmergencia #LaMaternidadEsCastigadaEnChile #90DÃ­asNoSonSuficientes
https://t.co/DvFda5G4V3",1384733267300175874,es,0,0,0,0,FALSE,Su Flores,Su_Flores_,2012-07-27T01:09:39.000Z,"",MamÃ¡ de Facu/Tejedora/Voluntaria/Santiaguina/EscorpiÃ³n/
72085216,2021-04-21T05:04:28.000Z,"Es demasiada le gente que no puede trabajar. Y si desafÃ­an la orden de la autoridad, es detenida por querer subsistir. El @GobiernodeChile de derecha ha mostrado su cara real: indiferencia, negacionismo y tozudez. Es preferible el mal menor. Pero tambiÃ©n hay que combatirlo. https://t.co/0sEnClwyR9",1384734761109934082,es,1,0,4,0,FALSE,Alejandro Vega,eljanovega,2009-09-06T17:48:20.000Z,https://t.co/Q8CuqXc568,"Ateo. Progresista. Reportajes CHV CNN ğŸŒˆâœŠğŸ˜ƒ
OpiniÃ³n propia que no representa al medio que me soporta."
735086771898322945,2021-04-21T05:53:53.000Z,@EquipoJUNAEB @Supersibilin @Mineduc @GobiernodeChile Justifican la miseria de entregar 1k. Leche otro de harina y 6 huevos? Indigno!!,1384747196751429636,es,0,0,0,0,FALSE,Yayita bach,yayita_bach,2016-05-24T12:35:18.000Z,"",""
742052628717244416,2021-04-21T05:44:53.000Z,"@juanjoseossasc @sebastianpinera @GobiernodeChile @MinDesarrollo @Min_Hacienda @rcerdan @KarlaEnAccion @jaimebellolio @voceriagobierno @Segpres Â¿ las lucas te pesan mas que tus compatriotas?#estallido2021

 @juanjoseossasc    te queria preguntar 
Â¿cuan infame te sentiste hoy frente al microfono? 
haciendole la pega a @sebastianpinera 

#ParoNacional

#cacerolazoya",1384744930896195584,es,0,0,0,0,FALSE,#TuiteraXlainfancia ğŸ¦œ,chileinfancia,2016-06-12T17:55:08.000Z,"","Protagonistas de la #verdad NiÃ±os  niÃ±as adolescentes  en Chile. 
Movimiento nacional por la infancia  con #Madreslatinoamerica"
816856040146894848,2021-04-21T05:40:54.000Z,DespuÃ©s de la osadÃ­a de @sebastianpinera  es tiempo de ir a saludarlo a La Moneda y agradecer al @GobiernodeChile  como nos dan la espalda ... Quien va conmigo ?... Quien se atreve abrazar a PiÃ±era?... algo tenemos que hacer,1384743926968508416,es,0,0,0,0,FALSE,FER,fernandafr301,2017-01-05T03:57:11.000Z,"",""
860416476,2021-04-21T04:52:31.000Z,@ViceMujerDC @GobiernodeChile @sebastianpinera Ella y todos izquierda y derecha son socios DUOPOLIO  no quieren perder sus privilegios ... SON LO MISMO,1384731753189937154,es,0,0,0,0,FALSE,Mariceli,maricel68758243,2012-10-03T22:14:18.000Z,"","Cambio de Gobierno URGENTE !!! No Derecha No Izquierda Ni ""Centro Centro"" ... Solo CHILENOS POR CHILE !!!"
87329627,2021-04-21T05:41:28.000Z,@RTarabic @Senado_Chile @adnradiochile @Tele13_Radio @DiputadosRN @bancadaPSchile @Camara_cl @DrEnriqueParis @ministeriosalud @GPLLanquihue @GobiernodeChile @adnradiochile @AldoDuqueSantos,1384744070141157378,und,0,0,0,0,FALSE,SERGIO VILLEGAS,SIMPSONELECTRON,2009-11-04T01:04:00.000Z,"","Del dÃ©bil el protector,CatÃ³lico,
Antipolitico$$.
Prefiero ser cabeza de RatÃ³n que cola de LeÃ³n."
920431032322740224,2021-04-21T06:06:25.000Z,"@juanher37841433 @patralle @joseantoniokast @GobiernodeChile Beatriz Hevia, o Luis Fernando SÃ¡nchez, por citarte algunos.",1384750349223874560,es,0,0,0,0,FALSE,Adolfo Augusto GonzÃ¡lez,adolfoaugusto73,2017-10-17T23:27:13.000Z,"","Abogado. Se aplaude lo bueno, sin importar de dÃ³nde venga. Sentido comÃºn, no ideologÃ­as. Patriota. Perfil anonimizado. @adolfo_augusto en Gab."
925852397842370560,2021-04-21T05:15:50.000Z,@sebastianpinera @GobiernodeChile https://t.co/R7ZQC1EBXu,1384737620916383745,und,0,0,0,0,FALSE,Rodrigo Pereira,Jrodpereira,2017-11-01T22:29:47.000Z,"",""
933864546732711936,2021-04-21T05:06:38.000Z,@phuyu_av @GobiernodeChile Gobierno CTM asesino ğŸ˜¡ğŸ˜¡ğŸ˜¡ğŸ”¥ğŸ”¥ğŸ”¥ğŸ”¥,1384735304058392576,es,0,0,0,0,FALSE,LuÃ­s Horacio,Luis45674305,2017-11-24T01:07:13.000Z,"",""
985524266568486913,2021-04-21T05:15:39.000Z,"@GobiernodeChile @sebastianpinera @Segpres @ministeriosalud, ustedes siguen haciÃ©ndose los huevones?
Creen que todos son imbÃ©ciles en Chile?
@TVN @Mega @canal13 @chilevision @todonoticias @CNNChile @LaRedTV @latercera @biobio @thecliniccl @adnradiochile https://t.co/vFoJ5FTNOZ",1384737572593807360,es,0,0,0,0,FALSE,Francisco Vera,Fran_01248,2018-04-15T14:24:30.000Z,"","Directo!!
J. A. Kast presidente de Chile...
Yo #RECHAZO!! ğŸ‘ #ProhibirElComunismo #CongresoRatero

Somos Republicanos! - Ra2MatSg2 Rsv."
