author_id,created_at.x,id,lang,text,public_metrics.retweet_count,public_metrics.reply_count,public_metrics.like_count,public_metrics.quote_count,verified,created_at.y,name,description,url,username
104045896,2021-04-21T02:35:52.000Z,1384697362304602113,es,@vladomirosevic @Mayafernandeza Al fin alguien preocupado por legislar y representar a grupos de interÃ©s. Bien por el Diputado.,0,0,0,0,FALSE,2010-01-12T02:43:04.000Z,Andrea Garcia,"Amante de la vida y de las personas, creo en un futuro justo donde todos seamos pilares de la sociedad.
MBA HRM, France
Psicologa, UDD","",AndreaFGT
104669894,2021-04-21T05:50:44.000Z,1384746404267139072,es,"@Mayafernandeza @GobiernodeChile Hoy el enemigo poderoso, la ciudadanÃ­a, le declara la guerra al tirano infeliz de piÃ±era. Exigimos la destitucion del criminal ahora.",0,0,0,0,FALSE,2010-01-14T01:24:37.000Z,valerius,"","",rdariovalerius
108505897,2021-04-21T02:48:04.000Z,1384700432015110146,es,Allende estarÃ­a con arcadas mirando al PS actual negando acusar a un criminal PiÃ±era @alvaroelizalde @PSChile @iallendebussi @adeurresti @Insulza @Dani_Cicardini @jennyalvarezv @Mayafernandeza @dip_schilling @marcos_ilabaca @TohaGonzalez #Estallido2021 #acusaciÃ³nconstitucional https://t.co/AbTEl2CGez,3,0,3,0,FALSE,2010-01-26T04:18:37.000Z,#Paola ...y mi sueÃ±o el de la foto,"Pinochetistas fuera de acÃ¡âœŠâœŠ fachos no se metan en mis tweet's, detesto las Bio con Curriculum  #GobiernoCriminal  #RenunciaPiÃ±era","",MiPropioMantra
111032669,2021-04-21T03:14:48.000Z,1384707159469010944,es,"@mariseka @Diputados_PC @carmen_hertz @KarolCariola @luiscuellop @Mayafernandeza @jjcc_chile @ValeMirandaCC @PCdeChile @PrensaPCdeChile @RNuevoMundo Desde manaÃ±a todos a acampar afuera del TC pacÃ­ficamente a hacer presiÃ³n Â¡Â¡... No nos moveranÂ¡

Te esperamos Maricel Â¡ https://t.co/tDOKTsSdQS",0,0,0,0,FALSE,2010-02-03T15:47:30.000Z,APRUEBO,ResurrecciÃ³n del pueblo?,"",Guszalo
111032669,2021-04-21T03:14:19.000Z,1384707040451436551,es,"@vladomirosevic @Mayafernandeza Desde manaÃ±a todos a acampar afuera del TC pacÃ­ficamente a hacer presiÃ³n Â¡Â¡... No nos moveranÂ¡

Te esperamos Vlado Â¡ https://t.co/blxpvYnM6Q",0,0,0,0,FALSE,2010-02-03T15:47:30.000Z,APRUEBO,ResurrecciÃ³n del pueblo?,"",Guszalo
118511161,2021-04-21T00:55:18.000Z,1384672056088858625,es,"@Mayafernandeza @GobiernodeChile Porque son unos hdp todos , y que harÃ¡n uds ? Cuanta gente debe morir de hambre estar hasta el cuello con deudas para que uds muevan la raja y saquen a este wn ? Uds tambiÃ©n son igual de pencas porque no han podido hacer nada , se salvan solos y mienten , malditos todos uds",0,0,0,0,FALSE,2010-02-28T22:37:34.000Z,Alexis Guerra,"aprendiz de bajista , papÃ¡ enamorado de mis dos hijos .",https://t.co/ib624EtCzw,aleguerracata
1186749143928193031,2021-04-21T01:17:56.000Z,1384677748782911488,es,"@Mayafernandeza @GobiernodeChile Esperamos una acusaciÃ³n Constitucional como mÃ­nimo. 
OjalÃ¡ esta vez lo hagan.",0,0,0,0,FALSE,2019-10-22T21:00:37.000Z,Francisco San Martin Grunert,Egresado AntropologÃ­a Social U. De Chile. estudioso del Lenguaje y la Cultura. Observador curioso y analÃ­tico.,"",SanGrunert
1191044655875600389,2021-04-21T05:38:15.000Z,1384743263635116032,es,@vladomirosevic @Mayafernandeza Seguro que ahora ğŸ¤·ğŸ» quienes VIVIMOS en Chile tendremos una mejor calidad de vida!,0,0,0,0,FALSE,2019-11-03T17:30:01.000Z,Sergio Urrejola SM,Apestan los que se dedican a tirar mierda: los generales de escritorio y sus soldados virtuales: los amigos de las funas.,"",SmUrrejola
119566412,2021-04-21T02:03:15.000Z,1384689157084270592,es,"@Postnataldeeme1 @MaiteOrsini @KarolCariola @Nora_Cuevas @Mayafernandeza @MarcelaHernando @PepaHoffmann @aracelyleuquen @erikaoliverad @joannaperezolea @Camila_RojasV @PattyRubio13 @nonaossandon Las necesitamos, nuestros bebÃ©s las necesitan, tomen buenas decisiones!!! ğŸ™ğŸ¼",0,0,0,0,FALSE,2010-03-04T01:15:33.000Z,Daniela P.S.,"","",danipriso
1203668753956913152,2021-04-21T01:37:37.000Z,1384682704415989761,es,@Mayafernandeza @vladomirosevic @CamaraCl OjalÃ¡ que los que lo aprueban lo pongan en prÃ¡ctica en sus propias miserables vidas,0,0,0,0,FALSE,2019-12-08T13:33:01.000Z,Margarita Â¯\_( Í¡â›â€¯ÍœÊ– Í¡â›)_/Â¯ ğ•®ğ–†ğ–—ğ–•ğ–Š ğ•¯ğ–ğ–Šğ–’,"â€œğ•ƒğ•– ğ•§ğ• ğ•ª ğ•’ ğ•™ğ•’ğ•”ğ•–ğ•£ ğ•¦ğ•Ÿğ•’ ğ• ğ•—ğ•–ğ•£ğ•¥ğ•’ ğ•¢ğ•¦ğ•– ğ•Ÿğ•  ğ•¡ğ• ğ••ğ•£Ã¡ ğ•£ğ•–ğ•”ğ•™ğ•’ğ•«ğ•’ğ•£â€ (ğ•ğ•šğ•¥ğ•  â„‚ğ• ğ•£ğ•ğ•–ğ• ğ•Ÿğ•–)
#â™¥Rechazoâ™¥2022â™¥
ğ‘ªğ’‚ğ’• ğ‘³ğ’ğ’—ğ’†ğ’“áƒ¦(Â¯`â—•â€¿â—•Â´Â¯) â™«","",GatoGde
1217456593438171137,2021-04-21T02:36:57.000Z,1384697635278397441,es,Excelente @Claudia_Mix hay que sacar al maldito del poder ojala los PS y DC APOYARÃN @Mayafernandeza @danielverdessi @Dani_Cicardini @joannaperezolea https://t.co/rfTLEAyoBQ,0,0,0,0,FALSE,2020-01-15T14:40:57.000Z,Ariel Alonso NÃºÃ±ez araya,Firme por @la_convergencia convergencia social lo mejor  pero para que los fachos  entiendan cada cosa que opino es opiniÃ³n mÃ­a no de la convergencia,"",ArielAlonsonuar
1248981110593409026,2021-04-21T00:43:36.000Z,1384669112442425348,es,"@Mayafernandeza @GobiernodeChile Muy Dama su declaraciÃ³n.

Lejos, muy lejos del REAL sentir ciudadano, de quienes no ganan sus millone$...
Sector polÃ­tico de OposiciÃ³n se pone las pilas, o tb serÃ¡n arrastrados por el movimiento social QUE SE VIENE.....",2,0,3,0,FALSE,2020-04-11T14:29:03.000Z,Fernando,"Floridano,Clase Media olvidada. 
PÃ©simo PiÃ±era II. Me inclino AHORA x ideas Centro Izquierda. Ofensivos los bloqueo. 
#Nueva ConstituciÃ³n ğŸ‡¨ğŸ‡±","",Fernand25825606
1257853091791151104,2021-04-21T00:59:40.000Z,1384673154723942402,es,@vladomirosevic @Mayafernandeza Felicitaciones!!! Gran paso!!,0,0,0,0,FALSE,2020-05-06T02:02:18.000Z,Alicatito,El perrito es de la abuelita,"",Alicatito1
1263113388298625026,2021-04-21T02:13:40.000Z,1384691777135915011,es,@PSPenalolen @LyaGonzalez1 @Concejalmfierro @PSChile @PScomunicacion1 @ConcejalesPaula @Mayafernandeza @ConcejalesPS @carlosmontestwt @RmMujeres @JS_Chile @jccantuarias @OORyanO1 PS la nueva DC,0,0,1,0,FALSE,2020-05-20T14:24:49.000Z,KENOSILVA,"","",KENOSILVA13
1269655869538607110,2021-04-21T02:48:41.000Z,1384700589083344898,und,@vladomirosevic @Mayafernandeza https://t.co/a3B0ho5r0Z,0,0,0,0,FALSE,2020-06-07T15:42:19.000Z,Vanessa vega,"Nutricionista Universidad de Chile Dip Diabetes PUC ğŸŒ¾

Esposa, madre, abuela, libre pensadora que sueÃ±a con un paÃ­s mÃ¡s justo para todos los niÃ±os.","",BebaVegaN
1290760420941275139,2021-04-21T01:02:00.000Z,1384673739896414208,es,@Mayafernandeza @EstacionSin @GobiernodeChile Hoy es Schiling jefe de bancada PS que hace de escudero de PiÃ±era.,0,0,0,0,FALSE,2020-08-04T21:24:33.000Z,Bruno,terapeuta /bolchevique/latinoamericano,"",BrunoFelipeO9
1298699523942952967,2021-04-21T04:31:07.000Z,1384726366613123074,es,"@Mayafernandeza @GobiernodeChile Y tu partido no apoyarÃ¡ la AcusaciÃ³n Constitucional contra PiÃ±er4?
Y tÃº tb te cuadras?",0,0,1,0,FALSE,2020-08-26T19:11:32.000Z,Pamela Ramirez,Apruebo+CC+NC otra vez reciclando mi cuenta. Me bajaron otra vez pero me vuelvo a levantar!,"",APRUEBO_CC_NC
1310407477343727616,2021-04-21T03:34:01.000Z,1384711998118809601,es,"ğŸš¨maÃ±ana, porque necesitamos su voto?ğŸ™ğŸ™
@maiteorsini
@karolCariola
@nora_cuevas @MayaFernandeza
@marcelaHernando
@PepaHoffmann
@aracelyleuquen
@erikaoliverad
@joannaperezolea
@Camila_RojasV
@pattyRubio13
@nonaossandon
@vtroncosoht #90DÃ­asNoSonSuficientes #PostnatalDeEmergencia https://t.co/ffDu0uyD5i",0,0,0,0,FALSE,2020-09-28T02:34:57.000Z,Tatiana Aro,mi hijo es mi vida,"",aro_tatiana
1310407477343727616,2021-04-21T03:33:26.000Z,1384711852324687874,es,"Estimadas diputadas pedimos apoyo en la votaciÃ³n de la extensiÃ³n del #PostnatalDeEmergencia que se votarÃ¡ el dÃ­a miÃ©rcoles. Necesitamos proteger a nuestros bebÃ©s de esta pandemia #90diasnosonsuficiente 
@PepaHoffmann 
@karolCariola
@nora_cuevas @MayaFernandeza
@MarcelaHernando",0,0,0,0,FALSE,2020-09-28T02:34:57.000Z,Tatiana Aro,mi hijo es mi vida,"",aro_tatiana
1313628095451193344,2021-04-21T00:47:14.000Z,1384670026624602112,es,"@mariseka @Diputados_PC @PCdeChile @ValeMirandaCC @daniel_nunez_a @jjcc_chile @carmen_hertz @boris_barrera @DiputadoMoraga @Mayafernandeza @carolamarzan Todas estas mierdas tienen interesas creados en las afp PiÃ±ata se debe estar riendo de todos porque se siente triunfante,tanta gente que se tiene que salvar sola porque el gobierno no los califica en una ficha social,al final todos son hipÃ³critas.",0,0,0,0,FALSE,2020-10-06T23:52:16.000Z,Dinamitha2021,ğŸŒ¿ğŸŒ¿ğŸŒ¿ğŸŒ¿âœ¨âœ¨âœ¨,"",dinamitha2021
1318282730346524673,2021-04-21T02:52:28.000Z,1384701539764350976,es,"@Mayafernandeza @GobiernodeChile Parece que los diputados tampoco, de hecho la bancada traicionera y arrastrada socialista rechazo la #AcusacionConstitucionalAPiÃ±eraAhora no se hagan los larry",0,0,0,0,FALSE,2020-10-19T20:08:10.000Z,Luis8Santos,"Zurdo, Apruebo convenciÃ³n constituyente sin nosotros NO hincha de la Gloriosa Universidad de Chile PROABORTO LIBRE
PALESTINA LIBRE
#JADUEPRESIDENTE","",luis8_251
1321974986287042561,2021-04-21T01:20:39.000Z,1384678435088388097,es,"Sras. Diputadas @maiteorsini
@karolCariola
@nora_cuevas @MayaFernandeza
@marcelaHernando
@PepaHoffmann
@aracelyleuquen
@erikaoliverad
@joannaperezolea
@Camila_RojasV
@pattyRubio13
@nonaossandon
@vtroncosoh
La extensiÃ³n del #PostnatalDeEmergencia es URGENTE
NO QUEREMOS RENUNCIAR",3,0,3,0,FALSE,2020-10-30T00:40:05.000Z,Maritza Villamizar,MamÃ¡ de 2,"",Maritza89017285
1324081102194135044,2021-04-21T02:15:11.000Z,1384692157462810626,und,@Mayafernandeza @GobiernodeChile https://t.co/oyuMg2DHUA,0,0,0,0,FALSE,2020-11-04T20:09:24.000Z,Pamela Apruebo CC Renuncia PiÃ±era,"Libertad a los Presos Politicos
Asamblea Constituyente
Estado Plurinacional
Congreso Unicameral
Democracia Directa
Renuncia PiÃ±era","",PamelaApruebo
1342897793422209025,2021-04-21T03:13:31.000Z,1384706836721541121,es,@Mayafernandeza @JaimeColomaT @GobiernodeChile Que esperan para sacarlo de la presidencia hasta cuando ponganse firmes,0,0,0,0,FALSE,2020-12-26T18:19:51.000Z,Ken,leer,"",Kone60204306
1350219700488302593,2021-04-21T02:49:42.000Z,1384700843526664193,es,"@Postnataldeeme1 @MaiteOrsini @KarolCariola @Nora_Cuevas @Mayafernandeza @MarcelaHernando @PepaHoffmann @aracelyleuquen @erikaoliverad @joannaperezolea @Camila_RojasV @PattyRubio13 @nonaossandon Por favor nuestros bebÃ©s lo necesitan!!! @MaiteOrsini @KarolCariola @erikaoliverad
#90diasnosonsuficientes #postnataldeemergencia",0,0,0,0,FALSE,2021-01-15T23:20:04.000Z,Viviana,"Emily, Matilda, Ãlvarito â¤ï¸","",Viviana66397231
1354212314174644225,2021-04-21T01:50:18.000Z,1384685895375331329,tr,@MillaresJoaquin @vladomirosevic @Mayafernandeza azEcIn0s azEcin0s ğŸ˜”ğŸ˜”ğŸ˜” https://t.co/VBdsUOv3UD,0,0,0,0,FALSE,2021-01-26T23:40:21.000Z,â‡¢ Ë—ËË‹ êœ±á´€êœ±Êœá´€ Ê™ÊŸá´á´œêœ±á´‡,"El amor de mi vida es la comid- digo nicolo.ğŸ‘‰ğŸ‘ˆ


















Compartiendo icon con @chica_manina uwu.","",SleepyXuni
1354212314174644225,2021-04-21T01:47:06.000Z,1384685089171386369,und,@PabloRadomiro @vladomirosevic @Mayafernandeza XD,0,0,0,0,FALSE,2021-01-26T23:40:21.000Z,â‡¢ Ë—ËË‹ êœ±á´€êœ±Êœá´€ Ê™ÊŸá´á´œêœ±á´‡,"El amor de mi vida es la comid- digo nicolo.ğŸ‘‰ğŸ‘ˆ


















Compartiendo icon con @chica_manina uwu.","",SleepyXuni
135599487,2021-04-21T02:23:59.000Z,1384694374206873600,es,@Mayafernandeza @GobiernodeChile PiÃ±era acaba de prender la mecha,0,0,0,0,FALSE,2010-04-21T19:25:00.000Z,ricardo jorge gaete,"","",rigaete
135599487,2021-04-21T01:17:21.000Z,1384677601919135746,es,@mariseka @Diputados_PC @carmen_hertz @KarolCariola @luiscuellop @Mayafernandeza @jjcc_chile @ValeMirandaCC @PCdeChile @PrensaPCdeChile @RNuevoMundo PiÃ±era acaba de prender la mecha,0,0,0,0,FALSE,2010-04-21T19:25:00.000Z,ricardo jorge gaete,"","",rigaete
1367969808340418560,2021-04-21T01:16:21.000Z,1384677354161770497,es,"#Cacerolazo
Sras. Diputadas @maiteorsini
@karolCariola
@nora_cuevas @MayaFernandeza
@marcelaHernando
@PepaHoffmann
@aracelyleuquen
@erikaoliverad
@joannaperezolea
@Camila_RojasV
@pattyRubio13
@nonaossandon
@vtroncosoh
La extensiÃ³n del #PostnatalDeEmergencia 
NO QUEREMOS RENUNCIAR https://t.co/GP97vnC7nk",0,0,0,0,FALSE,2021-03-05T22:46:41.000Z,Mamylore,"","",Mamylore1
1367969808340418560,2021-04-21T01:14:47.000Z,1384676956734689288,und,"#Cacerolazo   #postnataldeemergencia  #90diasnosonsuficientes @nonaossandon @erikaoliverad @vtroncosoh @aracelyleuquen
@Mayafernandeza @GaelDiputada
@MaiteOrsini https://t.co/RZHztVB2Xl",0,0,0,0,FALSE,2021-03-05T22:46:41.000Z,Mamylore,"","",Mamylore1
1374014054331789318,2021-04-21T02:17:33.000Z,1384692754098307073,es,"@Mayafernandeza QUIÃ‰N O QUÃ‰ PARTIDO, SEGUIRÃ APOYANDO A PIÃ‘ERA y ESTÃN DISPUESTOS A ""UNDIRSE"" CON Ã‰L Y SU GOBIERNO 
DESACREDITADO, ODIODO CADA DÃA MÃS,
""HOY APOYARLO ES UN SUICIDIO POLÃTICO""
PORQUE PERDERÃN VOTOS Y CREDIBILIDAD
EL PUEBLO NO PERDONARÃ!",0,0,0,0,FALSE,2021-03-22T15:04:55.000Z,ValeriağŸ˜œ,"","",Valeria08925319
1376934643228930053,2021-04-21T03:55:38.000Z,1384717435580952581,en,@swagbucks_14 @virtugranabr @leomarysnn @cryptowriter_ @CryptoFinney @may @Mayafernandeza Looking for people to do some paid surveys. Quick application if you are interested:,0,0,0,0,FALSE,2021-03-30T16:29:52.000Z,30SecondSurvey,We love marketing! Take 30 seconds to do a survey and earn a couple bucks.,https://t.co/tpiCaFSFrc,3Survey
1377776472891531267,2021-04-21T02:27:48.000Z,1384695334660624392,es,@Postnataldeeme1 @MaiteOrsini @KarolCariola @Nora_Cuevas @Mayafernandeza @MarcelaHernando @PepaHoffmann @aracelyleuquen @erikaoliverad @joannaperezolea @Camila_RojasV @PattyRubio13 @nonaossandon @vtroncosoh Queremos nuestro 10% y posnataldeemergecia por que 90 dÃ­as no es suficiente mujeres trabajadoras perdimos nuestros trabajos por proteger las vidas de nuestros hijo@s no mÃ¡s mujeres cesantes.,0,0,0,0,FALSE,2021-04-02T00:15:21.000Z,Rosa Pedrero,Nunca me doy por vencida,"",RosaPedrero1
1379792238037889029,2021-04-21T01:04:48.000Z,1384674444128538625,es,"@mariseka @Diputados_PC @carmen_hertz @KarolCariola @luiscuellop @Mayafernandeza @jjcc_chile @ValeMirandaCC @PCdeChile @PrensaPCdeChile @RNuevoMundo Marisela el piÃ±era quiere agarrar para el leseo al pueblo , yo con el bono BCM que supuestamente recibirÃ­a queria cambiarle el computador a mi hijo , el que tiene ya esta malo ğŸ˜”.
Pero no importa , ahora acusaciÃ³n constitucional contra este maÃ±oso del gobierno.",0,0,0,0,FALSE,2021-04-07T13:44:53.000Z,FabiÃ¡n,soy directo no me gusta aparentar lo que no soy,"",gonzalolitina
1383937479946903558,2021-04-21T02:02:01.000Z,1384688845854236672,es,@PSPenalolen @Concejalmfierro @PSChile @PScomunicacion1 @ConcejalesPaula @Mayafernandeza @ConcejalesPS @carlosmontestwt @RmMujeres @JS_Chile @jccantuarias @OORyanO1 Esos carros en seis meses estarÃ¡n  detenidos por falta de combustible... AhÃ­ quedan tirados como otros juguetes.,0,0,0,0,FALSE,2021-04-19T00:16:36.000Z,Chile Emerge,"tu abrazo estarÃ¡ conmigo,
venceremos a la muerte,
a la muerte venceremos,
venceremos a la muerte...","",ChileEmerge
1437141457,2021-04-21T01:04:35.000Z,1384674392945344514,es,"@g_medinaf @MiguelCrispiS @Mayafernandeza Haber si bien el tweet en cuestion pide sacar la palabra asesinato, entiendo que es por el proyecto eutanasia que Bobadilla y UDI intentan hechar abajo. Yo creo que una persona que estÃ© sufriendo por alguna enfermedad terminal puede y debe decidir si sigue viviendo.",0,0,0,0,FALSE,2013-05-18T01:33:05.000Z,Leonidas Psijas,"","",LPsijas
144280948,2021-04-21T03:11:42.000Z,1384706379068362752,es,@Mayafernandeza @JaimeColomaT @GobiernodeChile Jajaja el pueblo clama que entreguen toda la plata de la afp antes que se la roben en la nueva constituciÃ³n.,0,0,0,0,FALSE,2010-05-15T20:57:19.000Z,RoBoT ğŸ˜‚ğŸ˜‚ğŸ˜‚,"","",rodrigopachecor
1463713873,2021-04-21T01:02:57.000Z,1384673979626102784,und,@gabrielboric @danieljadue @PamJiles @ProvosteYasna @RenatoGarinG @MiguelCrispiS @ncastilo @Mayafernandeza @marcos_ilabaca @gonzalowinter @KarolCariola @camila_vallejo @pablovidalrojas @Muletjaime @GiorgioJackson @KarimBianchi https://t.co/1yrn8VWLYK,0,0,0,0,FALSE,2013-05-28T03:04:51.000Z,Rodrigo CÃ¡rcamo H,"","",rod_icasa
149680291,2021-04-21T01:28:11.000Z,1384680330225983489,es,"@vladomirosevic @Mayafernandeza Vlado , en medio de tanta tragedia , felicitaciones por la iniciativa .... por la constancia y el esfuerzo puesto en este tema.",0,0,0,0,FALSE,2010-05-29T23:17:44.000Z,Alex Leiton,"","",alexgenchi
14989742,2021-04-21T04:09:27.000Z,1384720915087380480,und,@felipeurrejolar @Mayafernandeza ğŸ¤£ğŸ¤£ğŸ¤£,0,0,0,0,FALSE,2008-06-03T05:42:01.000Z,Vlado Mirosevic Verdugo,"Diputado x Arica y Parinacota. Nieto de migrantes. Miembro @Liberales_Chile. Librepensador. Intereses: historia, antipoesÃ­a y democracia. vmirosevic@gmail.com",https://t.co/1MtdnJE1Jr,vladomirosevic
157876947,2021-04-21T04:00:07.000Z,1384718565337673735,in,"@coinbotcards @leomarysnn 4q2qw.wam
@Mayafernandeza @may",0,0,0,0,FALSE,2010-06-21T04:04:48.000Z,A_14,A_14,"",swagbucks_14
157876947,2021-04-21T03:59:12.000Z,1384718334210584576,in,"@hiddengemsnft @leomarysnn 4q2qw.wam
@may @Mayafernandeza @ElenisOrtizA",0,0,0,0,FALSE,2010-06-21T04:04:48.000Z,A_14,A_14,"",swagbucks_14
157876947,2021-04-21T03:49:47.000Z,1384715965846413312,in,"@NiftyWizards @leomarysnn 4q2qw.wam
@may 
@Mayafernandeza 
@ElenisOrtizA",0,0,0,0,FALSE,2010-06-21T04:04:48.000Z,A_14,A_14,"",swagbucks_14
157876947,2021-04-21T03:54:55.000Z,1384717254911307776,in,"@GraffitiKINGS @leomarysnn @DontBuyMeme 4q2qw.wam
@may @Mayafernandeza @ElenisOrtizA https://t.co/Wz1Zdu7miZ",0,0,0,0,FALSE,2010-06-21T04:04:48.000Z,A_14,A_14,"",swagbucks_14
157876947,2021-04-21T03:53:40.000Z,1384716942733422592,in,@tidbyts @leomarysnn 4q2qw.wam @may @Mayafernandeza @ElenisOrtizA,0,0,0,0,FALSE,2010-06-21T04:04:48.000Z,A_14,A_14,"",swagbucks_14
157876947,2021-04-21T03:52:56.000Z,1384716759308066816,in,"@virtugranabr @leomarysnn @cryptowriter_ @CryptoFinney @may
@Mayafernandeza 
4q2qw.wam",0,1,0,0,FALSE,2010-06-21T04:04:48.000Z,A_14,A_14,"",swagbucks_14
157876947,2021-04-21T03:48:20.000Z,1384715600631631872,in,"@StabbyQuack @leomarysnn 4q2qw.wam
@may
@Mayafernandeza 
@ElenisOrtizA",0,0,0,0,FALSE,2010-06-21T04:04:48.000Z,A_14,A_14,"",swagbucks_14
157888221,2021-04-21T02:53:35.000Z,1384701823240577025,es,"@vladomirosevic @Mayafernandeza Por si no lo sabÃ­an, los apellidos de la polÃ­tica tienen los escaÃ±os asegurados desde el 1810.

https://t.co/lCD81gioCl

Ayuden a pasar la info.",0,0,0,0,FALSE,2010-06-21T04:52:19.000Z,gtbach,Quiero amarte cÃ³mo me amas. Gracias madre tierra! ğŸ¤—,"",gtbach
1599829538,2021-04-21T02:00:58.000Z,1384688582363844609,es,"@PSPenalolen @Concejalmfierro @PSChile @PScomunicacion1 @ConcejalesPaula @Mayafernandeza @ConcejalesPS @carlosmontestwt @RmMujeres @JS_Chile @jccantuarias @OORyanO1 Ajjajaja la wea penca, y todas las comunas compran carros policiales y no son de los pacos los carros, son del municipio, este tipejo no representa a peÃ±alolen es un weon amariconao igual que tu perfil, espero que no vuelva a salir como concejal ningÃºn aporte.",0,0,1,0,FALSE,2013-07-17T02:36:19.000Z,ANDRÃ‰S MCGRAY,"TENGO 33 DETESTO LAS DROGAS,ğŸ‘NO TOMO-FUMO, ME ENOJA LA BASURA EN LA CALLE,NO VIVO EN UNA BURBUJA,ğŸ’ªğŸš¶âœˆï¸ğŸš´ğŸ¼ğŸ±,LIBRE PENSADOR,RT LO QUE ME GUSTA,Y ME IMPORTA,","",harmmcgrey
160097227,2021-04-21T03:06:41.000Z,1384705118898114565,es,"@mickwo @Gus44062121 @vladomirosevic @Mayafernandeza Entiendo y q feliz por ella, pero siempre debe haber alternativas, a mi en lo personal me gustarÃ­a irme apenas empiece a desconectarme y me da tranquilidad esa decisiÃ³n, por eso es importante q esta ley considere otras enfermedades. Tener oportunidad de elegir una muerte digna.",0,0,2,0,FALSE,2010-06-27T05:12:59.000Z,Paola Seguel,"El amor no necesita ser perfecto, necesita ser verdadero...
El amor no duele, no es sacrificarse...","",paolaseguel
177038366,2021-04-21T04:53:07.000Z,1384731903073394689,es,"ğŸš¨maÃ±ana, porque necesitamos su voto?ğŸ™ğŸ™
@maiteorsini
@karolCariola
@nora_cuevas @MayaFernandeza
@marcelaHernando
@PepaHoffmann
@aracelyleuquen
@erikaoliverad
@joannaperezolea
@Camila_RojasV
@pattyRubio13
@nonaossandon
@vtroncosoht #90DÃ­asNoSonSuficientes #PostnatalDeEmergencia https://t.co/epuqdNZy8q",0,0,0,0,FALSE,2010-08-11T02:45:25.000Z,Gabriela Paz,"#extencionpostnataldeemergencia
#leydealergias","",Gabriela_Phaz
180227114,2021-04-21T02:11:07.000Z,1384691133624856578,es,"@paolaseguel @Gus44062121 @vladomirosevic @Mayafernandeza Conozco una persona con Alzheimer y ella vive feliz en su mundo , no sufre para nada , la eutanasia es para gente que sufre dolores inmensos no para que los familiares se quiten cachos de encima",0,1,0,0,FALSE,2010-08-19T03:22:20.000Z,Mickwo,"MagÃ­ster en IngenierÃ­a de Software, fanÃ¡tico de series y peliculas de terror, el futbol, la lucha libre y videojuegos.","",mickwo
183273981,2021-04-21T02:16:27.000Z,1384692477639147523,es,@baradit @Mayafernandeza @vladomirosevic @ceciliaheyder Que emociÃ³n ğŸ˜”,0,0,1,0,FALSE,2010-08-26T16:06:14.000Z,nivia plaza,micro-empresaria.,"",niviaoltra
18571240,2021-04-21T02:47:47.000Z,1384700363496988673,es,@Mayafernandeza @vladomirosevic @CamaraCl OjalÃ¡ sigan a avanzando con el proyecto. Vamos que se puede ğŸ’ª,0,0,3,0,FALSE,2009-01-03T02:52:25.000Z,lobitachilena,Una lobita que busca su manada,"",lobitachilena
186929092,2021-04-21T03:23:49.000Z,1384709428549758977,und,@Mayafernandeza @JaimeColomaT @GobiernodeChile https://t.co/Ws4MdJjDU4,0,0,0,0,FALSE,2010-09-04T19:57:16.000Z,tomas soto,"","",tomaxo2012
203738118,2021-04-21T01:15:48.000Z,1384677212444635137,es,@Mayafernandeza @GobiernodeChile Hagan algo entonces,0,0,0,0,FALSE,2010-10-17T00:51:44.000Z,Sol Rojas,"TÃ­a de tres sobrinos hermosos Diego,  AgustÃ­n y Emiliano, hoy en colegios maÃ±ana quien sabe, apruebo un futuro mejor","",Profe_sole
207741909,2021-04-21T05:11:44.000Z,1384736589817974784,es,Felicitaciones @vladomirosevic @Mayafernandeza y todos y todas!!! https://t.co/118iWI54A3,5,0,20,1,FALSE,2010-10-25T23:22:35.000Z,Gabriel Alemparte,"Abogado, Derecho PÃºblico y regulatorio, Master Ciencia PolÃ­tica. 100% ejercicio profesional. Escribo @entrepiso_cl ejerzo en https://t.co/RX6b2rclkY",https://t.co/RX6b2rclkY,jgalemparte
210691848,2021-04-21T01:26:06.000Z,1384679806676217856,es,@Gus44062121 @paolaseguel @vladomirosevic @Mayafernandeza Demencia con Cuerpos de Lewy tambiÃ©n y cada vez afectando en demasÃ­a a nuestros adultos mayores,0,0,1,0,FALSE,2010-11-01T02:52:12.000Z,MarcellğŸ¥,"Comunicadora Audiovishual, UCV TV, Canal 13, QBC, GO Estudio TV, FPP Chile, CinemacciÃ³n, Tele5 HD ğŸƒğŸ­ğŸ¨
ğŸŒˆPatipelÃ¡ infiltrada viviendo en el barrio altoğŸŒˆ",https://t.co/8U8qxPUnbF,Marce_FPS
217242419,2021-04-21T02:28:56.000Z,1384695620460597248,es,"@vladomirosevic @Mayafernandeza Hola, donde la puedo leer?.",0,1,0,0,FALSE,2010-11-18T23:51:27.000Z,Bernardita Paola,"Asistente Social, Licenciada en Trabajo Social, MBA de EspecializaciÃ³n en Salud.","",Bernyvalero
2295093660,2021-04-21T01:56:33.000Z,1384687470877581313,es,@vladomirosevic @Mayafernandeza Felicidades gran avance en chile,0,0,0,0,FALSE,2014-01-16T22:21:55.000Z,CristÃ³bal MatÃ­as,"ğŸ—£ Persistir, Resistir, Insistir. âš– Derecho. ğŸ’¬ Persona. ğŸ¥‹ Todo es polÃ­tica","",Cristobal_Vaca
2389937708,2021-04-21T03:15:20.000Z,1384707296702390276,es,"@vladomirosevic @Mayafernandeza Por quÃ© celebran?
PiÃ±era y sus compinches del TC no podrÃ­an acaso bloquear el proyecto con el argumento de que CPR se compromete a proteger el derecho a la vida?

Yo estoy a favor de la eutanasia, pero celebren cuando la ley sea promulgada, no antes.",0,0,0,0,FALSE,2014-03-14T22:13:14.000Z,Es ARANEDA. No Aravena ni Aranda ğŸ˜ ,"Sin la mÃºsica, los libros y el cine no serÃ­a feliz.
Me gustan + losğŸ± que los ğŸ¶ .
Siempre de izquierda. 
Ser correcto y honrado siempre ha sido mi camino.","",tovarash13
2736632361,2021-04-21T01:04:08.000Z,1384674279351070722,es,"@Mayafernandeza @VeroProgreAC @GobiernodeChile Tiene que hacerlo para que cuando la gente se jubilen, no culpen a este gobierno de que no tiene plata para las pensiones",0,1,1,0,FALSE,2014-08-07T22:45:48.000Z,Catalina ğŸ¤”,"#YOLO Trabajo para vivir, no vivo para trabajar. Buena pa retuitear noticias y temas medioambientales :-D .Atenta a lo q pasa en ValparaÃ­so! #TheXFiles me guÃ­a","",Catalina_valpo
2740520278,2021-04-21T00:56:46.000Z,1384672425934303234,es,"@Mayafernandeza @GobiernodeChile Pero su partido estÃ¡ alineado con el gobierno, por eso recurren al TC.
El PS se tiene que hacer cargo de sus actuaciones.",0,0,0,0,FALSE,2014-08-12T03:59:00.000Z,Sergio SÃ¡nchez O.,"Padre, Abuelo, Mi CorazÃ³n Azul a la Izquierda ğŸ’™.","",Sanchez2704O
2859426185,2021-04-21T01:12:41.000Z,1384676431117099014,es,@Catalina_valpo @Mayafernandeza @VeroProgreAC @GobiernodeChile Parece que a ti no te afecta tener una pensiÃ³n mÃ­sera? Los viejos se mueren de hambre!,0,0,2,0,FALSE,2014-11-03T19:59:26.000Z,Julio Mourguet Besoain,80% - Retirado de la vida mundana,"",jmourguetb
294913093,2021-04-21T02:22:00.000Z,1384693874338246657,es,"@paulanarvaezo @vladomirosevic @Mayafernandeza @KarolCariola Paula, si fuera tu Madre le proporcionarias la muerte digna?",0,0,0,0,FALSE,2011-05-08T01:07:08.000Z,Emilio Quintana Alva,Profesor de Filosofia con participacion en todos los niveles de la Educacion y Bombero,"",EmilioQuintan
2974095208,2021-04-21T01:30:46.000Z,1384680980343136257,es,@Postnataldeeme1 @MaiteOrsini @KarolCariola @Nora_Cuevas @Mayafernandeza @MarcelaHernando @PepaHoffmann @aracelyleuquen @erikaoliverad @joannaperezolea @Camila_RojasV @PattyRubio13 @nonaossandon @vtroncosoh CÃ³mo mujeres necesitamos mÃ¡s que nunca de su apoyo...es un llamado desesperado en medio del peor momento de la pandemia para poder cuidar a nuestros bebÃ©s y mantener nuestros trabajos mientras dure la emergencia ğŸ™ğŸ™ğŸ™ #PostnatalDeEmergencia,1,0,1,0,FALSE,2015-01-12T03:08:13.000Z,Josy_Josita âœŒ,MujerğŸŒŸMadreğŸŒŸEmprendedorağŸŒŸAmante del marğŸŒŸLa naturalezağŸŒŸLos animales y el cuidado del medio ambienteğŸ’šâ™»ğŸ¾Twitter  @NgenKullinâ¡Instagramâ¬‡ @ngenkullin.mascotas,https://t.co/bdLGcmsjk7,josy_josita
3043083526,2021-04-21T01:42:22.000Z,1384683900799234053,es,@Mayafernandeza No he sentido nada??.. Ã©ntrate Maya !!,0,0,0,0,FALSE,2015-02-17T17:09:05.000Z,Luis Aldunate,...una persona que confÃ­a que el sentido comÃºn se anteponga a los apasionamientos polÃ­ticos para hacer crecer a Chile.. manejando por la derecha,"",aldunate_b
33103432,2021-04-21T01:51:44.000Z,1384686256295235584,es,@Mayafernandeza @GobiernodeChile Destituirlo es el objetivo.,0,0,0,0,FALSE,2009-04-19T02:43:07.000Z,Al Final del TÃºnel â„¢,"De a pie, crÃ­tico y creador. Ù„ÙŠÙˆÙ†Ø§Ø±Ø¯Ùˆ",http://t.co/SestPR4vec,lvera50
3318914699,2021-04-21T02:31:16.000Z,1384696207583465473,es,"@claudtwit @Mayafernandeza @vladomirosevic @CamaraCl Asesinar nunca es DIGNIDAD!!!

No MAS MARXISMO EN CHILE!!
GENTE LLENA DE MALDAD!!",0,0,0,0,FALSE,2015-06-11T13:00:22.000Z,Clara Pinilla Jimene,"","",1962_pinilla
3318914699,2021-04-21T02:30:22.000Z,1384695978935169028,es,"@El_Pingoro @Mayafernandeza @vladomirosevic @CamaraCl Matar y ASESINAR NUNCA ES DIGNIDAD!!!
SE LLAMA HOMICIDIO! ! 

NO MAS MARXISMO EN CHILE!!",0,0,0,0,FALSE,2015-06-11T13:00:22.000Z,Clara Pinilla Jimene,"","",1962_pinilla
3318914699,2021-04-21T02:29:22.000Z,1384695725443977216,es,@Misfits_Fox @Mayafernandeza @vladomirosevic @CamaraCl NO MAS MARXISMO!!,0,0,0,0,FALSE,2015-06-11T13:00:22.000Z,Clara Pinilla Jimene,"","",1962_pinilla
3318914699,2021-04-21T02:28:35.000Z,1384695530434048002,es,"@Mayafernandeza @vladomirosevic @CamaraCl NO MAS MARXISMO!  

DEJEN DE DESTRUIR LOS VALORES Y PRINCIPIOS BASICOS DE LA VIDA.

Respeten LA VIDA!!!",0,0,0,0,FALSE,2015-06-11T13:00:22.000Z,Clara Pinilla Jimene,"","",1962_pinilla
336150778,2021-04-21T01:37:58.000Z,1384682792253067264,es,@vladomirosevic @Mayafernandeza Se graduÃ³ de â€œDonâ€ Aplausos ğŸ‘ğŸ¼ Don Vlado!,0,1,0,0,FALSE,2011-07-15T20:35:31.000Z,Felipe Urrejola,"Ingeniero, fui independiente laboral Me gustaba seguir extremistas de derecha e izquierda, ya no :( Padre de dos y de la UC. VW ya no es lo que era, Go Japan!","",felipeurrejolar
351147926,2021-04-21T02:52:00.000Z,1384701421837246464,es,@elmostrador Deben apoyar la acusaciÃ³n @diputadorocaful @Dani_Cicardini @Juan_SantanaC @raulsaldivarps @dip_schilling @Mayafernandeza @RaulLeiva @LeoSotoChile @DoctorJLCastro @diputadonaranjo @gastonsaavedra @TohaGonzalez @DiputadoMonsalv @marcos_ilabaca @fideldiputado @DEmiliaNuyadoğŸ™,0,0,0,0,FALSE,2011-08-08T21:18:20.000Z,Jorge Hermosilla Rojas #Apruebo,"25 aÃ±osğŸˆAudax ItalianoğŸ‡®ğŸ‡¹ Profesor biologÃ­a y quÃ­mica @uchile, presidente Centro estudiantes Ciencias 2020-21 ğŸ“— Penquista en Santiago âš½ï¸ğŸŒˆ","",JorgeIgnacio15
379875590,2021-04-21T00:54:28.000Z,1384671844146556931,es,"@Mayafernandeza @PApruebo @GobiernodeChile Si no apoya con #AcusacionConstitucionalAPiÃ±eraAhora no estorbe 
El resto es solo palabras, la especialidad de la oposiciÃ³n",0,0,0,0,FALSE,2011-09-25T18:15:59.000Z,PatricioPlebeyo,"NacÃ­, comÃ­, me reproduje y morirÃ©...","",patoarbustin
38065049,2021-04-21T00:54:15.000Z,1384671790547537921,es,@Mayafernandeza @GobiernodeChile Estamos solos,0,0,0,0,FALSE,2009-05-06T00:28:38.000Z,pğŸ,...But to feel nothing so as not to feel anything - what a waste.,"",priquel
385518438,2021-04-21T01:09:47.000Z,1384675701157244930,es,@Mayafernandeza @GobiernodeChile Diputados y senadores suelten los celulares y destituyan a ese wn incompetente.,0,0,0,0,FALSE,2011-10-05T16:57:37.000Z,Ideologikmente Falso,"Tengo la carne joven, roja la sangre y soy hijo de la raza indÃ³mita.","",xtrange_day
392412652,2021-04-21T04:01:04.000Z,1384718803167240192,es,@Mayafernandeza @JaimeColomaT @GobiernodeChile Menos bla bla y actÃºen de una vez por todas.. QuÃ© esperan? ğŸ˜¡,0,0,0,0,FALSE,2011-10-17T00:30:40.000Z,Fran ViÃ±amarina,"","",sagitariovalpo
41629047,2021-04-21T03:16:13.000Z,1384707515984777219,es,"@vladomirosevic @Mayafernandeza Gracias por tu perseverancia Vlado,  muchos apoyamos terminar con el sufrimiento innecesario al final del camino de la vida.",0,0,0,0,FALSE,2009-05-21T17:15:30.000Z,Adri,"Agradecida de las cosas simples de la vida. Orgullosa de mis hijos. #RomÃ¡nticaViajera #Feminista Mente quieta, espalda recta, corazÃ³n tranquilo ğŸ’šğŸ’œ","",Nany48
43780144,2021-04-21T03:08:14.000Z,1384705509178187779,es,@vladomirosevic @Mayafernandeza Gracias â¤,0,0,0,0,FALSE,2009-05-31T23:34:13.000Z,CarmenGloria Jimenez,"44 aÃ±os. Mama de un hijo peludo llamado Rulo, Hija, Hermana, Tia, Amiga. Sibarita. Disfrutando la vida. Adicta a las Micheladas.","",carmengloria76
486530858,2021-04-21T00:57:09.000Z,1384672522122190850,es,"@Mayafernandeza @GobiernodeChile Que difÃ­cil vivir asÃ­, llenos de incertidumbre... Este hombre tan terco. Necesitamos nuestro #tercerRetiroyPiÃ±erapalaCasa",0,0,0,0,FALSE,2012-02-08T11:44:00.000Z,tamara salgado san martin,"","",tamara_ssm
486902713,2021-04-21T02:47:12.000Z,1384700216541122563,es,@Mayafernandeza @Soy_Minera @GobiernodeChile Haga el mea culpa tambiÃ©n. Ustedes han sido como zancudo todos estos aÃ±os que vamos para los 31,0,0,0,0,FALSE,2012-02-08T19:59:52.000Z,Virginia Aguilar G.,"","",VlirginiaA
488607595,2021-04-21T05:25:21.000Z,1384740016115654657,es,"@maiteorsini
@karolCariola
@nora_cuevas 
@MayaFernandeza
@marcelaHernando
@PepaHoffmann
@aracelyleuquen
@erikaoliverad
@joannaperezolea
@Camila_RojasV
@pattyRubio13
@nonaossandon
@vtroncosoh
La extensiÃ³n del #PostnatalDeEmergencia ES URGENTE!! ğŸ“¢ğŸ“¢ https://t.co/n8wtW3JRNz",0,0,0,0,FALSE,2012-02-10T16:52:19.000Z,Vanesa Nicole,"24aÃ±os,  Ing. (E) prevencion de riesgos y lo mas importante,,,Woo !! Amo a mi ColoColo !! :D","",vanenicolezr
50333404,2021-04-21T00:53:46.000Z,1384671668405248002,es,@ceridread @Camara_cl En la fotografÃ­a veo a l@s diputad@s @Mayafernandeza y @vladomirosevic Felicitaciones a ambos.,0,0,3,0,FALSE,2009-06-24T15:21:05.000Z,Patricia Politzer | ZT 70 Constituyente,"Periodista. Candidata a la #ConvenciÃ³nConstitucional por el Distrito 10: San JoaquÃ­n, La Granja, Macul, Ã‘uÃ±oa, Providencia, Santiago #PodemosCambiarChile",https://t.co/ZSq5gauSEE,patriciapolitz
506603786,2021-04-21T01:44:21.000Z,1384684399099273217,es,@Mayafernandeza @GobiernodeChile Siguen respetando la institucionalidad. Muy distinto pero muy diferente.,0,0,0,0,FALSE,2012-02-28T00:10:41.000Z,Juan Antonio Canales,"Turismo,viajes, cultura, 
Contralor Ciudadano (CGR) 
Residente por adopciÃ³n de Puerto Varas.",http://t.co/YHeA98Fkiv,independientepv
517973767,2021-04-21T03:16:42.000Z,1384707640241147906,es,"@Mayafernandeza @JaimeColomaT @GobiernodeChile un gobierno de mierda, que militarizÃ³ esta pandemia, los ricos indolentes, los pobres mÃ¡s pobres y nosotros clase pobre acomodada que no calificamos a nada, viva chile., viva la revoluciÃ³n",0,0,0,0,FALSE,2012-03-07T22:01:06.000Z,gabriel,"","",gl3957
549400071,2021-04-21T02:57:01.000Z,1384702685488861184,und,@Postnataldeeme1 @MaiteOrsini @KarolCariola @Nora_Cuevas @Mayafernandeza @MarcelaHernando @PepaHoffmann @aracelyleuquen @erikaoliverad @joannaperezolea @Camila_RojasV @PattyRubio13 @nonaossandon @vtroncosoh #ExtensionPostnatalDeEmergencia,0,0,0,0,FALSE,2012-04-09T15:33:11.000Z,Darin Osswald,"","",darinosswald
58995323,2021-04-21T01:20:57.000Z,1384678509348593664,es,"Felicitaciones a @Mayafernandeza y @vladomirosevic por su persistencia y convicciÃ³n de impulsar una ley que extiende cuidados paliativos y asiste al final de la vida para morir en paz. Reconocimiento extra al permanente esfuerzo de diÃ¡logo polÃ­tico.
Falta el Senado ahora",1,0,17,0,FALSE,2009-07-22T01:44:42.000Z,MatÃ­as Reeves,"Ni inJeniero (@UChile_Beauchef) ni filÃ³sofo (@LSEPhilosophy) Hoy en @FAOAmericas, y tambiÃ©n en @educacion2020 https://t.co/7B6K8umc82 @balm_artejoven @noneutrales","",MatiasReeves
61516004,2021-04-21T01:15:27.000Z,1384677125035372550,es,"@Mayafernandeza @GobiernodeChile De los mÃ¡s ricos! 
Busquen soluciones para los mÃ¡s pobres, los que realmente necesitan! Ustedes buscan soluciones a los empleados pÃºblicos que nunca han estado sin pega, tienen excelentes sueldos y no los ha tocado la crisis!",0,0,0,0,FALSE,2009-07-30T15:31:32.000Z,Patrick Lazo ğŸ‡¨ğŸ‡±ğŸ‡®ğŸ‡±ğŸ‡ªğŸ‡¸,Ing.Comercial de la U. de Chile y C. Auditor.Licenciado en economÃ­a y auto proclamado candidato presidencial y estoy disponible. Animal PolÃ­tico. Soy del 22%.ğŸ˜‰,"",Politicotirador
710534573797543936,2021-04-21T03:07:53.000Z,1384705418694250503,es,"@vladomirosevic @Mayafernandeza Te felicito Vlado por la insistencia, estas cosas siempre cuestan por la incomprensiÃ³n de mucha gente",0,0,0,0,FALSE,2016-03-17T18:33:38.000Z,Viviana baeza,"vieja de 74  pero vigente, por el apruebo","",BaezaViv
71907265,2021-04-21T02:58:02.000Z,1384702943019024386,es,@Mayafernandeza @vladomirosevic @CamaraCl Por fin!! Se agradece el trabajo para avanzar en un paÃ­s mas digno y mas humanitario @vladomirosevic @Mayafernandeza,0,0,2,0,FALSE,2009-09-05T22:33:15.000Z,Karen,Chile debe y necesita cambiar. Apruebo ConvenciÃ³n Constitucional,"",Kareenpc
72398551,2021-04-21T01:23:06.000Z,1384679049671348225,es,@Mayafernandeza @GobiernodeChile DestituciÃ³n,0,0,1,0,FALSE,2009-09-07T22:23:18.000Z,Bohemio consciente,"""Anhelo porque el deseo estÃ¡ lleno de distancias infinitas""","",elnegropituco
854872237173821440,2021-04-21T02:01:15.000Z,1384688650500313088,es,@viax @Solsol_mom @vladomirosevic @Mayafernandeza @Camara_cl @Senado_Chile Maya.  Y. Vlado. Tienen las ideas. De adolfo@hitler@@. Se. Le olvido. Los descapacitado. Verdugos. El@par de diputados.ğŸ‡®ğŸ‡¹ğŸ‡®ğŸ‡¹,0,0,0,0,FALSE,2017-04-20T01:39:58.000Z,Xeneize,"Bancario, jubilado, con nacionalidad italiana. Hincha de Audax italiano","",leorepettoossa
89979629,2021-04-21T02:27:44.000Z,1384695316528701440,es,@vladomirosevic @Mayafernandeza Esa discusiÃ³n es sÃºper importante hoy.,0,0,0,0,FALSE,2009-11-14T17:26:04.000Z,Luis MuÃ±oz Fuentes,Nacido el 26 de nov de 1973 en San Carlos. Ing. en PrevenciÃ³n de Riesgos.,"",lrodrigo9
902838726,2021-04-21T04:33:53.000Z,1384727062972338177,es,@vladomirosevic @Mayafernandeza Gracias por impulsar esta ley que darÃ¡ derecho al Buen Morir !!!,0,0,0,0,FALSE,2012-10-24T23:52:18.000Z,Cris,Creyente del trabajo y el esfuerzo al 100%.,"",Cristian_tantra
906152629922930689,2021-04-21T02:14:21.000Z,1384691949047799809,und,@Mayafernandeza @GobiernodeChile https://t.co/q87Qu9Smys,0,0,1,0,FALSE,2017-09-08T13:49:57.000Z,Jorge Patipelado #Apruebo,Soy Copiapino y colocolino de corazÃ³n,"",Jvaraszuleta
960263233880973315,2021-04-21T01:31:19.000Z,1384681118583201799,es,"@Mayafernandeza @Diputado2021 @GobiernodeChile Uds tambiÃ©n se hacen los larry, son cÃ³mplices al mantenerlo en el puesto",3,0,5,0,FALSE,2018-02-04T21:26:10.000Z,Julia Rodriguez,"","",JuliaRo76844508
960700051,2021-04-21T02:40:08.000Z,1384698435476000768,es,@Bernyvalero @vladomirosevic @Mayafernandeza Eso mismo estaba buscando,0,0,0,0,FALSE,2012-11-20T15:47:10.000Z,Najib Giacaman,Libre pensador. MÃ©dico de profesiÃ³n.,"",IsraelNajib
99148340,2021-04-21T03:26:55.000Z,1384710209348718592,es,@Mayafernandeza @GobiernodeChile Diputada ! Su firma estÃ¡ o mi estÃ¡ para una acusaciÃ³n constitucional ?,0,0,0,0,FALSE,2009-12-24T18:23:30.000Z,CLAUDIO,apruebo,"",MoncadaclaudioQ
